<?xml version="1.0" encoding="utf-8"?>
<COLLADA xmlns="http://www.collada.org/2005/11/COLLADASchema" version="1.4.1" xmlns:xsi="http://www.w3.org/2001/XMLSchema-instance">
  <asset>
    <contributor>
      <author>Blender User</author>
      <authoring_tool>Blender 3.6.2 commit date:2023-08-16, commit time:16:43, hash:e53e55951e7a</authoring_tool>
    </contributor>
    <created>2024-12-11T23:49:51</created>
    <modified>2024-12-11T23:49:51</modified>
    <unit name="meter" meter="1"/>
    <up_axis>Z_UP</up_axis>
  </asset>
  <library_cameras>
    <camera id="Camera-camera" name="Camera.003">
      <optics>
        <technique_common>
          <perspective>
            <xfov sid="xfov">39.59775</xfov>
            <aspect_ratio>1.777778</aspect_ratio>
            <znear sid="znear">0.1</znear>
            <zfar sid="zfar">100</zfar>
          </perspective>
        </technique_common>
      </optics>
      <extra>
        <technique profile="blender">
          <shiftx sid="shiftx" type="float">0</shiftx>
          <shifty sid="shifty" type="float">0</shifty>
          <dof_distance sid="dof_distance" type="float">10</dof_distance>
        </technique>
      </extra>
    </camera>
    <camera id="Camera_001-camera" name="Camera.005">
      <optics>
        <technique_common>
          <perspective>
            <xfov sid="xfov">39.59775</xfov>
            <aspect_ratio>1.777778</aspect_ratio>
            <znear sid="znear">0.1</znear>
            <zfar sid="zfar">100</zfar>
          </perspective>
        </technique_common>
      </optics>
      <extra>
        <technique profile="blender">
          <shiftx sid="shiftx" type="float">0</shiftx>
          <shifty sid="shifty" type="float">0</shifty>
          <dof_distance sid="dof_distance" type="float">10</dof_distance>
        </technique>
      </extra>
    </camera>
    <camera id="Camera_002-camera" name="Camera.006">
      <optics>
        <technique_common>
          <perspective>
            <xfov sid="xfov">39.59775</xfov>
            <aspect_ratio>1.777778</aspect_ratio>
            <znear sid="znear">0.1</znear>
            <zfar sid="zfar">100</zfar>
          </perspective>
        </technique_common>
      </optics>
      <extra>
        <technique profile="blender">
          <shiftx sid="shiftx" type="float">0</shiftx>
          <shifty sid="shifty" type="float">0</shifty>
          <dof_distance sid="dof_distance" type="float">10</dof_distance>
        </technique>
      </extra>
    </camera>
    <camera id="Camera_003-camera" name="Camera.007">
      <optics>
        <technique_common>
          <perspective>
            <xfov sid="xfov">39.59775</xfov>
            <aspect_ratio>1.777778</aspect_ratio>
            <znear sid="znear">0.1</znear>
            <zfar sid="zfar">100</zfar>
          </perspective>
        </technique_common>
      </optics>
      <extra>
        <technique profile="blender">
          <shiftx sid="shiftx" type="float">0</shiftx>
          <shifty sid="shifty" type="float">0</shifty>
          <dof_distance sid="dof_distance" type="float">10</dof_distance>
        </technique>
      </extra>
    </camera>
    <camera id="Camera_004-camera" name="Camera.009">
      <optics>
        <technique_common>
          <perspective>
            <xfov sid="xfov">39.59775</xfov>
            <aspect_ratio>1.777778</aspect_ratio>
            <znear sid="znear">0.1</znear>
            <zfar sid="zfar">100</zfar>
          </perspective>
        </technique_common>
      </optics>
      <extra>
        <technique profile="blender">
          <shiftx sid="shiftx" type="float">0</shiftx>
          <shifty sid="shifty" type="float">0</shifty>
          <dof_distance sid="dof_distance" type="float">10</dof_distance>
        </technique>
      </extra>
    </camera>
  </library_cameras>
  <library_lights>
    <light id="Light-light" name="Light.005">
      <technique_common>
        <point>
          <color sid="color">1000 1000 1000</color>
          <constant_attenuation>1</constant_attenuation>
          <linear_attenuation>0</linear_attenuation>
          <quadratic_attenuation>0.00111109</quadratic_attenuation>
        </point>
      </technique_common>
      <extra>
        <technique profile="blender">
          <type sid="type" type="int">0</type>
          <flag sid="flag" type="int">0</flag>
          <mode sid="mode" type="int">1</mode>
          <gamma sid="blender_gamma" type="float">1</gamma>
          <red sid="red" type="float">1</red>
          <green sid="green" type="float">1</green>
          <blue sid="blue" type="float">1</blue>
          <shadow_r sid="blender_shadow_r" type="float">0</shadow_r>
          <shadow_g sid="blender_shadow_g" type="float">0</shadow_g>
          <shadow_b sid="blender_shadow_b" type="float">0</shadow_b>
          <energy sid="blender_energy" type="float">1000</energy>
          <dist sid="blender_dist" type="float">29.99998</dist>
          <spotsize sid="spotsize" type="float">75</spotsize>
          <spotblend sid="spotblend" type="float">0.15</spotblend>
          <att1 sid="att1" type="float">0</att1>
          <att2 sid="att2" type="float">1</att2>
          <falloff_type sid="falloff_type" type="int">2</falloff_type>
          <clipsta sid="clipsta" type="float">0.04999995</clipsta>
          <clipend sid="clipend" type="float">30.002</clipend>
          <bias sid="bias" type="float">1</bias>
          <bufsize sid="bufsize" type="int">2880</bufsize>
          <samp sid="samp" type="int">3</samp>
          <buffers sid="buffers" type="int">1</buffers>
          <radius sid="radius" type="float">0.1</radius>
          <area_shape sid="area_shape" type="int">1</area_shape>
          <area_size sid="area_size" type="float">0.1</area_size>
          <area_sizey sid="area_sizey" type="float">0.1</area_sizey>
          <area_sizez sid="area_sizez" type="float">1</area_sizez>
        </technique>
      </extra>
    </light>
    <light id="Light_002-light" name="Light.006">
      <technique_common>
        <point>
          <color sid="color">1000 1000 1000</color>
          <constant_attenuation>1</constant_attenuation>
          <linear_attenuation>0</linear_attenuation>
          <quadratic_attenuation>0.00111109</quadratic_attenuation>
        </point>
      </technique_common>
      <extra>
        <technique profile="blender">
          <type sid="type" type="int">0</type>
          <flag sid="flag" type="int">0</flag>
          <mode sid="mode" type="int">1</mode>
          <gamma sid="blender_gamma" type="float">1</gamma>
          <red sid="red" type="float">1</red>
          <green sid="green" type="float">1</green>
          <blue sid="blue" type="float">1</blue>
          <shadow_r sid="blender_shadow_r" type="float">0</shadow_r>
          <shadow_g sid="blender_shadow_g" type="float">0</shadow_g>
          <shadow_b sid="blender_shadow_b" type="float">0</shadow_b>
          <energy sid="blender_energy" type="float">1000</energy>
          <dist sid="blender_dist" type="float">29.99998</dist>
          <spotsize sid="spotsize" type="float">75</spotsize>
          <spotblend sid="spotblend" type="float">0.15</spotblend>
          <att1 sid="att1" type="float">0</att1>
          <att2 sid="att2" type="float">1</att2>
          <falloff_type sid="falloff_type" type="int">2</falloff_type>
          <clipsta sid="clipsta" type="float">0.04999995</clipsta>
          <clipend sid="clipend" type="float">30.002</clipend>
          <bias sid="bias" type="float">1</bias>
          <bufsize sid="bufsize" type="int">2880</bufsize>
          <samp sid="samp" type="int">3</samp>
          <buffers sid="buffers" type="int">1</buffers>
          <radius sid="radius" type="float">0</radius>
          <area_shape sid="area_shape" type="int">1</area_shape>
          <area_size sid="area_size" type="float">0.1</area_size>
          <area_sizey sid="area_sizey" type="float">0.1</area_sizey>
          <area_sizez sid="area_sizez" type="float">1</area_sizez>
        </technique>
      </extra>
    </light>
    <light id="Light_001-light" name="Light.007">
      <technique_common>
        <point>
          <color sid="color">1000 1000 1000</color>
          <constant_attenuation>1</constant_attenuation>
          <linear_attenuation>0</linear_attenuation>
          <quadratic_attenuation>0.00111109</quadratic_attenuation>
        </point>
      </technique_common>
      <extra>
        <technique profile="blender">
          <type sid="type" type="int">0</type>
          <flag sid="flag" type="int">0</flag>
          <mode sid="mode" type="int">1</mode>
          <gamma sid="blender_gamma" type="float">1</gamma>
          <red sid="red" type="float">1</red>
          <green sid="green" type="float">1</green>
          <blue sid="blue" type="float">1</blue>
          <shadow_r sid="blender_shadow_r" type="float">0</shadow_r>
          <shadow_g sid="blender_shadow_g" type="float">0</shadow_g>
          <shadow_b sid="blender_shadow_b" type="float">0</shadow_b>
          <energy sid="blender_energy" type="float">1000</energy>
          <dist sid="blender_dist" type="float">29.99998</dist>
          <spotsize sid="spotsize" type="float">75</spotsize>
          <spotblend sid="spotblend" type="float">0.15</spotblend>
          <att1 sid="att1" type="float">0</att1>
          <att2 sid="att2" type="float">1</att2>
          <falloff_type sid="falloff_type" type="int">2</falloff_type>
          <clipsta sid="clipsta" type="float">0.04999995</clipsta>
          <clipend sid="clipend" type="float">30.002</clipend>
          <bias sid="bias" type="float">1</bias>
          <bufsize sid="bufsize" type="int">2880</bufsize>
          <samp sid="samp" type="int">3</samp>
          <buffers sid="buffers" type="int">1</buffers>
          <radius sid="radius" type="float">0</radius>
          <area_shape sid="area_shape" type="int">1</area_shape>
          <area_size sid="area_size" type="float">0.1</area_size>
          <area_sizey sid="area_sizey" type="float">0.1</area_sizey>
          <area_sizez sid="area_sizez" type="float">1</area_sizez>
        </technique>
      </extra>
    </light>
    <light id="Light_003-light" name="Light.009">
      <technique_common>
        <point>
          <color sid="color">1000 1000 1000</color>
          <constant_attenuation>1</constant_attenuation>
          <linear_attenuation>0</linear_attenuation>
          <quadratic_attenuation>0.00111109</quadratic_attenuation>
        </point>
      </technique_common>
      <extra>
        <technique profile="blender">
          <type sid="type" type="int">0</type>
          <flag sid="flag" type="int">0</flag>
          <mode sid="mode" type="int">1</mode>
          <gamma sid="blender_gamma" type="float">1</gamma>
          <red sid="red" type="float">1</red>
          <green sid="green" type="float">1</green>
          <blue sid="blue" type="float">1</blue>
          <shadow_r sid="blender_shadow_r" type="float">0</shadow_r>
          <shadow_g sid="blender_shadow_g" type="float">0</shadow_g>
          <shadow_b sid="blender_shadow_b" type="float">0</shadow_b>
          <energy sid="blender_energy" type="float">1000</energy>
          <dist sid="blender_dist" type="float">29.99998</dist>
          <spotsize sid="spotsize" type="float">75</spotsize>
          <spotblend sid="spotblend" type="float">0.15</spotblend>
          <att1 sid="att1" type="float">0</att1>
          <att2 sid="att2" type="float">1</att2>
          <falloff_type sid="falloff_type" type="int">2</falloff_type>
          <clipsta sid="clipsta" type="float">0.04999995</clipsta>
          <clipend sid="clipend" type="float">30.002</clipend>
          <bias sid="bias" type="float">1</bias>
          <bufsize sid="bufsize" type="int">2880</bufsize>
          <samp sid="samp" type="int">3</samp>
          <buffers sid="buffers" type="int">1</buffers>
          <radius sid="radius" type="float">0.1</radius>
          <area_shape sid="area_shape" type="int">1</area_shape>
          <area_size sid="area_size" type="float">0.1</area_size>
          <area_sizey sid="area_sizey" type="float">0.1</area_sizey>
          <area_sizez sid="area_sizez" type="float">1</area_sizez>
        </technique>
      </extra>
    </light>
  </library_lights>
  <library_images/>
  <library_geometries>
    <geometry id="calf_dyn-mesh" name="calf_dyn">
      <mesh>
        <source id="calf_dyn-mesh-positions">
          <float_array id="calf_dyn-mesh-positions-array" count="8976">0.01274198 0.009499967 -0.216241 0.01365196 0.009499967 -0.215827 0.01365196 0.01249998 -0.215827 0.01274198 -5e-4 -0.216241 0.01365196 -5e-4 -0.215827 0.01365196 5e-4 -0.215827 0.01365196 -0.01249998 -0.215827 0.01365196 -0.009499967 -0.215827 0.01274198 -0.009499967 -0.216241 0 0.01249998 -0.222041 0 0.009499967 -0.222041 0.01092195 0.009499967 -0.21707 0.01274198 0.007499992 -0.216241 0.01365196 0.007499992 -0.215827 0.01365196 0.008499979 -0.215827 0.01274198 0.008499979 -0.216241 0.01092195 -0.009499967 -0.21707 0.01274198 5e-4 -0.216241 0.01274198 0.00149995 -0.216241 0.01274198 -0.008499979 -0.216241 0 -0.01249998 -0.222041 0 -0.009499967 -0.222041 0.01365196 -0.008499979 -0.215827 0.01365196 -0.007499992 -0.215827 0.01274198 -0.007499992 -0.216241 0.01274198 -0.006499946 -0.216241 0.01365196 0.00149995 -0.215827 0.01365196 0.002499997 -0.215827 0.01274198 0.002499997 -0.216241 0.01274198 0.003499984 -0.216241 0.01365196 0.003499984 -0.215827 0.01365196 0.004499971 -0.215827 0.01274198 0.004499971 -0.216241 0.01274198 0.005499958 -0.216241 0.01365196 0.005499958 -0.215827 0.01365196 0.006499946 -0.215827 0.01274198 0.006499946 -0.216241 0.01365196 -0.006499946 -0.215827 0.01365196 -0.005499958 -0.215827 0.01274198 -0.005499958 -0.216241 0.01274198 -0.004499971 -0.216241 0.01365196 -0.004499971 -0.215827 0.01365196 -0.003499984 -0.215827 0.01274198 -0.003499984 -0.216241 0.01274198 -0.002499997 -0.216241 0.01365196 -0.002499997 -0.215827 0.01365196 -0.00149995 -0.215827 0.01274198 -0.00149995 -0.216241 0.01422697 -0.008499979 -0.217288 0.01422697 -0.007499992 -0.217288 0.01464599 -0.008499979 -0.218801 0.01464599 -0.007499992 -0.218801 0.01490396 -0.008499979 -0.22035 0.01490396 -0.007499992 -0.22035 0.01499897 -0.008499979 -0.221917 0.01499897 -0.007499992 -0.221917 0.01492995 -0.008499979 -0.223486 0.01492995 -0.007499992 -0.223486 0.01469695 -0.008499979 -0.225039 0.01469695 -0.007499992 -0.225039 0.01430398 -0.008499979 -0.226558 0.01430398 -0.007499992 -0.226558 0.01375299 -0.008499979 -0.228029 0.01375299 -0.007499992 -0.228029 0.01305198 -0.008499979 -0.229434 0.01305198 -0.007499992 -0.229434 0.01220697 -0.008499979 -0.2307569 0.01220697 -0.007499992 -0.2307569 0.01122897 -0.008499979 -0.231986 0.01122897 -0.007499992 -0.231986 0.01012796 -0.008499979 -0.233105 0.01012796 -0.007499992 -0.233105 0.00891596 -0.008499979 -0.234103 0.00891596 -0.007499992 -0.234103 0.007606983 -0.008499979 -0.234969 0.007606983 -0.007499992 -0.234969 0.006213963 -0.008499979 -0.235693 0.006213963 -0.007499992 -0.235693 0.004752993 -0.008499979 -0.236268 0.004752993 -0.007499992 -0.236268 0.003238976 -0.008499979 -0.236687 0.003238976 -0.007499992 -0.236687 0.001690983 -0.008499979 -0.236945 0.001690983 -0.007499992 -0.236945 1.24e-4 -0.008499979 -0.23704 1.24e-4 -0.007499992 -0.23704 -0.001444995 -0.008499979 -0.236971 -0.001444995 -0.007499992 -0.236971 -0.002997994 -0.008499979 -0.236738 -0.002997994 -0.007499992 -0.236738 -0.004517972 -0.008499979 -0.236344 -0.004517972 -0.007499992 -0.236344 -0.005987942 -0.008499979 -0.235794 -0.005987942 -0.007499992 -0.235794 -0.007392942 -0.008499979 -0.2350929 -0.007392942 -0.007499992 -0.2350929 -0.008715987 -0.008499979 -0.234248 -0.008715987 -0.007499992 -0.234248 -0.009944975 -0.008499979 -0.23327 -0.009944975 -0.007499992 -0.23327 -0.01106399 -0.008499979 -0.232169 -0.01106399 -0.007499992 -0.232169 -0.01206195 -0.008499979 -0.230957 -0.01206195 -0.007499992 -0.230957 -0.01292794 -0.008499979 -0.2296479 -0.01292794 -0.007499992 -0.2296479 -0.01365196 -0.008499979 -0.228255 -0.01365196 -0.007499992 -0.228255 -0.01422697 -0.008499979 -0.226794 -0.01422697 -0.007499992 -0.226794 -0.01464599 -0.008499979 -0.22528 -0.01464599 -0.007499992 -0.22528 -0.01490396 -0.008499979 -0.2237319 -0.01490396 -0.007499992 -0.2237319 -0.01499897 -0.008499979 -0.222164 -0.01499897 -0.007499992 -0.222164 -0.01492995 -0.008499979 -0.220596 -0.01492995 -0.007499992 -0.220596 0.01422697 -0.01249998 -0.217288 0.01422697 -0.009499967 -0.217288 0.01464599 -0.01249998 -0.218801 0.01464599 -0.009499967 -0.218801 0.01490396 -0.01249998 -0.22035 0.01490396 -0.009499967 -0.22035 0.01499897 -0.01249998 -0.221917 0.01499897 -0.009499967 -0.221917 0.01492995 -0.01249998 -0.223486 0.01492995 -0.009499967 -0.223486 0.01469695 -0.01249998 -0.225039 0.01469695 -0.009499967 -0.225039 0.01430398 -0.01249998 -0.226558 0.01430398 -0.009499967 -0.226558 0.01375299 -0.01249998 -0.228029 0.01375299 -0.009499967 -0.228029 0.01305198 -0.01249998 -0.229434 0.01305198 -0.009499967 -0.229434 0.01220697 -0.01249998 -0.2307569 0.01220697 -0.009499967 -0.2307569 0.01122897 -0.01249998 -0.231986 0.01122897 -0.009499967 -0.231986 0.01012796 -0.01249998 -0.233105 0.01012796 -0.009499967 -0.233105 0.00891596 -0.01249998 -0.234103 0.00891596 -0.009499967 -0.234103 0.007606983 -0.01249998 -0.234969 0.007606983 -0.009499967 -0.234969 0.006213963 -0.01249998 -0.235693 0.006213963 -0.009499967 -0.235693 0.004752993 -0.01249998 -0.236268 0.004752993 -0.009499967 -0.236268 0.003238976 -0.01249998 -0.236687 0.003238976 -0.009499967 -0.236687 0.001690983 -0.01249998 -0.236945 0.001690983 -0.009499967 -0.236945 1.24e-4 -0.01249998 -0.23704 1.24e-4 -0.009499967 -0.23704 -0.001444995 -0.01249998 -0.236971 -0.001444995 -0.009499967 -0.236971 -0.002997994 -0.01249998 -0.236738 -0.002997994 -0.009499967 -0.236738 -0.004517972 -0.01249998 -0.236344 -0.004517972 -0.009499967 -0.236344 -0.005987942 -0.01249998 -0.235794 -0.005987942 -0.009499967 -0.235794 -0.007392942 -0.01249998 -0.2350929 -0.007392942 -0.009499967 -0.2350929 -0.008715987 -0.01249998 -0.234248 -0.008715987 -0.009499967 -0.234248 -0.009944975 -0.01249998 -0.23327 -0.009944975 -0.009499967 -0.23327 -0.01106399 -0.01249998 -0.232169 -0.01106399 -0.009499967 -0.232169 -0.01206195 -0.01249998 -0.230957 -0.01206195 -0.009499967 -0.230957 -0.01292794 -0.01249998 -0.2296479 -0.01292794 -0.009499967 -0.2296479 -0.01365196 -0.01249998 -0.228255 -0.01365196 -0.009499967 -0.228255 -0.01422697 -0.01249998 -0.226794 -0.01422697 -0.009499967 -0.226794 -0.01464599 -0.01249998 -0.22528 -0.01464599 -0.009499967 -0.22528 -0.01490396 -0.01249998 -0.2237319 -0.01490396 -0.009499967 -0.2237319 -0.01499897 -0.01249998 -0.222164 -0.01499897 -0.009499967 -0.222164 -0.01492995 -0.01249998 -0.220596 -0.01492995 -0.009499967 -0.220596 0.01422697 -5e-4 -0.217288 0.01422697 5e-4 -0.217288 0.01464599 -5e-4 -0.218801 0.01464599 5e-4 -0.218801 0.01490396 -5e-4 -0.22035 0.01490396 5e-4 -0.22035 0.01499897 -5e-4 -0.221917 0.01499897 5e-4 -0.221917 0.01492995 -5e-4 -0.223486 0.01492995 5e-4 -0.223486 0.01469695 -5e-4 -0.225039 0.01469695 5e-4 -0.225039 0.01430398 -5e-4 -0.226558 0.01430398 5e-4 -0.226558 0.01375299 -5e-4 -0.228029 0.01375299 5e-4 -0.228029 0.01305198 -5e-4 -0.229434 0.01305198 5e-4 -0.229434 0.01220697 -5e-4 -0.2307569 0.01220697 5e-4 -0.2307569 0.01122897 -5e-4 -0.231986 0.01122897 5e-4 -0.231986 0.01012796 -5e-4 -0.233105 0.01012796 5e-4 -0.233105 0.00891596 -5e-4 -0.234103 0.00891596 5e-4 -0.234103 0.007606983 -5e-4 -0.234969 0.007606983 5e-4 -0.234969 0.006213963 -5e-4 -0.235693 0.006213963 5e-4 -0.235693 0.004752993 -5e-4 -0.236268 0.004752993 5e-4 -0.236268 0.003238976 -5e-4 -0.236687 0.003238976 5e-4 -0.236687 0.001690983 -5e-4 -0.236945 0.001690983 5e-4 -0.236945 1.24e-4 -5e-4 -0.23704 1.24e-4 5e-4 -0.23704 -0.001444995 -5e-4 -0.236971 -0.001444995 5e-4 -0.236971 -0.002997994 -5e-4 -0.236738 -0.002997994 5e-4 -0.236738 -0.004517972 -5e-4 -0.236344 -0.004517972 5e-4 -0.236344 -0.005987942 -5e-4 -0.235794 -0.005987942 5e-4 -0.235794 -0.007392942 -5e-4 -0.2350929 -0.007392942 5e-4 -0.2350929 -0.008715987 -5e-4 -0.234248 -0.008715987 5e-4 -0.234248 -0.009944975 -5e-4 -0.23327 -0.009944975 5e-4 -0.23327 -0.01106399 -5e-4 -0.232169 -0.01106399 5e-4 -0.232169 -0.01206195 -5e-4 -0.230957 -0.01206195 5e-4 -0.230957 -0.01292794 -5e-4 -0.2296479 -0.01292794 5e-4 -0.2296479 -0.01365196 -5e-4 -0.228255 -0.01365196 5e-4 -0.228255 -0.01422697 -5e-4 -0.226794 -0.01422697 5e-4 -0.226794 -0.01464599 -5e-4 -0.22528 -0.01464599 5e-4 -0.22528 -0.01490396 -5e-4 -0.2237319 -0.01490396 5e-4 -0.2237319 -0.01499897 -5e-4 -0.222164 -0.01499897 5e-4 -0.222164 -0.01492995 -5e-4 -0.220596 -0.01492995 5e-4 -0.220596 0.01422697 -0.002499997 -0.217288 0.01422697 -0.00149995 -0.217288 0.01464599 -0.002499997 -0.218801 0.01464599 -0.00149995 -0.218801 0.01490396 -0.002499997 -0.22035 0.01490396 -0.00149995 -0.22035 0.01499897 -0.002499997 -0.221917 0.01499897 -0.00149995 -0.221917 0.01492995 -0.002499997 -0.223486 0.01492995 -0.00149995 -0.223486 0.01469695 -0.002499997 -0.225039 0.01469695 -0.00149995 -0.225039 0.01430398 -0.002499997 -0.226558 0.01430398 -0.00149995 -0.226558 0.01375299 -0.002499997 -0.228029 0.01375299 -0.00149995 -0.228029 0.01305198 -0.002499997 -0.229434 0.01305198 -0.00149995 -0.229434 0.01220697 -0.002499997 -0.2307569 0.01220697 -0.00149995 -0.2307569 0.01122897 -0.002499997 -0.231986 0.01122897 -0.00149995 -0.231986 0.01012796 -0.002499997 -0.233105 0.01012796 -0.00149995 -0.233105 0.00891596 -0.002499997 -0.234103 0.00891596 -0.00149995 -0.234103 0.007606983 -0.002499997 -0.234969 0.007606983 -0.00149995 -0.234969 0.006213963 -0.002499997 -0.235693 0.006213963 -0.00149995 -0.235693 0.004752993 -0.002499997 -0.236268 0.004752993 -0.00149995 -0.236268 0.003238976 -0.002499997 -0.236687 0.003238976 -0.00149995 -0.236687 0.001690983 -0.002499997 -0.236945 0.001690983 -0.00149995 -0.236945 1.24e-4 -0.002499997 -0.23704 1.24e-4 -0.00149995 -0.23704 -0.001444995 -0.002499997 -0.236971 -0.001444995 -0.00149995 -0.236971 -0.002997994 -0.002499997 -0.236738 -0.002997994 -0.00149995 -0.236738 -0.004517972 -0.002499997 -0.236344 -0.004517972 -0.00149995 -0.236344 -0.005987942 -0.002499997 -0.235794 -0.005987942 -0.00149995 -0.235794 -0.007392942 -0.002499997 -0.2350929 -0.007392942 -0.00149995 -0.2350929 -0.008715987 -0.002499997 -0.234248 -0.008715987 -0.00149995 -0.234248 -0.009944975 -0.002499997 -0.23327 -0.009944975 -0.00149995 -0.23327 -0.01106399 -0.002499997 -0.232169 -0.01106399 -0.00149995 -0.232169 -0.01206195 -0.002499997 -0.230957 -0.01206195 -0.00149995 -0.230957 -0.01292794 -0.002499997 -0.2296479 -0.01292794 -0.00149995 -0.2296479 -0.01365196 -0.002499997 -0.228255 -0.01365196 -0.00149995 -0.228255 -0.01422697 -0.002499997 -0.226794 -0.01422697 -0.00149995 -0.226794 -0.01464599 -0.002499997 -0.22528 -0.01464599 -0.00149995 -0.22528 -0.01490396 -0.002499997 -0.2237319 -0.01490396 -0.00149995 -0.2237319 -0.01499897 -0.002499997 -0.222164 -0.01499897 -0.00149995 -0.222164 -0.01492995 -0.002499997 -0.220596 -0.01492995 -0.00149995 -0.220596 0.01422697 0.00149995 -0.217288 0.01422697 0.002499997 -0.217288 0.01464599 0.00149995 -0.218801 0.01464599 0.002499997 -0.218801 0.01490396 0.00149995 -0.22035 0.01490396 0.002499997 -0.22035 0.01499897 0.00149995 -0.221917 0.01499897 0.002499997 -0.221917 0.01492995 0.00149995 -0.223486 0.01492995 0.002499997 -0.223486 0.01469695 0.00149995 -0.225039 0.01469695 0.002499997 -0.225039 0.01430398 0.00149995 -0.226558 0.01430398 0.002499997 -0.226558 0.01375299 0.00149995 -0.228029 0.01375299 0.002499997 -0.228029 0.01305198 0.00149995 -0.229434 0.01305198 0.002499997 -0.229434 0.01220697 0.00149995 -0.2307569 0.01220697 0.002499997 -0.2307569 0.01122897 0.00149995 -0.231986 0.01122897 0.002499997 -0.231986 0.01012796 0.00149995 -0.233105 0.01012796 0.002499997 -0.233105 0.00891596 0.00149995 -0.234103 0.00891596 0.002499997 -0.234103 0.007606983 0.00149995 -0.234969 0.007606983 0.002499997 -0.234969 0.006213963 0.00149995 -0.235693 0.006213963 0.002499997 -0.235693 0.004752993 0.00149995 -0.236268 0.004752993 0.002499997 -0.236268 0.003238976 0.00149995 -0.236687 0.003238976 0.002499997 -0.236687 0.001690983 0.00149995 -0.236945 0.001690983 0.002499997 -0.236945 1.24e-4 0.00149995 -0.23704 1.24e-4 0.002499997 -0.23704 -0.001444995 0.00149995 -0.236971 -0.001444995 0.002499997 -0.236971 -0.002997994 0.00149995 -0.236738 -0.002997994 0.002499997 -0.236738 -0.004517972 0.00149995 -0.236344 -0.004517972 0.002499997 -0.236344 -0.005987942 0.00149995 -0.235794 -0.005987942 0.002499997 -0.235794 -0.007392942 0.00149995 -0.2350929 -0.007392942 0.002499997 -0.2350929 -0.008715987 0.00149995 -0.234248 -0.008715987 0.002499997 -0.234248 -0.009944975 0.00149995 -0.23327 -0.009944975 0.002499997 -0.23327 -0.01106399 0.00149995 -0.232169 -0.01106399 0.002499997 -0.232169 -0.01206195 0.00149995 -0.230957 -0.01206195 0.002499997 -0.230957 -0.01292794 0.00149995 -0.2296479 -0.01292794 0.002499997 -0.2296479 -0.01365196 0.00149995 -0.228255 -0.01365196 0.002499997 -0.228255 -0.01422697 0.00149995 -0.226794 -0.01422697 0.002499997 -0.226794 -0.01464599 0.00149995 -0.22528 -0.01464599 0.002499997 -0.22528 -0.01490396 0.00149995 -0.2237319 -0.01490396 0.002499997 -0.2237319 -0.01499897 0.00149995 -0.222164 -0.01499897 0.002499997 -0.222164 -0.01492995 0.00149995 -0.220596 -0.01492995 0.002499997 -0.220596 0.01422697 0.003499984 -0.217288 0.01422697 0.004499971 -0.217288 0.01464599 0.003499984 -0.218801 0.01464599 0.004499971 -0.218801 0.01490396 0.003499984 -0.22035 0.01490396 0.004499971 -0.22035 0.01499897 0.003499984 -0.221917 0.01499897 0.004499971 -0.221917 0.01492995 0.003499984 -0.223486 0.01492995 0.004499971 -0.223486 0.01469695 0.003499984 -0.225039 0.01469695 0.004499971 -0.225039 0.01430398 0.003499984 -0.226558 0.01430398 0.004499971 -0.226558 0.01375299 0.003499984 -0.228029 0.01375299 0.004499971 -0.228029 0.01305198 0.003499984 -0.229434 0.01305198 0.004499971 -0.229434 0.01220697 0.003499984 -0.2307569 0.01220697 0.004499971 -0.2307569 0.01122897 0.003499984 -0.231986 0.01122897 0.004499971 -0.231986 0.01012796 0.003499984 -0.233105 0.01012796 0.004499971 -0.233105 0.00891596 0.003499984 -0.234103 0.00891596 0.004499971 -0.234103 0.007606983 0.003499984 -0.234969 0.007606983 0.004499971 -0.234969 0.006213963 0.003499984 -0.235693 0.006213963 0.004499971 -0.235693 0.004752993 0.003499984 -0.236268 0.004752993 0.004499971 -0.236268 0.003238976 0.003499984 -0.236687 0.003238976 0.004499971 -0.236687 0.001690983 0.003499984 -0.236945 0.001690983 0.004499971 -0.236945 1.24e-4 0.003499984 -0.23704 1.24e-4 0.004499971 -0.23704 -0.001444995 0.003499984 -0.236971 -0.001444995 0.004499971 -0.236971 -0.002997994 0.003499984 -0.236738 -0.002997994 0.004499971 -0.236738 -0.004517972 0.003499984 -0.236344 -0.004517972 0.004499971 -0.236344 -0.005987942 0.003499984 -0.235794 -0.005987942 0.004499971 -0.235794 -0.007392942 0.003499984 -0.2350929 -0.007392942 0.004499971 -0.2350929 -0.008715987 0.003499984 -0.234248 -0.008715987 0.004499971 -0.234248 -0.009944975 0.003499984 -0.23327 -0.009944975 0.004499971 -0.23327 -0.01106399 0.003499984 -0.232169 -0.01106399 0.004499971 -0.232169 -0.01206195 0.003499984 -0.230957 -0.01206195 0.004499971 -0.230957 -0.01292794 0.003499984 -0.2296479 -0.01292794 0.004499971 -0.2296479 -0.01365196 0.003499984 -0.228255 -0.01365196 0.004499971 -0.228255 -0.01422697 0.003499984 -0.226794 -0.01422697 0.004499971 -0.226794 -0.01464599 0.003499984 -0.22528 -0.01464599 0.004499971 -0.22528 -0.01490396 0.003499984 -0.2237319 -0.01490396 0.004499971 -0.2237319 -0.01499897 0.003499984 -0.222164 -0.01499897 0.004499971 -0.222164 -0.01492995 0.003499984 -0.220596 -0.01492995 0.004499971 -0.220596 0.01422697 0.005499958 -0.217288 0.01422697 0.006499946 -0.217288 0.01464599 0.005499958 -0.218801 0.01464599 0.006499946 -0.218801 0.01490396 0.005499958 -0.22035 0.01490396 0.006499946 -0.22035 0.01499897 0.005499958 -0.221917 0.01499897 0.006499946 -0.221917 0.01492995 0.005499958 -0.223486 0.01492995 0.006499946 -0.223486 0.01469695 0.005499958 -0.225039 0.01469695 0.006499946 -0.225039 0.01430398 0.005499958 -0.226558 0.01430398 0.006499946 -0.226558 0.01375299 0.005499958 -0.228029 0.01375299 0.006499946 -0.228029 0.01305198 0.005499958 -0.229434 0.01305198 0.006499946 -0.229434 0.01220697 0.005499958 -0.2307569 0.01220697 0.006499946 -0.2307569 0.01122897 0.005499958 -0.231986 0.01122897 0.006499946 -0.231986 0.01012796 0.005499958 -0.233105 0.01012796 0.006499946 -0.233105 0.00891596 0.005499958 -0.234103 0.00891596 0.006499946 -0.234103 0.007606983 0.005499958 -0.234969 0.007606983 0.006499946 -0.234969 0.006213963 0.005499958 -0.235693 0.006213963 0.006499946 -0.235693 0.004752993 0.005499958 -0.236268 0.004752993 0.006499946 -0.236268 0.003238976 0.005499958 -0.236687 0.003238976 0.006499946 -0.236687 0.001690983 0.005499958 -0.236945 0.001690983 0.006499946 -0.236945 1.24e-4 0.005499958 -0.23704 1.24e-4 0.006499946 -0.23704 -0.001444995 0.005499958 -0.236971 -0.001444995 0.006499946 -0.236971 -0.002997994 0.005499958 -0.236738 -0.002997994 0.006499946 -0.236738 -0.004517972 0.005499958 -0.236344 -0.004517972 0.006499946 -0.236344 -0.005987942 0.005499958 -0.235794 -0.005987942 0.006499946 -0.235794 -0.007392942 0.005499958 -0.2350929 -0.007392942 0.006499946 -0.2350929 -0.008715987 0.005499958 -0.234248 -0.008715987 0.006499946 -0.234248 -0.009944975 0.005499958 -0.23327 -0.009944975 0.006499946 -0.23327 -0.01106399 0.005499958 -0.232169 -0.01106399 0.006499946 -0.232169 -0.01206195 0.005499958 -0.230957 -0.01206195 0.006499946 -0.230957 -0.01292794 0.005499958 -0.2296479 -0.01292794 0.006499946 -0.2296479 -0.01365196 0.005499958 -0.228255 -0.01365196 0.006499946 -0.228255 -0.01422697 0.005499958 -0.226794 -0.01422697 0.006499946 -0.226794 -0.01464599 0.005499958 -0.22528 -0.01464599 0.006499946 -0.22528 -0.01490396 0.005499958 -0.2237319 -0.01490396 0.006499946 -0.2237319 -0.01499897 0.005499958 -0.222164 -0.01499897 0.006499946 -0.222164 -0.01492995 0.005499958 -0.220596 -0.01492995 0.006499946 -0.220596 0.01422697 0.007499992 -0.217288 0.01422697 0.008499979 -0.217288 0.01464599 0.007499992 -0.218801 0.01464599 0.008499979 -0.218801 0.01490396 0.007499992 -0.22035 0.01490396 0.008499979 -0.22035 0.01499897 0.007499992 -0.221917 0.01499897 0.008499979 -0.221917 0.01492995 0.007499992 -0.223486 0.01492995 0.008499979 -0.223486 0.01469695 0.007499992 -0.225039 0.01469695 0.008499979 -0.225039 0.01430398 0.007499992 -0.226558 0.01430398 0.008499979 -0.226558 0.01375299 0.007499992 -0.228029 0.01375299 0.008499979 -0.228029 0.01305198 0.007499992 -0.229434 0.01305198 0.008499979 -0.229434 0.01220697 0.007499992 -0.2307569 0.01220697 0.008499979 -0.2307569 0.01122897 0.007499992 -0.231986 0.01122897 0.008499979 -0.231986 0.01012796 0.007499992 -0.233105 0.01012796 0.008499979 -0.233105 0.00891596 0.007499992 -0.234103 0.00891596 0.008499979 -0.234103 0.007606983 0.007499992 -0.234969 0.007606983 0.008499979 -0.234969 0.006213963 0.007499992 -0.235693 0.006213963 0.008499979 -0.235693 0.004752993 0.007499992 -0.236268 0.004752993 0.008499979 -0.236268 0.003238976 0.007499992 -0.236687 0.003238976 0.008499979 -0.236687 0.001690983 0.007499992 -0.236945 0.001690983 0.008499979 -0.236945 1.24e-4 0.007499992 -0.23704 1.24e-4 0.008499979 -0.23704 -0.001444995 0.007499992 -0.236971 -0.001444995 0.008499979 -0.236971 -0.002997994 0.007499992 -0.236738 -0.002997994 0.008499979 -0.236738 -0.004517972 0.007499992 -0.236344 -0.004517972 0.008499979 -0.236344 -0.005987942 0.007499992 -0.235794 -0.005987942 0.008499979 -0.235794 -0.007392942 0.007499992 -0.2350929 -0.007392942 0.008499979 -0.2350929 -0.008715987 0.007499992 -0.234248 -0.008715987 0.008499979 -0.234248 -0.009944975 0.007499992 -0.23327 -0.009944975 0.008499979 -0.23327 -0.01106399 0.007499992 -0.232169 -0.01106399 0.008499979 -0.232169 -0.01206195 0.007499992 -0.230957 -0.01206195 0.008499979 -0.230957 -0.01292794 0.007499992 -0.2296479 -0.01292794 0.008499979 -0.2296479 -0.01365196 0.007499992 -0.228255 -0.01365196 0.008499979 -0.228255 -0.01422697 0.007499992 -0.226794 -0.01422697 0.008499979 -0.226794 -0.01464599 0.007499992 -0.22528 -0.01464599 0.008499979 -0.22528 -0.01490396 0.007499992 -0.2237319 -0.01490396 0.008499979 -0.2237319 -0.01499897 0.007499992 -0.222164 -0.01499897 0.008499979 -0.222164 -0.01492995 0.007499992 -0.220596 -0.01492995 0.008499979 -0.220596 0.01422697 -0.004499971 -0.217288 0.01422697 -0.003499984 -0.217288 0.01464599 -0.004499971 -0.218801 0.01464599 -0.003499984 -0.218801 0.01490396 -0.004499971 -0.22035 0.01490396 -0.003499984 -0.22035 0.01499897 -0.004499971 -0.221917 0.01499897 -0.003499984 -0.221917 0.01492995 -0.004499971 -0.223486 0.01492995 -0.003499984 -0.223486 0.01469695 -0.004499971 -0.225039 0.01469695 -0.003499984 -0.225039 0.01430398 -0.004499971 -0.226558 0.01430398 -0.003499984 -0.226558 0.01375299 -0.004499971 -0.228029 0.01375299 -0.003499984 -0.228029 0.01305198 -0.004499971 -0.229434 0.01305198 -0.003499984 -0.229434 0.01220697 -0.004499971 -0.2307569 0.01220697 -0.003499984 -0.2307569 0.01122897 -0.004499971 -0.231986 0.01122897 -0.003499984 -0.231986 0.01012796 -0.004499971 -0.233105 0.01012796 -0.003499984 -0.233105 0.00891596 -0.004499971 -0.234103 0.00891596 -0.003499984 -0.234103 0.007606983 -0.004499971 -0.234969 0.007606983 -0.003499984 -0.234969 0.006213963 -0.004499971 -0.235693 0.006213963 -0.003499984 -0.235693 0.004752993 -0.004499971 -0.236268 0.004752993 -0.003499984 -0.236268 0.003238976 -0.004499971 -0.236687 0.003238976 -0.003499984 -0.236687 0.001690983 -0.004499971 -0.236945 0.001690983 -0.003499984 -0.236945 1.24e-4 -0.004499971 -0.23704 1.24e-4 -0.003499984 -0.23704 -0.001444995 -0.004499971 -0.236971 -0.001444995 -0.003499984 -0.236971 -0.002997994 -0.004499971 -0.236738 -0.002997994 -0.003499984 -0.236738 -0.004517972 -0.004499971 -0.236344 -0.004517972 -0.003499984 -0.236344 -0.005987942 -0.004499971 -0.235794 -0.005987942 -0.003499984 -0.235794 -0.007392942 -0.004499971 -0.2350929 -0.007392942 -0.003499984 -0.2350929 -0.008715987 -0.004499971 -0.234248 -0.008715987 -0.003499984 -0.234248 -0.009944975 -0.004499971 -0.23327 -0.009944975 -0.003499984 -0.23327 -0.01106399 -0.004499971 -0.232169 -0.01106399 -0.003499984 -0.232169 -0.01206195 -0.004499971 -0.230957 -0.01206195 -0.003499984 -0.230957 -0.01292794 -0.004499971 -0.2296479 -0.01292794 -0.003499984 -0.2296479 -0.01365196 -0.004499971 -0.228255 -0.01365196 -0.003499984 -0.228255 -0.01422697 -0.004499971 -0.226794 -0.01422697 -0.003499984 -0.226794 -0.01464599 -0.004499971 -0.22528 -0.01464599 -0.003499984 -0.22528 -0.01490396 -0.004499971 -0.2237319 -0.01490396 -0.003499984 -0.2237319 -0.01499897 -0.004499971 -0.222164 -0.01499897 -0.003499984 -0.222164 -0.01492995 -0.004499971 -0.220596 -0.01492995 -0.003499984 -0.220596 0.01422697 -0.006499946 -0.217288 0.01422697 -0.005499958 -0.217288 0.01464599 -0.006499946 -0.218801 0.01464599 -0.005499958 -0.218801 0.01490396 -0.006499946 -0.22035 0.01490396 -0.005499958 -0.22035 0.01499897 -0.006499946 -0.221917 0.01499897 -0.005499958 -0.221917 0.01492995 -0.006499946 -0.223486 0.01492995 -0.005499958 -0.223486 0.01469695 -0.006499946 -0.225039 0.01469695 -0.005499958 -0.225039 0.01430398 -0.006499946 -0.226558 0.01430398 -0.005499958 -0.226558 0.01375299 -0.006499946 -0.228029 0.01375299 -0.005499958 -0.228029 0.01305198 -0.006499946 -0.229434 0.01305198 -0.005499958 -0.229434 0.01220697 -0.006499946 -0.2307569 0.01220697 -0.005499958 -0.2307569 0.01122897 -0.006499946 -0.231986 0.01122897 -0.005499958 -0.231986 0.01012796 -0.006499946 -0.233105 0.01012796 -0.005499958 -0.233105 0.00891596 -0.006499946 -0.234103 0.00891596 -0.005499958 -0.234103 0.007606983 -0.006499946 -0.234969 0.007606983 -0.005499958 -0.234969 0.006213963 -0.006499946 -0.235693 0.006213963 -0.005499958 -0.235693 0.004752993 -0.006499946 -0.236268 0.004752993 -0.005499958 -0.236268 0.003238976 -0.006499946 -0.236687 0.003238976 -0.005499958 -0.236687 0.001690983 -0.006499946 -0.236945 0.001690983 -0.005499958 -0.236945 1.24e-4 -0.006499946 -0.23704 1.24e-4 -0.005499958 -0.23704 -0.001444995 -0.006499946 -0.236971 -0.001444995 -0.005499958 -0.236971 -0.002997994 -0.006499946 -0.236738 -0.002997994 -0.005499958 -0.236738 -0.004517972 -0.006499946 -0.236344 -0.004517972 -0.005499958 -0.236344 -0.005987942 -0.006499946 -0.235794 -0.005987942 -0.005499958 -0.235794 -0.007392942 -0.006499946 -0.2350929 -0.007392942 -0.005499958 -0.2350929 -0.008715987 -0.006499946 -0.234248 -0.008715987 -0.005499958 -0.234248 -0.009944975 -0.006499946 -0.23327 -0.009944975 -0.005499958 -0.23327 -0.01106399 -0.006499946 -0.232169 -0.01106399 -0.005499958 -0.232169 -0.01206195 -0.006499946 -0.230957 -0.01206195 -0.005499958 -0.230957 -0.01292794 -0.006499946 -0.2296479 -0.01292794 -0.005499958 -0.2296479 -0.01365196 -0.006499946 -0.228255 -0.01365196 -0.005499958 -0.228255 -0.01422697 -0.006499946 -0.226794 -0.01422697 -0.005499958 -0.226794 -0.01464599 -0.006499946 -0.22528 -0.01464599 -0.005499958 -0.22528 -0.01490396 -0.006499946 -0.2237319 -0.01490396 -0.005499958 -0.2237319 -0.01499897 -0.006499946 -0.222164 -0.01499897 -0.005499958 -0.222164 -0.01492995 -0.006499946 -0.220596 -0.01492995 -0.005499958 -0.220596 0.01422697 0.009499967 -0.217288 0.01422697 0.01249998 -0.217288 0.01464599 0.009499967 -0.218801 0.01464599 0.01249998 -0.218801 0.01490396 0.009499967 -0.22035 0.01490396 0.01249998 -0.22035 0.01499897 0.009499967 -0.221917 0.01499897 0.01249998 -0.221917 0.01492995 0.009499967 -0.223486 0.01492995 0.01249998 -0.223486 0.01469695 0.009499967 -0.225039 0.01469695 0.01249998 -0.225039 0.01430398 0.009499967 -0.226558 0.01430398 0.01249998 -0.226558 0.01375299 0.009499967 -0.228029 0.01375299 0.01249998 -0.228029 0.01305198 0.009499967 -0.229434 0.01305198 0.01249998 -0.229434 0.01220697 0.009499967 -0.2307569 0.01220697 0.01249998 -0.2307569 0.01122897 0.009499967 -0.231986 0.01122897 0.01249998 -0.231986 0.01012796 0.009499967 -0.233105 0.01012796 0.01249998 -0.233105 0.00891596 0.009499967 -0.234103 0.00891596 0.01249998 -0.234103 0.007606983 0.009499967 -0.234969 0.007606983 0.01249998 -0.234969 0.006213963 0.009499967 -0.235693 0.006213963 0.01249998 -0.235693 0.004752993 0.009499967 -0.236268 0.004752993 0.01249998 -0.236268 0.003238976 0.009499967 -0.236687 0.003238976 0.01249998 -0.236687 0.001690983 0.009499967 -0.236945 0.001690983 0.01249998 -0.236945 1.24e-4 0.009499967 -0.23704 1.24e-4 0.01249998 -0.23704 -0.001444995 0.009499967 -0.236971 -0.001444995 0.01249998 -0.236971 -0.002997994 0.009499967 -0.236738 -0.002997994 0.01249998 -0.236738 -0.004517972 0.009499967 -0.236344 -0.004517972 0.01249998 -0.236344 -0.005987942 0.009499967 -0.235794 -0.005987942 0.01249998 -0.235794 -0.007392942 0.009499967 -0.2350929 -0.007392942 0.01249998 -0.2350929 -0.008715987 0.009499967 -0.234248 -0.008715987 0.01249998 -0.234248 -0.009944975 0.009499967 -0.23327 -0.009944975 0.01249998 -0.23327 -0.01106399 0.009499967 -0.232169 -0.01106399 0.01249998 -0.232169 -0.01206195 0.009499967 -0.230957 -0.01206195 0.01249998 -0.230957 -0.01292794 0.009499967 -0.2296479 -0.01292794 0.01249998 -0.2296479 -0.01365196 0.009499967 -0.228255 -0.01365196 0.01249998 -0.228255 -0.01422697 0.009499967 -0.226794 -0.01422697 0.01249998 -0.226794 -0.01464599 0.009499967 -0.22528 -0.01464599 0.01249998 -0.22528 -0.01490396 0.009499967 -0.2237319 -0.01490396 0.01249998 -0.2237319 -0.01499897 0.009499967 -0.222164 -0.01499897 0.01249998 -0.222164 -0.01492995 0.009499967 -0.220596 -0.01492995 0.01249998 -0.220596 -0.01393496 -0.009499967 -0.220692 -0.01393496 0.009499967 -0.220692 -0.01393496 0.004499971 -0.220692 -0.01393496 0.003499984 -0.220692 -0.01194399 0.009499967 -0.220885 -0.01393496 0.002499997 -0.220692 -0.01393496 0.008499979 -0.220692 -0.01393496 0.006499946 -0.220692 -0.01393496 0.005499958 -0.220692 -0.01393496 -0.003499984 -0.220692 0 0.009499967 -0.222041 -0.01393496 0.007499992 -0.220692 -0.01393496 5e-4 -0.220692 -0.01393496 -5e-4 -0.220692 -0.01393496 0.00149995 -0.220692 -0.01194399 -0.009499967 -0.220885 -0.01393496 -0.00149995 -0.220692 -0.01393496 -0.004499971 -0.220692 -0.01393496 -0.005499958 -0.220692 -0.01393496 -0.007499992 -0.220692 -0.01393496 -0.006499946 -0.220692 -0.01393496 -0.002499997 -0.220692 0 -0.01249998 -0.222041 0 -0.009499967 -0.222041 -0.01393496 -0.008499979 -0.220692 0.01141899 0.009499967 -0.218351 0 0.009499967 -0.222041 -7.65e-4 0.009499967 -0.234017 6.09e-4 0.009499967 -0.234025 0.001974999 0.009499967 -0.233877 0.003314971 0.009499967 -0.233574 -0.01199799 0.009499967 -0.222258 -0.011895 0.009499967 -0.223627 -0.01163494 0.009499967 -0.224976 -0.01122397 0.009499967 -0.226287 -0.01066499 0.009499967 -0.227542 -0.009965956 0.009499967 -0.228725 -0.009136974 0.009499967 -0.22982 -0.008187949 0.009499967 -0.230813 0.009034991 0.009499967 -0.229938 0.008073985 0.009499967 -0.230919 0.007005989 0.009499967 -0.231783 -0.007131993 0.009499967 -0.231691 -0.005981981 0.009499967 -0.232443 -0.004753947 0.009499967 -0.233059 -0.003463983 0.009499967 -0.23353 -0.002127945 0.009499967 -0.233851 0.004610955 0.009499967 -0.23312 0.005846977 0.009499967 -0.23252 0.009878993 0.009499967 -0.228853 0.01059299 0.009499967 -0.22768 0.011168 0.009499967 -0.226432 0.011994 0.009499967 -0.222413 0.011958 0.009499967 -0.22104 0.011765 0.009499967 -0.21968 0.01159596 0.009499967 -0.225127 0.01187294 0.009499967 -0.223782 0.01141899 -0.009499967 -0.218351 0.011765 -0.009499967 -0.21968 0.011958 -0.009499967 -0.22104 0.011994 -0.009499967 -0.222413 0.01187294 -0.009499967 -0.223782 0.01159596 -0.009499967 -0.225127 0.011168 -0.009499967 -0.226432 0.01059299 -0.009499967 -0.22768 0.009878993 -0.009499967 -0.228853 0.009034991 -0.009499967 -0.229938 0.008073985 -0.009499967 -0.230919 0.007005989 -0.009499967 -0.231783 0.005846977 -0.009499967 -0.23252 0.004610955 -0.009499967 -0.23312 0.003314971 -0.009499967 -0.233574 0.001974999 -0.009499967 -0.233877 6.09e-4 -0.009499967 -0.234025 -7.65e-4 -0.009499967 -0.234017 -0.002127945 -0.009499967 -0.233851 -0.003463983 -0.009499967 -0.23353 -0.004753947 -0.009499967 -0.233059 -0.005981981 -0.009499967 -0.232443 -0.007131993 -0.009499967 -0.231691 -0.008187949 -0.009499967 -0.230813 -0.009136974 -0.009499967 -0.22982 -0.009965956 -0.009499967 -0.228725 -0.01066499 -0.009499967 -0.227542 -0.01122397 -0.009499967 -0.226287 -0.01163494 -0.009499967 -0.224976 -0.011895 -0.009499967 -0.223627 -0.01199799 -0.009499967 -0.222258 0 -0.009499967 -0.222041 0 -0.01249998 -0.222041 0.01329195 0.008499979 -0.217646 0.01329195 0.009499967 -0.217646 0.01368796 0.008499979 -0.219102 0.01368796 0.009499967 -0.219102 0.01392495 0.008499979 -0.220591 0.01392495 0.009499967 -0.220591 0.01399999 0.008499979 -0.2220979 0.01399999 0.009499967 -0.2220979 0.01391196 0.008499979 -0.223604 0.01391196 0.009499967 -0.223604 0.01366394 0.008499979 -0.2250919 0.01366394 0.009499967 -0.2250919 0.01325595 0.008499979 -0.226544 0.01325595 0.009499967 -0.226544 0.01269495 0.008499979 -0.227944 0.01269495 0.009499967 -0.227944 0.01198595 0.008499979 -0.229276 0.01198595 0.009499967 -0.229276 0.01113796 0.008499979 -0.230523 0.01113796 0.009499967 -0.230523 0.01015996 0.008499979 -0.231672 0.01015996 0.009499967 -0.231672 0.009064972 0.008499979 -0.23271 0.009064972 0.009499967 -0.23271 0.007864952 0.008499979 -0.233623 0.007864952 0.009499967 -0.233623 0.006572961 0.008499979 -0.234402 0.006572961 0.009499967 -0.234402 0.005204975 0.008499979 -0.235037 0.005204975 0.009499967 -0.235037 0.003775954 0.008499979 -0.235522 0.003775954 0.009499967 -0.235522 0.002303957 0.008499979 -0.23585 0.002303957 0.009499967 -0.23585 8.05e-4 0.008499979 -0.236018 8.05e-4 0.009499967 -0.236018 -7.04e-4 0.008499979 -0.236023 -7.04e-4 0.009499967 -0.236023 -0.002203941 0.008499979 -0.235866 -0.002203941 0.009499967 -0.235866 -0.003678977 0.008499979 -0.235549 -0.003678977 0.009499967 -0.235549 -0.005110979 0.008499979 -0.2350749 -0.005110979 0.009499967 -0.2350749 -0.006482958 0.008499979 -0.234449 -0.006482958 0.009499967 -0.234449 -0.007780969 0.008499979 -0.23368 -0.007780969 0.009499967 -0.23368 -0.008987963 0.008499979 -0.232775 -0.008987963 0.009499967 -0.232775 -0.01008999 0.008499979 -0.231746 -0.01008999 0.009499967 -0.231746 -0.01107597 0.008499979 -0.2306039 -0.01107597 0.009499967 -0.2306039 -0.01193296 0.008499979 -0.229362 -0.01193296 0.009499967 -0.229362 -0.01265096 0.008499979 -0.228036 -0.01265096 0.009499967 -0.228036 -0.01322299 0.008499979 -0.22664 -0.01322299 0.009499967 -0.22664 -0.01364099 0.008499979 -0.2251909 -0.01364099 0.009499967 -0.2251909 -0.01390099 0.008499979 -0.2237049 -0.01390099 0.009499967 -0.2237049 -0.01399898 0.008499979 -0.222199 -0.01399898 0.009499967 -0.222199 0.01329195 -0.007499992 -0.217646 0.01329195 -0.006499946 -0.217646 0.01368796 -0.007499992 -0.219102 0.01368796 -0.006499946 -0.219102 0.01392495 -0.007499992 -0.220591 0.01392495 -0.006499946 -0.220591 0.01399999 -0.007499992 -0.2220979 0.01399999 -0.006499946 -0.2220979 0.01391196 -0.007499992 -0.223604 0.01391196 -0.006499946 -0.223604 0.01366394 -0.007499992 -0.2250919 0.01366394 -0.006499946 -0.2250919 0.01325595 -0.007499992 -0.226544 0.01325595 -0.006499946 -0.226544 0.01269495 -0.007499992 -0.227944 0.01269495 -0.006499946 -0.227944 0.01198595 -0.007499992 -0.229276 0.01198595 -0.006499946 -0.229276 0.01113796 -0.007499992 -0.230523 0.01113796 -0.006499946 -0.230523 0.01015996 -0.007499992 -0.231672 0.01015996 -0.006499946 -0.231672 0.009064972 -0.007499992 -0.23271 0.009064972 -0.006499946 -0.23271 0.007864952 -0.007499992 -0.233623 0.007864952 -0.006499946 -0.233623 0.006572961 -0.007499992 -0.234402 0.006572961 -0.006499946 -0.234402 0.005204975 -0.007499992 -0.235037 0.005204975 -0.006499946 -0.235037 0.003775954 -0.007499992 -0.235522 0.003775954 -0.006499946 -0.235522 0.002303957 -0.007499992 -0.23585 0.002303957 -0.006499946 -0.23585 8.05e-4 -0.007499992 -0.236018 8.05e-4 -0.006499946 -0.236018 -7.04e-4 -0.007499992 -0.236023 -7.04e-4 -0.006499946 -0.236023 -0.002203941 -0.007499992 -0.235866 -0.002203941 -0.006499946 -0.235866 -0.003678977 -0.007499992 -0.235549 -0.003678977 -0.006499946 -0.235549 -0.005110979 -0.007499992 -0.2350749 -0.005110979 -0.006499946 -0.2350749 -0.006482958 -0.007499992 -0.234449 -0.006482958 -0.006499946 -0.234449 -0.007780969 -0.007499992 -0.23368 -0.007780969 -0.006499946 -0.23368 -0.008987963 -0.007499992 -0.232775 -0.008987963 -0.006499946 -0.232775 -0.01008999 -0.007499992 -0.231746 -0.01008999 -0.006499946 -0.231746 -0.01107597 -0.007499992 -0.2306039 -0.01107597 -0.006499946 -0.2306039 -0.01193296 -0.007499992 -0.229362 -0.01193296 -0.006499946 -0.229362 -0.01265096 -0.007499992 -0.228036 -0.01265096 -0.006499946 -0.228036 -0.01322299 -0.007499992 -0.22664 -0.01322299 -0.006499946 -0.22664 -0.01364099 -0.007499992 -0.2251909 -0.01364099 -0.006499946 -0.2251909 -0.01390099 -0.007499992 -0.2237049 -0.01390099 -0.006499946 -0.2237049 -0.01399898 -0.007499992 -0.222199 -0.01399898 -0.006499946 -0.222199 0.01329195 -0.005499958 -0.217646 0.01329195 -0.004499971 -0.217646 0.01368796 -0.005499958 -0.219102 0.01368796 -0.004499971 -0.219102 0.01392495 -0.005499958 -0.220591 0.01392495 -0.004499971 -0.220591 0.01399999 -0.005499958 -0.2220979 0.01399999 -0.004499971 -0.2220979 0.01391196 -0.005499958 -0.223604 0.01391196 -0.004499971 -0.223604 0.01366394 -0.005499958 -0.2250919 0.01366394 -0.004499971 -0.2250919 0.01325595 -0.005499958 -0.226544 0.01325595 -0.004499971 -0.226544 0.01269495 -0.005499958 -0.227944 0.01269495 -0.004499971 -0.227944 0.01198595 -0.005499958 -0.229276 0.01198595 -0.004499971 -0.229276 0.01113796 -0.005499958 -0.230523 0.01113796 -0.004499971 -0.230523 0.01015996 -0.005499958 -0.231672 0.01015996 -0.004499971 -0.231672 0.009064972 -0.005499958 -0.23271 0.009064972 -0.004499971 -0.23271 0.007864952 -0.005499958 -0.233623 0.007864952 -0.004499971 -0.233623 0.006572961 -0.005499958 -0.234402 0.006572961 -0.004499971 -0.234402 0.005204975 -0.005499958 -0.235037 0.005204975 -0.004499971 -0.235037 0.003775954 -0.005499958 -0.235522 0.003775954 -0.004499971 -0.235522 0.002303957 -0.005499958 -0.23585 0.002303957 -0.004499971 -0.23585 8.05e-4 -0.005499958 -0.236018 8.05e-4 -0.004499971 -0.236018 -7.04e-4 -0.005499958 -0.236023 -7.04e-4 -0.004499971 -0.236023 -0.002203941 -0.005499958 -0.235866 -0.002203941 -0.004499971 -0.235866 -0.003678977 -0.005499958 -0.235549 -0.003678977 -0.004499971 -0.235549 -0.005110979 -0.005499958 -0.2350749 -0.005110979 -0.004499971 -0.2350749 -0.006482958 -0.005499958 -0.234449 -0.006482958 -0.004499971 -0.234449 -0.007780969 -0.005499958 -0.23368 -0.007780969 -0.004499971 -0.23368 -0.008987963 -0.005499958 -0.232775 -0.008987963 -0.004499971 -0.232775 -0.01008999 -0.005499958 -0.231746 -0.01008999 -0.004499971 -0.231746 -0.01107597 -0.005499958 -0.2306039 -0.01107597 -0.004499971 -0.2306039 -0.01193296 -0.005499958 -0.229362 -0.01193296 -0.004499971 -0.229362 -0.01265096 -0.005499958 -0.228036 -0.01265096 -0.004499971 -0.228036 -0.01322299 -0.005499958 -0.22664 -0.01322299 -0.004499971 -0.22664 -0.01364099 -0.005499958 -0.2251909 -0.01364099 -0.004499971 -0.2251909 -0.01390099 -0.005499958 -0.2237049 -0.01390099 -0.004499971 -0.2237049 -0.01399898 -0.005499958 -0.222199 -0.01399898 -0.004499971 -0.222199 0.01329195 -0.003499984 -0.217646 0.01329195 -0.002499997 -0.217646 0.01368796 -0.003499984 -0.219102 0.01368796 -0.002499997 -0.219102 0.01392495 -0.003499984 -0.220591 0.01392495 -0.002499997 -0.220591 0.01399999 -0.003499984 -0.2220979 0.01399999 -0.002499997 -0.2220979 0.01391196 -0.003499984 -0.223604 0.01391196 -0.002499997 -0.223604 0.01366394 -0.003499984 -0.2250919 0.01366394 -0.002499997 -0.2250919 0.01325595 -0.003499984 -0.226544 0.01325595 -0.002499997 -0.226544 0.01269495 -0.003499984 -0.227944 0.01269495 -0.002499997 -0.227944 0.01198595 -0.003499984 -0.229276 0.01198595 -0.002499997 -0.229276 0.01113796 -0.003499984 -0.230523 0.01113796 -0.002499997 -0.230523 0.01015996 -0.003499984 -0.231672 0.01015996 -0.002499997 -0.231672 0.009064972 -0.003499984 -0.23271 0.009064972 -0.002499997 -0.23271 0.007864952 -0.003499984 -0.233623 0.007864952 -0.002499997 -0.233623 0.006572961 -0.003499984 -0.234402 0.006572961 -0.002499997 -0.234402 0.005204975 -0.003499984 -0.235037 0.005204975 -0.002499997 -0.235037 0.003775954 -0.003499984 -0.235522 0.003775954 -0.002499997 -0.235522 0.002303957 -0.003499984 -0.23585 0.002303957 -0.002499997 -0.23585 8.05e-4 -0.003499984 -0.236018 8.05e-4 -0.002499997 -0.236018 -7.04e-4 -0.003499984 -0.236023 -7.04e-4 -0.002499997 -0.236023 -0.002203941 -0.003499984 -0.235866 -0.002203941 -0.002499997 -0.235866 -0.003678977 -0.003499984 -0.235549 -0.003678977 -0.002499997 -0.235549 -0.005110979 -0.003499984 -0.2350749 -0.005110979 -0.002499997 -0.2350749 -0.006482958 -0.003499984 -0.234449 -0.006482958 -0.002499997 -0.234449 -0.007780969 -0.003499984 -0.23368 -0.007780969 -0.002499997 -0.23368 -0.008987963 -0.003499984 -0.232775 -0.008987963 -0.002499997 -0.232775 -0.01008999 -0.003499984 -0.231746 -0.01008999 -0.002499997 -0.231746 -0.01107597 -0.003499984 -0.2306039 -0.01107597 -0.002499997 -0.2306039 -0.01193296 -0.003499984 -0.229362 -0.01193296 -0.002499997 -0.229362 -0.01265096 -0.003499984 -0.228036 -0.01265096 -0.002499997 -0.228036 -0.01322299 -0.003499984 -0.22664 -0.01322299 -0.002499997 -0.22664 -0.01364099 -0.003499984 -0.2251909 -0.01364099 -0.002499997 -0.2251909 -0.01390099 -0.003499984 -0.2237049 -0.01390099 -0.002499997 -0.2237049 -0.01399898 -0.003499984 -0.222199 -0.01399898 -0.002499997 -0.222199 0.01329195 0.006499946 -0.217646 0.01329195 0.007499992 -0.217646 0.01368796 0.006499946 -0.219102 0.01368796 0.007499992 -0.219102 0.01392495 0.006499946 -0.220591 0.01392495 0.007499992 -0.220591 0.01399999 0.006499946 -0.2220979 0.01399999 0.007499992 -0.2220979 0.01391196 0.006499946 -0.223604 0.01391196 0.007499992 -0.223604 0.01366394 0.006499946 -0.2250919 0.01366394 0.007499992 -0.2250919 0.01325595 0.006499946 -0.226544 0.01325595 0.007499992 -0.226544 0.01269495 0.006499946 -0.227944 0.01269495 0.007499992 -0.227944 0.01198595 0.006499946 -0.229276 0.01198595 0.007499992 -0.229276 0.01113796 0.006499946 -0.230523 0.01113796 0.007499992 -0.230523 0.01015996 0.006499946 -0.231672 0.01015996 0.007499992 -0.231672 0.009064972 0.006499946 -0.23271 0.009064972 0.007499992 -0.23271 0.007864952 0.006499946 -0.233623 0.007864952 0.007499992 -0.233623 0.006572961 0.006499946 -0.234402 0.006572961 0.007499992 -0.234402 0.005204975 0.006499946 -0.235037 0.005204975 0.007499992 -0.235037 0.003775954 0.006499946 -0.235522 0.003775954 0.007499992 -0.235522 0.002303957 0.006499946 -0.23585 0.002303957 0.007499992 -0.23585 8.05e-4 0.006499946 -0.236018 8.05e-4 0.007499992 -0.236018 -7.04e-4 0.006499946 -0.236023 -7.04e-4 0.007499992 -0.236023 -0.002203941 0.006499946 -0.235866 -0.002203941 0.007499992 -0.235866 -0.003678977 0.006499946 -0.235549 -0.003678977 0.007499992 -0.235549 -0.005110979 0.006499946 -0.2350749 -0.005110979 0.007499992 -0.2350749 -0.006482958 0.006499946 -0.234449 -0.006482958 0.007499992 -0.234449 -0.007780969 0.006499946 -0.23368 -0.007780969 0.007499992 -0.23368 -0.008987963 0.006499946 -0.232775 -0.008987963 0.007499992 -0.232775 -0.01008999 0.006499946 -0.231746 -0.01008999 0.007499992 -0.231746 -0.01107597 0.006499946 -0.2306039 -0.01107597 0.007499992 -0.2306039 -0.01193296 0.006499946 -0.229362 -0.01193296 0.007499992 -0.229362 -0.01265096 0.006499946 -0.228036 -0.01265096 0.007499992 -0.228036 -0.01322299 0.006499946 -0.22664 -0.01322299 0.007499992 -0.22664 -0.01364099 0.006499946 -0.2251909 -0.01364099 0.007499992 -0.2251909 -0.01390099 0.006499946 -0.2237049 -0.01390099 0.007499992 -0.2237049 -0.01399898 0.006499946 -0.222199 -0.01399898 0.007499992 -0.222199 0.01329195 0.004499971 -0.217646 0.01329195 0.005499958 -0.217646 0.01368796 0.004499971 -0.219102 0.01368796 0.005499958 -0.219102 0.01392495 0.004499971 -0.220591 0.01392495 0.005499958 -0.220591 0.01399999 0.004499971 -0.2220979 0.01399999 0.005499958 -0.2220979 0.01391196 0.004499971 -0.223604 0.01391196 0.005499958 -0.223604 0.01366394 0.004499971 -0.2250919 0.01366394 0.005499958 -0.2250919 0.01325595 0.004499971 -0.226544 0.01325595 0.005499958 -0.226544 0.01269495 0.004499971 -0.227944 0.01269495 0.005499958 -0.227944 0.01198595 0.004499971 -0.229276 0.01198595 0.005499958 -0.229276 0.01113796 0.004499971 -0.230523 0.01113796 0.005499958 -0.230523 0.01015996 0.004499971 -0.231672 0.01015996 0.005499958 -0.231672 0.009064972 0.004499971 -0.23271 0.009064972 0.005499958 -0.23271 0.007864952 0.004499971 -0.233623 0.007864952 0.005499958 -0.233623 0.006572961 0.004499971 -0.234402 0.006572961 0.005499958 -0.234402 0.005204975 0.004499971 -0.235037 0.005204975 0.005499958 -0.235037 0.003775954 0.004499971 -0.235522 0.003775954 0.005499958 -0.235522 0.002303957 0.004499971 -0.23585 0.002303957 0.005499958 -0.23585 8.05e-4 0.004499971 -0.236018 8.05e-4 0.005499958 -0.236018 -7.04e-4 0.004499971 -0.236023 -7.04e-4 0.005499958 -0.236023 -0.002203941 0.004499971 -0.235866 -0.002203941 0.005499958 -0.235866 -0.003678977 0.004499971 -0.235549 -0.003678977 0.005499958 -0.235549 -0.005110979 0.004499971 -0.2350749 -0.005110979 0.005499958 -0.2350749 -0.006482958 0.004499971 -0.234449 -0.006482958 0.005499958 -0.234449 -0.007780969 0.004499971 -0.23368 -0.007780969 0.005499958 -0.23368 -0.008987963 0.004499971 -0.232775 -0.008987963 0.005499958 -0.232775 -0.01008999 0.004499971 -0.231746 -0.01008999 0.005499958 -0.231746 -0.01107597 0.004499971 -0.2306039 -0.01107597 0.005499958 -0.2306039 -0.01193296 0.004499971 -0.229362 -0.01193296 0.005499958 -0.229362 -0.01265096 0.004499971 -0.228036 -0.01265096 0.005499958 -0.228036 -0.01322299 0.004499971 -0.22664 -0.01322299 0.005499958 -0.22664 -0.01364099 0.004499971 -0.2251909 -0.01364099 0.005499958 -0.2251909 -0.01390099 0.004499971 -0.2237049 -0.01390099 0.005499958 -0.2237049 -0.01399898 0.004499971 -0.222199 -0.01399898 0.005499958 -0.222199 0.01329195 0.002499997 -0.217646 0.01329195 0.003499984 -0.217646 0.01368796 0.002499997 -0.219102 0.01368796 0.003499984 -0.219102 0.01392495 0.002499997 -0.220591 0.01392495 0.003499984 -0.220591 0.01399999 0.002499997 -0.2220979 0.01399999 0.003499984 -0.2220979 0.01391196 0.002499997 -0.223604 0.01391196 0.003499984 -0.223604 0.01366394 0.002499997 -0.2250919 0.01366394 0.003499984 -0.2250919 0.01325595 0.002499997 -0.226544 0.01325595 0.003499984 -0.226544 0.01269495 0.002499997 -0.227944 0.01269495 0.003499984 -0.227944 0.01198595 0.002499997 -0.229276 0.01198595 0.003499984 -0.229276 0.01113796 0.002499997 -0.230523 0.01113796 0.003499984 -0.230523 0.01015996 0.002499997 -0.231672 0.01015996 0.003499984 -0.231672 0.009064972 0.002499997 -0.23271 0.009064972 0.003499984 -0.23271 0.007864952 0.002499997 -0.233623 0.007864952 0.003499984 -0.233623 0.006572961 0.002499997 -0.234402 0.006572961 0.003499984 -0.234402 0.005204975 0.002499997 -0.235037 0.005204975 0.003499984 -0.235037 0.003775954 0.002499997 -0.235522 0.003775954 0.003499984 -0.235522 0.002303957 0.002499997 -0.23585 0.002303957 0.003499984 -0.23585 8.05e-4 0.002499997 -0.236018 8.05e-4 0.003499984 -0.236018 -7.04e-4 0.002499997 -0.236023 -7.04e-4 0.003499984 -0.236023 -0.002203941 0.002499997 -0.235866 -0.002203941 0.003499984 -0.235866 -0.003678977 0.002499997 -0.235549 -0.003678977 0.003499984 -0.235549 -0.005110979 0.002499997 -0.2350749 -0.005110979 0.003499984 -0.2350749 -0.006482958 0.002499997 -0.234449 -0.006482958 0.003499984 -0.234449 -0.007780969 0.002499997 -0.23368 -0.007780969 0.003499984 -0.23368 -0.008987963 0.002499997 -0.232775 -0.008987963 0.003499984 -0.232775 -0.01008999 0.002499997 -0.231746 -0.01008999 0.003499984 -0.231746 -0.01107597 0.002499997 -0.2306039 -0.01107597 0.003499984 -0.2306039 -0.01193296 0.002499997 -0.229362 -0.01193296 0.003499984 -0.229362 -0.01265096 0.002499997 -0.228036 -0.01265096 0.003499984 -0.228036 -0.01322299 0.002499997 -0.22664 -0.01322299 0.003499984 -0.22664 -0.01364099 0.002499997 -0.2251909 -0.01364099 0.003499984 -0.2251909 -0.01390099 0.002499997 -0.2237049 -0.01390099 0.003499984 -0.2237049 -0.01399898 0.002499997 -0.222199 -0.01399898 0.003499984 -0.222199 0.01329195 5e-4 -0.217646 0.01329195 0.00149995 -0.217646 0.01368796 5e-4 -0.219102 0.01368796 0.00149995 -0.219102 0.01392495 5e-4 -0.220591 0.01392495 0.00149995 -0.220591 0.01399999 5e-4 -0.2220979 0.01399999 0.00149995 -0.2220979 0.01391196 5e-4 -0.223604 0.01391196 0.00149995 -0.223604 0.01366394 5e-4 -0.2250919 0.01366394 0.00149995 -0.2250919 0.01325595 5e-4 -0.226544 0.01325595 0.00149995 -0.226544 0.01269495 5e-4 -0.227944 0.01269495 0.00149995 -0.227944 0.01198595 5e-4 -0.229276 0.01198595 0.00149995 -0.229276 0.01113796 5e-4 -0.230523 0.01113796 0.00149995 -0.230523 0.01015996 5e-4 -0.231672 0.01015996 0.00149995 -0.231672 0.009064972 5e-4 -0.23271 0.009064972 0.00149995 -0.23271 0.007864952 5e-4 -0.233623 0.007864952 0.00149995 -0.233623 0.006572961 5e-4 -0.234402 0.006572961 0.00149995 -0.234402 0.005204975 5e-4 -0.235037 0.005204975 0.00149995 -0.235037 0.003775954 5e-4 -0.235522 0.003775954 0.00149995 -0.235522 0.002303957 5e-4 -0.23585 0.002303957 0.00149995 -0.23585 8.05e-4 5e-4 -0.236018 8.05e-4 0.00149995 -0.236018 -7.04e-4 5e-4 -0.236023 -7.04e-4 0.00149995 -0.236023 -0.002203941 5e-4 -0.235866 -0.002203941 0.00149995 -0.235866 -0.003678977 5e-4 -0.235549 -0.003678977 0.00149995 -0.235549 -0.005110979 5e-4 -0.2350749 -0.005110979 0.00149995 -0.2350749 -0.006482958 5e-4 -0.234449 -0.006482958 0.00149995 -0.234449 -0.007780969 5e-4 -0.23368 -0.007780969 0.00149995 -0.23368 -0.008987963 5e-4 -0.232775 -0.008987963 0.00149995 -0.232775 -0.01008999 5e-4 -0.231746 -0.01008999 0.00149995 -0.231746 -0.01107597 5e-4 -0.2306039 -0.01107597 0.00149995 -0.2306039 -0.01193296 5e-4 -0.229362 -0.01193296 0.00149995 -0.229362 -0.01265096 5e-4 -0.228036 -0.01265096 0.00149995 -0.228036 -0.01322299 5e-4 -0.22664 -0.01322299 0.00149995 -0.22664 -0.01364099 5e-4 -0.2251909 -0.01364099 0.00149995 -0.2251909 -0.01390099 5e-4 -0.2237049 -0.01390099 0.00149995 -0.2237049 -0.01399898 5e-4 -0.222199 -0.01399898 0.00149995 -0.222199 0.01329195 -0.00149995 -0.217646 0.01329195 -5e-4 -0.217646 0.01368796 -0.00149995 -0.219102 0.01368796 -5e-4 -0.219102 0.01392495 -0.00149995 -0.220591 0.01392495 -5e-4 -0.220591 0.01399999 -0.00149995 -0.2220979 0.01399999 -5e-4 -0.2220979 0.01391196 -0.00149995 -0.223604 0.01391196 -5e-4 -0.223604 0.01366394 -0.00149995 -0.2250919 0.01366394 -5e-4 -0.2250919 0.01325595 -0.00149995 -0.226544 0.01325595 -5e-4 -0.226544 0.01269495 -0.00149995 -0.227944 0.01269495 -5e-4 -0.227944 0.01198595 -0.00149995 -0.229276 0.01198595 -5e-4 -0.229276 0.01113796 -0.00149995 -0.230523 0.01113796 -5e-4 -0.230523 0.01015996 -0.00149995 -0.231672 0.01015996 -5e-4 -0.231672 0.009064972 -0.00149995 -0.23271 0.009064972 -5e-4 -0.23271 0.007864952 -0.00149995 -0.233623 0.007864952 -5e-4 -0.233623 0.006572961 -0.00149995 -0.234402 0.006572961 -5e-4 -0.234402 0.005204975 -0.00149995 -0.235037 0.005204975 -5e-4 -0.235037 0.003775954 -0.00149995 -0.235522 0.003775954 -5e-4 -0.235522 0.002303957 -0.00149995 -0.23585 0.002303957 -5e-4 -0.23585 8.05e-4 -0.00149995 -0.236018 8.05e-4 -5e-4 -0.236018 -7.04e-4 -0.00149995 -0.236023 -7.04e-4 -5e-4 -0.236023 -0.002203941 -0.00149995 -0.235866 -0.002203941 -5e-4 -0.235866 -0.003678977 -0.00149995 -0.235549 -0.003678977 -5e-4 -0.235549 -0.005110979 -0.00149995 -0.2350749 -0.005110979 -5e-4 -0.2350749 -0.006482958 -0.00149995 -0.234449 -0.006482958 -5e-4 -0.234449 -0.007780969 -0.00149995 -0.23368 -0.007780969 -5e-4 -0.23368 -0.008987963 -0.00149995 -0.232775 -0.008987963 -5e-4 -0.232775 -0.01008999 -0.00149995 -0.231746 -0.01008999 -5e-4 -0.231746 -0.01107597 -0.00149995 -0.2306039 -0.01107597 -5e-4 -0.2306039 -0.01193296 -0.00149995 -0.229362 -0.01193296 -5e-4 -0.229362 -0.01265096 -0.00149995 -0.228036 -0.01265096 -5e-4 -0.228036 -0.01322299 -0.00149995 -0.22664 -0.01322299 -5e-4 -0.22664 -0.01364099 -0.00149995 -0.2251909 -0.01364099 -5e-4 -0.2251909 -0.01390099 -0.00149995 -0.2237049 -0.01390099 -5e-4 -0.2237049 -0.01399898 -0.00149995 -0.222199 -0.01399898 -5e-4 -0.222199 0.01329195 -0.009499967 -0.217646 0.01329195 -0.008499979 -0.217646 0.01368796 -0.009499967 -0.219102 0.01368796 -0.008499979 -0.219102 0.01392495 -0.009499967 -0.220591 0.01392495 -0.008499979 -0.220591 0.01399999 -0.009499967 -0.2220979 0.01399999 -0.008499979 -0.2220979 0.01391196 -0.009499967 -0.223604 0.01391196 -0.008499979 -0.223604 0.01366394 -0.009499967 -0.2250919 0.01366394 -0.008499979 -0.2250919 0.01325595 -0.009499967 -0.226544 0.01325595 -0.008499979 -0.226544 0.01269495 -0.009499967 -0.227944 0.01269495 -0.008499979 -0.227944 0.01198595 -0.009499967 -0.229276 0.01198595 -0.008499979 -0.229276 0.01113796 -0.009499967 -0.230523 0.01113796 -0.008499979 -0.230523 0.01015996 -0.009499967 -0.231672 0.01015996 -0.008499979 -0.231672 0.009064972 -0.009499967 -0.23271 0.009064972 -0.008499979 -0.23271 0.007864952 -0.009499967 -0.233623 0.007864952 -0.008499979 -0.233623 0.006572961 -0.009499967 -0.234402 0.006572961 -0.008499979 -0.234402 0.005204975 -0.009499967 -0.235037 0.005204975 -0.008499979 -0.235037 0.003775954 -0.009499967 -0.235522 0.003775954 -0.008499979 -0.235522 0.002303957 -0.009499967 -0.23585 0.002303957 -0.008499979 -0.23585 8.05e-4 -0.009499967 -0.236018 8.05e-4 -0.008499979 -0.236018 -7.04e-4 -0.009499967 -0.236023 -7.04e-4 -0.008499979 -0.236023 -0.002203941 -0.009499967 -0.235866 -0.002203941 -0.008499979 -0.235866 -0.003678977 -0.009499967 -0.235549 -0.003678977 -0.008499979 -0.235549 -0.005110979 -0.009499967 -0.2350749 -0.005110979 -0.008499979 -0.2350749 -0.006482958 -0.009499967 -0.234449 -0.006482958 -0.008499979 -0.234449 -0.007780969 -0.009499967 -0.23368 -0.007780969 -0.008499979 -0.23368 -0.008987963 -0.009499967 -0.232775 -0.008987963 -0.008499979 -0.232775 -0.01008999 -0.009499967 -0.231746 -0.01008999 -0.008499979 -0.231746 -0.01107597 -0.009499967 -0.2306039 -0.01107597 -0.008499979 -0.2306039 -0.01193296 -0.009499967 -0.229362 -0.01193296 -0.008499979 -0.229362 -0.01265096 -0.009499967 -0.228036 -0.01265096 -0.008499979 -0.228036 -0.01322299 -0.009499967 -0.22664 -0.01322299 -0.008499979 -0.22664 -0.01364099 -0.009499967 -0.2251909 -0.01364099 -0.008499979 -0.2251909 -0.01390099 -0.009499967 -0.2237049 -0.01390099 -0.008499979 -0.2237049 -0.01399898 -0.009499967 -0.222199 -0.01399898 -0.008499979 -0.222199 0.01384896 -0.001765966 -0.2157379 0.013852 0 -0.215736 0.01306694 0 -0.212993 0.01377195 0.009499967 -0.215773 0.01373398 0.01178699 -0.21579 0.01294797 0.01157295 -0.212918 0.01383197 0.004534959 -0.215745 0.01383298 -0.004491984 -0.215745 0.01373398 -0.01178699 -0.21579 0.013767 -0.009793996 -0.215775 0.01290798 -0.01156198 -0.212775 0.01303499 -0.005753993 -0.212972 0.01160895 -0.01124995 -0.2082 0.01207399 -0.005658984 -0.209692 0.01029199 -0.01093697 -0.203584 0.01010197 -0.005468964 -0.203006 0.009126961 -0.010625 -0.19936 0.009234964 -0.005372941 -0.199945 0.008601963 -0.01044899 -0.197319 0.008543968 -0.005277991 -0.1973029 0.008256971 -0.01031196 -0.195877 0.007541954 -0.00999999 -0.192631 0.008010983 -0.005182981 -0.194967 0.01209199 0 -0.209704 0.01008898 0 -0.202998 0.00921297 0 -0.199933 0.008521974 0 -0.197296 0.01384395 0.002801954 -0.21574 0.01303499 0.005753993 -0.212972 0.01207399 0.005658984 -0.209692 0.01010197 0.005468964 -0.203006 0.009234964 0.005373954 -0.199945 0.008543968 0.005277991 -0.1973029 0.01202595 0.01134794 -0.209659 0.01013499 0.01089894 -0.203029 0.00929296 0.01067399 -0.199979 0.009126961 0.010625 -0.19936 0.008601963 0.01044899 -0.197319 0.008256971 0.01031297 -0.195877 0.007996976 0 -0.19497 0.008010983 0.005182981 -0.194967 0.008045971 0.01022499 -0.194958 0.007541954 -0.005087971 -0.192631 0.007541954 0 -0.192631 0.007541954 0.005087971 -0.192631 0.007541954 0.00999999 -0.192631 -0.007007956 -0.01156198 -0.210611 -0.007199943 -0.01154798 -0.210395 -0.01367294 -0.01156198 -0.209895 -0.007340967 -0.01153498 -0.210207 -0.007409989 -0.01152795 -0.210101 -0.007548987 -0.01151096 -0.209854 -0.007597982 -0.01150399 -0.209752 -0.007691979 -0.01148694 -0.209519 -0.007771968 -0.01146894 -0.209259 -0.007792949 -0.01146298 -0.209172 -0.007842957 -0.01144295 -0.208891 -0.007857978 -0.01143199 -0.208743 -0.007866978 -0.01141595 -0.2085289 -0.01330596 -0.01124995 -0.205672 0.01160097 -0.01188695 -0.2167609 -0.001633942 -0.01157999 -0.211432 -0.001880943 -0.01158899 -0.2115319 -0.002126991 -0.01159697 -0.211607 -0.002227962 -0.011599 -0.211631 -0.002510964 -0.01160496 -0.211679 -0.002642989 -0.01160699 -0.211693 -0.00287199 -0.01160997 -0.211702 -0.00316596 -0.01161098 -0.211688 -0.01406198 -0.01187497 -0.2138929 -0.00515598 -0.01161295 -0.211495 -0.005515992 -0.01161199 -0.211438 -0.005670964 -0.01160997 -0.2114 -0.005862951 -0.01160699 -0.2113389 -0.006125986 -0.01160198 -0.211232 -0.006159961 -0.01160097 -0.211216 -0.006446957 -0.01159095 -0.21106 -0.006610989 -0.01158398 -0.210951 -0.006742 -0.01157796 -0.210851 -0.006954967 -0.01156598 -0.210664 1.09e-4 -0.01138895 -0.208991 5.2e-5 -0.011415 -0.20935 1.4e-5 -0.01142597 -0.209505 -4.7e-5 -0.01144099 -0.209698 -1.56e-4 -0.01146095 -0.209965 -1.7e-4 -0.01146298 -0.209995 -3.29e-4 -0.01148498 -0.210285 -4.35e-4 -0.01149797 -0.210445 -5.37e-4 -0.01150798 -0.21058 -7.29e-4 -0.01152598 -0.2107959 -7.75e-4 -0.01152896 -0.210843 -9.98e-4 -0.01154595 -0.211041 -0.001178979 -0.01155698 -0.211175 -0.001292943 -0.01156395 -0.21125 -0.001544952 -0.01157599 -0.21139 7.84e-4 -0.01088696 -0.202017 0.001153945 -0.01058697 -0.198194 0.001448988 -0.01030695 -0.195145 0.001746952 -0.00999999 -0.19207 0.005824983 -0.012187 -0.21939 0.00662297 -0.01214498 -0.219027 -0.014265 -0.01203095 -0.215739 0.008783996 -0.01202994 -0.218043 0.009467959 -0.011994 -0.217732 -0.01447796 -0.012187 -0.2174749 -0.01470094 -0.012344 -0.219101 0.003425955 -0.01231294 -0.220482 0 -0.01249998 -0.222041 -0.007852971 -0.01139396 -0.20822 -0.007177948 -0.01088297 -0.201245 -0.01295596 -0.01093697 -0.201445 -0.006903946 -0.01066195 -0.198406 -0.01261997 -0.010625 -0.1974329 -0.006546974 -0.010342 -0.194725 -0.01229798 -0.01031196 -0.193843 -0.006215989 -0.00999999 -0.191299 -0.01203995 -0.00999999 -0.190735 -0.006215989 -0.007999956 -0.191299 0.001746952 -0.007999956 -0.19207 0.006051957 -0.006499946 -0.192486 -0.01054996 -0.006499946 -0.19088 -0.01203995 0.00999999 -0.190735 -0.01203995 0.005087971 -0.190735 -0.01054996 0.006499946 -0.19088 -0.01203995 0 -0.190735 -0.01203995 -0.005087971 -0.190735 -0.006215989 0.00999999 -0.191299 -0.006215989 0.007999956 -0.191299 0.001746952 0.007999956 -0.19207 0.006051957 0.006499946 -0.192486 0.001746952 0.00999999 -0.19207 -0.007159948 0.01155096 -0.210445 -0.007007956 0.01156198 -0.210611 -0.01367294 0.011563 -0.209895 -0.01470094 0.012344 -0.219101 0.003425955 0.01231294 -0.220482 -0.01447796 0.01218795 -0.2174749 0.005824983 0.012187 -0.21939 0.00662297 0.01214498 -0.219027 -0.014265 0.01203095 -0.215739 0.008783996 0.01202994 -0.218043 0.009467959 0.011994 -0.217732 -0.01406198 0.01187497 -0.2138929 0.01160097 0.01188695 -0.2167609 -0.006910979 0.01156896 -0.2107059 -0.006689965 0.011581 -0.210892 -0.006610989 0.01158499 -0.210951 -0.006387948 0.01159298 -0.211095 -0.006159961 0.01160097 -0.211216 -0.006065964 0.01160299 -0.211259 -0.005796968 0.01160895 -0.211361 -0.005670964 0.01160997 -0.2114 -0.00544697 0.01161295 -0.211453 -0.002642989 0.011608 -0.211693 -0.002442955 0.01160395 -0.21167 -0.00515598 0.01161295 -0.211495 -0.00316596 0.01161098 -0.211688 -0.002801954 0.01160895 -0.211701 -0.002162992 0.01159799 -0.211616 -0.002126991 0.01159697 -0.211607 -0.001815974 0.01158696 -0.211508 -0.001633942 0.01157999 -0.211432 -0.001485943 0.01157295 -0.21136 -0.001240968 0.01156097 -0.211217 0.001377999 0.010378 -0.195885 0.001109957 0.010625 -0.198648 0.001060962 0.01066696 -0.1991569 7.84e-4 0.01088696 -0.202015 7.18e-4 0.01093798 -0.202702 2.97e-4 0.01124995 -0.207053 -0.001178979 0.01155698 -0.211175 -9.49e-4 0.01154196 -0.211 -7.75e-4 0.01152896 -0.210843 -6.86e-4 0.01152199 -0.210752 -5.02e-4 0.01150494 -0.210535 -4.35e-4 0.01149797 -0.210445 -2.98e-4 0.01148098 -0.210234 -1.7e-4 0.01146298 -0.209995 -1.32e-4 0.01145696 -0.209913 -2.9e-5 0.01143699 -0.209646 1.4e-5 0.01142597 -0.209505 6.4e-5 0.01141095 -0.209296 1.09e-4 0.01138895 -0.208991 -0.007852971 0.01139396 -0.20822 -0.007865965 0.01142096 -0.208584 -0.007857978 0.01143199 -0.208743 -0.007835984 0.01144599 -0.208944 -0.007779955 0.01146697 -0.209227 -0.007771968 0.01146894 -0.209259 -0.007671952 0.011491 -0.209574 -0.007597982 0.01150399 -0.209752 -0.007523953 0.01151394 -0.209904 -0.007376968 0.01153099 -0.210153 -0.007340967 0.01153498 -0.210207 -0.01330596 0.01124995 -0.205672 -0.01295596 0.01093798 -0.201445 -0.007178962 0.01088297 -0.201247 -0.01261997 0.010625 -0.1974329 -0.006845951 0.01061397 -0.197815 -0.01229798 0.01031297 -0.193843 -0.006525993 0.01032096 -0.194509 -0.01417899 -0.005881965 -0.213842 -0.013758 -0.00575 -0.209841 -0.01453399 -0.009048998 -0.217474 -0.01457595 -0.006014943 -0.217474 -0.01422297 0 -0.213823 -0.013345 0 -0.205645 -0.01333397 0.005617976 -0.2056519 -0.013758 0.00575 -0.209841 -0.01457595 0.006014943 -0.217474 -0.01475995 0.006080985 -0.2191089 -0.01223498 0 -0.19384 -0.01225197 0.005219995 -0.193841 -0.012537 0 -0.197477 -0.01255995 0.005352973 -0.197465 -0.01292794 0.005484998 -0.2014639 -0.01225197 -0.005219995 -0.193841 -0.01255995 -0.005352973 -0.197465 -0.01292794 -0.005484998 -0.2014639 -0.01333397 -0.005617976 -0.2056519 -0.01417899 0.005881965 -0.213842 -0.01492995 0 -0.220596 -0.01492995 0.006146967 -0.220596 -0.01492995 -0.009255945 -0.220596 -0.01492995 -0.006146967 -0.220596 0 -0.009499967 -0.222041 -0.004207968 0.009499967 -0.233279 -0.005638957 0.009499967 -0.232634 0.007627964 0.009499967 -0.231304 0.006353974 0.009499967 -0.232221 4.13e-4 0.009499967 -0.234034 -0.006972968 0.009499967 -0.2318069 -0.009262979 0.009499967 -0.229669 0.004970967 0.009499967 -0.232963 0.003502964 0.009499967 -0.233518 -0.001155972 0.009499967 -0.233985 -0.002704977 0.009499967 -0.233732 0.01147699 0.009499967 -0.218538 0.01183599 0.009499967 -0.220066 0.01199299 0.009499967 -0.221628 0.01194399 0.009499967 -0.223197 -0.01017999 0.009499967 -0.228395 -0.01092195 0.009499967 -0.227012 -0.01147699 0.009499967 -0.225544 -0.01183599 0.009499967 -0.224016 -0.01199299 0.009499967 -0.222454 0.01169097 0.009499967 -0.224746 0.01123797 0.009499967 -0.226249 0.009765982 0.009499967 -0.229014 0.008771955 0.009499967 -0.230229 -0.009262979 -0.009499967 -0.229669 -0.004207968 -0.009499967 -0.233279 -0.002704977 -0.009499967 -0.233732 0.003502964 -0.009499967 -0.233518 0.004970967 -0.009499967 -0.232963 0.006353974 -0.009499967 -0.232221 0.007627964 -0.009499967 -0.231304 0.008771955 -0.009499967 -0.230229 -0.001155972 -0.009499967 -0.233985 4.13e-4 -0.009499967 -0.234034 0.01199299 -0.009499967 -0.221628 0.01183599 -0.009499967 -0.220066 0.01147699 -0.009499967 -0.218538 -0.01199299 -0.009499967 -0.222454 -0.01183599 -0.009499967 -0.224016 -0.01147699 -0.009499967 -0.225544 -0.006972968 -0.009499967 -0.2318069 -0.005638957 -0.009499967 -0.232634 0.009765982 -0.009499967 -0.229014 0.01123797 -0.009499967 -0.226249 0.01169097 -0.009499967 -0.224746 0.01194399 -0.009499967 -0.223197 -0.01092195 -0.009499967 -0.227012 -0.01017999 -0.009499967 -0.228395 -0.009201943 -0.004999995 -0.192517 -0.01103198 -0.004999995 -0.2114289 -0.009201943 0.004999995 -0.192517 -0.01103198 0.004999995 -0.2114289 -0.00128895 0.004999995 -0.19526 -0.001066982 0.004999995 -0.195529 0.004413962 0.004999995 -0.193835 -7.22e-4 0.004999995 -0.196505 -7.25e-4 0.004999995 -0.1968539 -8.96e-4 0.004999995 -0.195833 -7.8e-4 0.004999995 -0.196161 -0.002251982 0.004999995 -0.205214 -0.002030968 0.004999995 -0.205483 -0.001858949 0.004999995 -0.205786 -0.002180993 0.004999995 -0.194734 -0.001853942 0.004999995 -0.194856 -0.001553952 0.004999995 -0.195034 -0.001751959 0.004999995 -0.20715 -0.001874983 0.004999995 -0.207477 0.00258398 0.004999995 -0.212747 -0.002051949 0.004999995 -0.207777 -0.00227797 0.004999995 -0.208042 -0.001742959 0.004999995 -0.206115 -0.001685976 0.004999995 -0.206459 -0.001688957 0.004999995 -0.206807 -0.002546966 0.004999995 -0.2082639 -0.002850949 0.004999995 -0.2084349 -0.003179967 0.004999995 -0.208551 -0.004178941 0.004999995 -0.2046779 -0.004507958 0.004999995 -0.204794 -0.004810988 0.004999995 -0.204966 -0.001314997 0.004999995 -0.198088 -0.001583993 0.004999995 -0.19831 -0.003143966 0.004999995 -0.204688 -0.001887977 0.004999995 -0.198482 -7.89e-4 0.004999995 -0.197197 -9.11e-4 0.004999995 -0.1975229 -0.001087963 0.004999995 -0.197823 -0.002516984 0.004999995 -0.204987 -0.003522992 0.004999995 -0.208609 -0.003871977 0.004999995 -0.208605 -0.004214942 0.004999995 -0.208542 -0.004540979 0.004999995 -0.208419 -0.004841983 0.004999995 -0.2082419 -0.005106985 0.004999995 -0.208016 -0.005483984 0.004999995 -0.205753 -0.005306959 0.004999995 -0.205453 -0.005080997 0.004999995 -0.205188 -0.002522945 0.004999995 -0.194671 -0.00287199 0.004999995 -0.194667 -0.004709959 0.004999995 -0.196817 -0.004706978 0.004999995 -0.196469 -0.004343986 0.004999995 -0.195499 -0.004116952 0.004999995 -0.195234 -0.003847956 0.004999995 -0.195012 -0.002817988 0.004999995 -0.20481 -0.005327999 0.004999995 -0.207747 -0.005499958 0.004999995 -0.2074429 -0.005615949 0.004999995 -0.2071149 -0.003877997 0.004999995 -0.198289 -0.004142999 0.004999995 -0.198062 -0.004642963 0.004999995 -0.196126 -0.004520952 0.004999995 -0.1957989 -0.003544986 0.004999995 -0.194841 -0.003215968 0.004999995 -0.194725 -0.005672991 0.004999995 -0.206771 -0.005669951 0.004999995 -0.206422 -0.005605995 0.004999995 -0.206079 -0.002215981 0.004999995 -0.198598 -0.002559959 0.004999995 -0.198655 -0.00348699 0.004999995 -0.2046239 -0.002908945 0.004999995 -0.198652 -0.003834962 0.004999995 -0.204621 -0.003251969 0.004999995 -0.198588 -0.003577947 0.004999995 -0.198466 -0.004364967 0.004999995 -0.197793 -0.004535973 0.004999995 -0.19749 -0.004652976 0.004999995 -0.197161 0.004413962 -0.004999995 -0.193835 0.00258398 -0.004999995 -0.212747 -0.003215968 -0.004999995 -0.194725 -0.003544986 -0.004999995 -0.194841 -0.003847956 -0.004999995 -0.195012 -0.004116952 -0.004999995 -0.195234 -0.005106985 -0.004999995 -0.208016 -0.004841983 -0.004999995 -0.2082419 -0.004709959 -0.004999995 -0.196817 -0.004706978 -0.004999995 -0.196469 -0.004642963 -0.004999995 -0.196126 -0.005672991 -0.004999995 -0.206771 -0.005615949 -0.004999995 -0.2071149 -0.003871977 -0.004999995 -0.208605 -0.004214942 -0.004999995 -0.208542 -0.004540979 -0.004999995 -0.208419 -0.004343986 -0.004999995 -0.195499 -0.004520952 -0.004999995 -0.1957989 -0.005499958 -0.004999995 -0.2074429 -0.005327999 -0.004999995 -0.207747 -0.004178941 -0.004999995 -0.2046779 -0.004142999 -0.004999995 -0.198062 -0.003877997 -0.004999995 -0.198289 -0.003577947 -0.004999995 -0.198466 -0.003251969 -0.004999995 -0.198588 -0.003834962 -0.004999995 -0.204621 -0.004507958 -0.004999995 -0.204794 -0.002215981 -0.004999995 -0.198598 -0.001887977 -0.004999995 -0.198482 -0.001583993 -0.004999995 -0.19831 -0.001314997 -0.004999995 -0.198088 -7.25e-4 -0.004999995 -0.1968539 -7.22e-4 -0.004999995 -0.196505 -7.8e-4 -0.004999995 -0.196161 -0.001853942 -0.004999995 -0.194856 -0.001553952 -0.004999995 -0.195034 -0.00128895 -0.004999995 -0.19526 -0.002180993 -0.004999995 -0.194734 -0.002522945 -0.004999995 -0.194671 -0.00287199 -0.004999995 -0.194667 -0.004810988 -0.004999995 -0.204966 -0.005080997 -0.004999995 -0.205188 -0.005306959 -0.004999995 -0.205453 -0.005483984 -0.004999995 -0.205753 -0.005605995 -0.004999995 -0.206079 -0.005669951 -0.004999995 -0.206422 -8.96e-4 -0.004999995 -0.195833 -0.001066982 -0.004999995 -0.195529 -0.002030968 -0.004999995 -0.205483 -0.002251982 -0.004999995 -0.205214 -0.001087963 -0.004999995 -0.197823 -9.11e-4 -0.004999995 -0.1975229 -7.89e-4 -0.004999995 -0.197197 -0.004652976 -0.004999995 -0.197161 -0.004535973 -0.004999995 -0.19749 -0.004364967 -0.004999995 -0.197793 -0.003522992 -0.004999995 -0.208609 -0.003179967 -0.004999995 -0.208551 -0.002850949 -0.004999995 -0.2084349 -0.002516984 -0.004999995 -0.204987 -0.002817988 -0.004999995 -0.20481 -0.003143966 -0.004999995 -0.204688 -0.002546966 -0.004999995 -0.2082639 -0.00227797 -0.004999995 -0.208042 -0.002051949 -0.004999995 -0.207777 -0.001874983 -0.004999995 -0.207477 -0.001751959 -0.004999995 -0.20715 -0.001688957 -0.004999995 -0.206807 -0.00348699 -0.004999995 -0.2046239 -0.002908945 -0.004999995 -0.198652 -0.002559959 -0.004999995 -0.198655 -0.001685976 -0.004999995 -0.206459 -0.001742959 -0.004999995 -0.206115 -0.001858949 -0.004999995 -0.205786 -0.004116952 0.007999956 -0.195234 -0.004343986 0.007999956 -0.195499 -0.004520952 0.007999956 -0.1957989 -0.004642963 0.007999956 -0.196126 -0.00287199 0.007999956 -0.194667 -0.003215968 0.007999956 -0.194725 -0.003251969 0.007999956 -0.198588 -0.002908945 0.007999956 -0.198652 -0.007852971 0.007999956 -0.20822 -0.002559959 0.007999956 -0.198655 -0.002215981 0.007999956 -0.198598 -0.001583993 0.007999956 -0.19831 -0.001314997 0.007999956 -0.198088 -0.005080997 0.007999956 -0.205188 -0.005669951 0.007999956 -0.206422 -0.005605995 0.007999956 -0.206079 -0.005483984 0.007999956 -0.205753 -0.004214942 0.007999956 -0.208542 -0.003871977 0.007999956 -0.208605 -0.00316596 0.007999956 -0.211688 -0.003522992 0.007999956 -0.208609 -0.002642989 0.007999956 -0.211693 -0.003179967 0.007999956 -0.208551 -0.003143966 0.007999956 -0.204688 -0.00348699 0.007999956 -0.2046239 -0.003834962 0.007999956 -0.204621 -0.004178941 0.007999956 -0.2046779 -0.003544986 0.007999956 -0.194841 -0.003847956 0.007999956 -0.195012 -0.004706978 0.007999956 -0.196469 -0.004709959 0.007999956 -0.196817 -0.004652976 0.007999956 -0.197161 -0.004535973 0.007999956 -0.19749 -0.004364967 0.007999956 -0.197793 -0.004142999 0.007999956 -0.198062 -0.00515598 0.007999956 -0.211495 -0.005670964 0.007999956 -0.2114 -0.004540979 0.007999956 -0.208419 -0.006159961 0.007999956 -0.211216 -0.004841983 0.007999956 -0.2082419 -0.001858949 0.007999956 -0.205786 -0.002030968 0.007999956 -0.205483 -0.002251982 0.007999956 -0.205214 -0.004810988 0.007999956 -0.204966 -7.89e-4 0.007999956 -0.197197 -7.25e-4 0.007999956 -0.1968539 -0.003877997 0.007999956 -0.198289 -0.003577947 0.007999956 -0.198466 -0.005672991 0.007999956 -0.206771 -0.005615949 0.007999956 -0.2071149 -0.007857978 0.007999956 -0.208743 -0.005499958 0.007999956 -0.2074429 -0.007771968 0.007999956 -0.209259 -0.005327999 0.007999956 -0.207747 -0.007597982 0.007999956 -0.209752 -0.005106985 0.007999956 -0.208016 -1.7e-4 0.007999956 -0.209995 -4.35e-4 0.007999956 -0.210445 -0.00227797 0.007999956 -0.208042 -0.002546966 0.007999956 -0.2082639 -0.002516984 0.007999956 -0.204987 -0.002817988 0.007999956 -0.20481 -0.005306959 0.007999956 -0.205453 -0.001887977 0.007999956 -0.198482 -0.006610989 0.007999956 -0.210951 -0.007007956 0.007999956 -0.210611 -0.007340967 0.007999956 -0.210207 -7.75e-4 0.007999956 -0.210843 -0.001178979 0.007999956 -0.211175 -0.002850949 0.007999956 -0.2084349 -0.001633942 0.007999956 -0.211432 -0.002126991 0.007999956 -0.211607 1.4e-5 0.007999956 -0.209505 -0.002051949 0.007999956 -0.207777 1.09e-4 0.007999956 -0.208991 -0.001874983 0.007999956 -0.207477 -0.001751959 0.007999956 -0.20715 -9.11e-4 0.007999956 -0.1975229 -0.001087963 0.007999956 -0.197823 -7.22e-4 0.007999956 -0.196505 -7.8e-4 0.007999956 -0.196161 -8.96e-4 0.007999956 -0.195833 -0.001553952 0.007999956 -0.195034 -0.001853942 0.007999956 -0.194856 -0.002180993 0.007999956 -0.194734 -0.002522945 0.007999956 -0.194671 -0.001688957 0.007999956 -0.206807 -0.001685976 0.007999956 -0.206459 -0.001742959 0.007999956 -0.206115 -0.004507958 0.007999956 -0.204794 -0.001066982 0.007999956 -0.195529 -0.00128895 0.007999956 -0.19526 -0.007852971 -0.007999956 -0.20822 -0.001087963 -0.007999956 -0.197823 -0.001314997 -0.007999956 -0.198088 1.09e-4 -0.007999956 -0.208991 -0.003215968 -0.007999956 -0.194725 -0.003544986 -0.007999956 -0.194841 -0.003847956 -0.007999956 -0.195012 -0.001688957 -0.007999956 -0.206807 -0.001751959 -0.007999956 -0.20715 -0.001874983 -0.007999956 -0.207477 1.4e-5 -0.007999956 -0.209505 -0.002051949 -0.007999956 -0.207777 -1.7e-4 -0.007999956 -0.209995 -0.00227797 -0.007999956 -0.208042 -4.35e-4 -0.007999956 -0.210445 -0.002546966 -0.007999956 -0.2082639 -0.001583993 -0.007999956 -0.19831 -0.001887977 -0.007999956 -0.198482 -0.002215981 -0.007999956 -0.198598 -0.005306959 -0.007999956 -0.205453 -0.005080997 -0.007999956 -0.205188 -0.002251982 -0.007999956 -0.205214 -0.002030968 -0.007999956 -0.205483 -0.001066982 -0.007999956 -0.195529 -8.96e-4 -0.007999956 -0.195833 -7.8e-4 -0.007999956 -0.196161 -7.22e-4 -0.007999956 -0.196505 -0.002850949 -0.007999956 -0.2084349 -0.001178979 -0.007999956 -0.211175 -7.75e-4 -0.007999956 -0.210843 -0.00287199 -0.007999956 -0.194667 -0.002522945 -0.007999956 -0.194671 -0.002180993 -0.007999956 -0.194734 -0.001853942 -0.007999956 -0.194856 -0.001553952 -0.007999956 -0.195034 -0.00128895 -0.007999956 -0.19526 -7.25e-4 -0.007999956 -0.1968539 -7.89e-4 -0.007999956 -0.197197 -9.11e-4 -0.007999956 -0.1975229 -0.004810988 -0.007999956 -0.204966 -0.004507958 -0.007999956 -0.204794 -0.004178941 -0.007999956 -0.2046779 -0.003577947 -0.007999956 -0.198466 -0.003877997 -0.007999956 -0.198289 -0.004142999 -0.007999956 -0.198062 -0.004364967 -0.007999956 -0.197793 -0.004535973 -0.007999956 -0.19749 -0.004642963 -0.007999956 -0.196126 -0.004520952 -0.007999956 -0.1957989 -0.002516984 -0.007999956 -0.204987 -0.004343986 -0.007999956 -0.195499 -0.004116952 -0.007999956 -0.195234 -0.001858949 -0.007999956 -0.205786 -0.001742959 -0.007999956 -0.206115 -0.001685976 -0.007999956 -0.206459 -0.007597982 -0.007999956 -0.209752 -0.005106985 -0.007999956 -0.208016 -0.005327999 -0.007999956 -0.207747 -0.005615949 -0.007999956 -0.2071149 -0.005672991 -0.007999956 -0.206771 -0.003251969 -0.007999956 -0.198588 -0.003834962 -0.007999956 -0.204621 -0.002908945 -0.007999956 -0.198652 -0.00348699 -0.007999956 -0.2046239 -0.002559959 -0.007999956 -0.198655 -0.003143966 -0.007999956 -0.204688 -0.002817988 -0.007999956 -0.20481 -0.004540979 -0.007999956 -0.208419 -0.005670964 -0.007999956 -0.2114 -0.004214942 -0.007999956 -0.208542 -0.00515598 -0.007999956 -0.211495 -0.003871977 -0.007999956 -0.208605 -0.00316596 -0.007999956 -0.211688 -0.003522992 -0.007999956 -0.208609 -0.002642989 -0.007999956 -0.211693 -0.003179967 -0.007999956 -0.208551 -0.002126991 -0.007999956 -0.211607 -0.001633942 -0.007999956 -0.211432 -0.007340967 -0.007999956 -0.210207 -0.007007956 -0.007999956 -0.210611 -0.004841983 -0.007999956 -0.2082419 -0.006610989 -0.007999956 -0.210951 -0.006159961 -0.007999956 -0.211216 -0.005499958 -0.007999956 -0.2074429 -0.007857978 -0.007999956 -0.208743 -0.007771968 -0.007999956 -0.209259 -0.005669951 -0.007999956 -0.206422 -0.005605995 -0.007999956 -0.206079 -0.005483984 -0.007999956 -0.205753 -0.004652976 -0.007999956 -0.197161 -0.004709959 -0.007999956 -0.196817 -0.004706978 -0.007999956 -0.196469 0.004461944 0.005022943 -0.193578 -0.009199976 0.005022943 -0.192256 -0.00919497 0.005004942 -0.1924 0.004432976 0.005005955 -0.193705 -0.009210944 0.005044996 -0.192152 0.004502952 0.005050957 -0.193453 -0.009229958 0.005073964 -0.192048 -0.009242951 0.005089998 -0.191998 0.004553973 0.005089998 -0.193333 -0.00929898 0.005162954 -0.191824 0.004614949 0.00514096 -0.1932179 -0.009329974 0.005200982 -0.191751 0.004686951 0.005200982 -0.193108 -0.009401977 0.005285978 -0.191612 0.004767 0.005270957 -0.193005 -0.009458959 0.00535196 -0.191522 0.004856944 0.005350947 -0.192909 -0.009536981 0.005438983 -0.191419 0.00505799 0.00553596 -0.192743 -0.009625971 0.005536973 -0.191321 -0.0097 0.005617976 -0.19125 0.005285978 0.00575 -0.192614 -0.009823977 0.005750954 -0.191151 -0.009887993 0.005818963 -0.191108 0.005532979 0.005986988 -0.1925269 -0.01004898 0.005987942 -0.1910189 -0.01009595 0.006035983 -0.190997 0.005790948 0.00623995 -0.192484 -0.01029396 0.00623995 -0.190927 -0.01031899 0.006264984 -0.190921 -0.00919497 -0.005004942 -0.1924 -0.009199976 -0.005022943 -0.192256 -0.009210944 -0.005044996 -0.192152 -0.009242951 -0.005089998 -0.191998 -0.00929898 -0.005162954 -0.191824 -0.009329974 -0.005200982 -0.191751 -0.009401977 -0.005285978 -0.191612 -0.009458959 -0.00535196 -0.191522 -0.009536981 -0.005438983 -0.191419 -0.009625971 -0.005536973 -0.191321 -0.01009595 -0.006035983 -0.190997 -0.01004898 -0.005987942 -0.1910189 -0.009887993 -0.005818963 -0.191108 -0.009823977 -0.005750954 -0.191151 -0.0097 -0.005617976 -0.19125 -0.01031899 -0.006264984 -0.190921 -0.01029396 -0.00623995 -0.190927 0.004686951 -0.005200982 -0.193108 0.004767 -0.005270957 -0.193005 0.004856944 -0.005350947 -0.192909 0.00505799 -0.00553596 -0.192743 0.005285978 -0.00575 -0.192614 0.005532979 -0.005986988 -0.1925269 0.005790948 -0.00623995 -0.192484 0.004614949 -0.00514096 -0.1932179 0.004553973 -0.005089998 -0.193333 0.004502952 -0.005050957 -0.193453 0.004461944 -0.005022943 -0.193578 0.004432976 -0.005005955 -0.193705 -0.01005095 0.005999982 -0.190928 0.00555098 0.005999982 -0.192438 0.00555098 -0.005999982 -0.192438 -0.01008695 -0.005999982 -0.190924 -9.56e-4 -0.00999999 0.03325796 -9.56e-4 -0.005999982 0.03325796 -0.001559972 -0.005999982 0.03437697 -0.001559972 -0.00999999 0.03437697 -0.002332985 -0.005999982 0.03538596 -0.002332985 -0.00999999 0.03538596 -0.003256976 -0.005999982 0.03625899 -0.003256976 -0.00999999 0.03625899 -0.004306972 -0.005999982 0.03697597 -0.004306972 -0.00999999 0.03697597 -0.005457997 -0.005999982 0.03751695 -0.005457997 -0.00999999 0.03751695 -0.006678998 -0.005999982 0.03786897 -0.006678998 -0.00999999 0.03786897 -0.007941961 -0.005999982 0.03802299 -0.007941961 -0.00999999 0.03802299 -0.009211957 -0.005999982 0.03797495 -0.009211957 -0.00999999 0.03797495 -0.01045894 -0.005999982 0.03772598 -0.01045894 -0.00999999 0.03772598 -9.56e-4 0.005999982 0.03325796 -9.56e-4 0.00999999 0.03325796 -0.001559972 0.00999999 0.03437697 -0.001559972 0.005999982 0.03437697 -0.002332985 0.00999999 0.03538596 -0.002332985 0.005999982 0.03538596 -0.003256976 0.00999999 0.03625899 -0.003256976 0.005999982 0.03625899 -0.004306972 0.00999999 0.03697597 -0.004306972 0.005999982 0.03697597 -0.005457997 0.00999999 0.03751695 -0.005457997 0.005999982 0.03751695 -0.006678998 0.00999999 0.03786897 -0.006678998 0.005999982 0.03786897 -0.007941961 0.00999999 0.03802299 -0.007941961 0.005999982 0.03802299 -0.009211957 0.00999999 0.03797495 -0.009211957 0.005999982 0.03797495 -0.01045894 0.00999999 0.03772598 -0.01045894 0.005999982 0.03772598 -0.01635897 -0.005999982 0.02859199 -0.01635897 -0.00999999 0.02859199 -0.01647895 -0.00999999 0.02989 -0.01647895 -0.005999982 0.02989 -0.01638597 -0.00999999 0.03118997 -0.01638597 -0.005999982 0.03118997 -0.016083 -0.00999999 0.03245699 -0.016083 -0.005999982 0.03245699 -0.01557898 -0.00999999 0.03365898 -0.01557898 -0.005999982 0.03365898 -0.01488596 -0.00999999 0.03476297 -0.01488596 -0.005999982 0.03476297 -0.01402294 -0.00999999 0.035739 -0.01402294 -0.005999982 0.035739 -0.01301294 -0.00999999 0.03656297 -0.01301294 -0.005999982 0.03656297 -0.01188296 -0.00999999 0.03721195 -0.01188296 -0.005999982 0.03721195 -0.01066195 -0.00999999 0.03766798 -0.01066195 -0.005999982 0.03766798 -0.01635897 0.00999999 0.02859199 -0.01635897 0.005999982 0.02859199 -0.01647895 0.005999982 0.02989 -0.01647895 0.00999999 0.02989 -0.01638597 0.005999982 0.03118997 -0.01638597 0.00999999 0.03118997 -0.016083 0.005999982 0.03245699 -0.016083 0.00999999 0.03245699 -0.01557898 0.005999982 0.03365898 -0.01557898 0.00999999 0.03365898 -0.01488596 0.005999982 0.03476297 -0.01488596 0.00999999 0.03476297 -0.01402294 0.005999982 0.035739 -0.01402294 0.00999999 0.035739 -0.01301294 0.005999982 0.03656297 -0.01301294 0.00999999 0.03656297 -0.01188296 0.005999982 0.03721195 -0.01188296 0.00999999 0.03721195 -0.01066195 0.005999982 0.03766798 -0.01066195 0.00999999 0.03766798 0.01262998 -0.00999999 9.9e-4 0.01262998 0.00999999 9.9e-4 0.01206898 0.00999999 0.003357946 0.01206898 -0.00999999 0.003357946 0.01122498 0.00999999 0.005638957 0.01122498 -0.00999999 0.005638957 0.006074965 0.005999982 0.01731497 0.006074965 -0.005999982 0.01731497 -0.009505987 -0.005999982 -0.01053899 -0.009505987 0.005999982 -0.01053899 -0.00702697 0.00999999 -0.024697 -0.00702697 -0.00999999 -0.024697 -0.005741953 -0.00999999 -0.03037297 -0.005741953 0.00999999 -0.03037297 -0.005076944 -0.00999999 -0.03615498 -0.005076944 0.00999999 -0.03615498 -0.00503695 -0.00999999 -0.04197394 -0.00503695 0.00999999 -0.04197394 0.00633496 -0.00999999 -0.1757709 0.00633496 0.00999999 -0.1757709 0.00672698 0.00999999 -0.166917 0.00672698 -0.00999999 -0.166917 0.007884979 0.00999999 -0.150097 0.007884979 -0.00999999 -0.150097 0.009530961 0.00999999 -0.1321189 0.009530961 -0.00999999 -0.1321189 0.01270997 0.00999999 -0.101054 0.01270997 -0.00999999 -0.101054 0.01472598 0.00999999 -0.07842695 0.01472598 -0.00999999 -0.07842695 0.01571696 0.00999999 -0.06245398 0.01571696 -0.00999999 -0.06245398 0.01615095 0.00999999 -0.04803699 0.01615095 -0.00999999 -0.04803699 0.01605498 0.00999999 -0.03474497 0.01605498 -0.00999999 -0.03474497 0.01544195 0.00999999 -0.02231699 0.01544195 -0.00999999 -0.02231699 0.01432394 0.00999999 -0.01059395 0.01432394 -0.00999999 -0.01059395 0.002510964 -0.002499997 -0.03030794 0.002510964 -0.00999999 -0.03030794 0.001714944 -0.002499997 -0.03060895 0.001714944 -0.00999999 -0.03060895 9.82e-4 -0.002499997 -0.03103995 9.82e-4 -0.00999999 -0.03103995 3.32e-4 -0.002499997 -0.03158998 3.32e-4 -0.00999999 -0.03158998 -2.15e-4 -0.002499997 -0.032242 -2.15e-4 -0.00999999 -0.032242 -6.43e-4 -0.002499997 -0.03297698 -6.43e-4 -0.00999999 -0.03297698 -9.41e-4 -0.002499997 -0.03377395 -9.41e-4 -0.00999999 -0.03377395 -0.00109899 -0.002499997 -0.03460997 -0.00109899 -0.00999999 -0.03460997 -0.001112997 -0.002499997 -0.03545999 -0.001112997 -0.00999999 -0.03545999 0.01203298 -0.002499997 -0.034069 0.01203298 -0.00999999 -0.034069 0.01194 -0.002499997 -0.03324997 0.01194 -0.00999999 -0.03324997 0.01171398 -0.002499997 -0.03245598 0.01171398 -0.00999999 -0.03245598 0.01135998 -0.002499997 -0.03171098 0.01135998 -0.00999999 -0.03171098 0.01088899 -0.002499997 -0.03103399 0.01088899 -0.00999999 -0.03103399 0.01031196 -0.002499997 -0.03044396 0.01031196 -0.00999999 -0.03044396 0.009646952 -0.002499997 -0.02995699 0.009646952 -0.00999999 -0.02995699 0.00891 -0.002499997 -0.02958595 0.00891 -0.00999999 -0.02958595 0.008121967 -0.002499997 -0.02934098 0.008121967 -0.00999999 -0.02934098 0.007304966 -0.002499997 -0.02922797 0.007304966 -0.00999999 -0.02922797 0.006480991 -0.002499997 -0.02925199 0.006480991 -0.00999999 -0.02925199 0.005670964 -0.002499997 -0.02941095 0.005670964 -0.00999999 -0.02941095 -0.00158298 -0.002499997 -0.185302 -0.00158298 -0.00999999 -0.185302 -0.001388967 -0.002499997 -0.1852509 -0.001388967 -0.00999999 -0.1852509 -0.007126986 -0.002499997 -0.180824 -0.007126986 -0.00999999 -0.180824 -0.006986975 -0.002499997 -0.181604 -0.006986975 -0.00999999 -0.181604 -0.006725966 -0.002499997 -0.182352 -0.006725966 -0.00999999 -0.182352 -0.006348967 -0.002499997 -0.183049 -0.006348967 -0.00999999 -0.183049 -0.005867958 -0.002499997 -0.183679 -0.005867958 -0.00999999 -0.183679 -0.005291998 -0.002499997 -0.184224 -0.005291998 -0.00999999 -0.184224 -0.004637956 -0.002499997 -0.184671 -0.004637956 -0.00999999 -0.184671 -0.003921985 -0.002499997 -0.18501 -0.003921985 -0.00999999 -0.18501 -0.003160953 -0.002499997 -0.185231 -0.003160953 -0.00999999 -0.185231 -0.002374947 -0.002499997 -0.185329 -0.002374947 -0.00999999 -0.185329 0.001528978 -0.002499997 -0.183022 0.001866996 -0.002499997 -0.1823509 -0.007281959 -0.002499997 -0.174733 0.002100944 -0.002499997 -0.181637 0.002340972 -0.002499997 -0.175516 0.002766966 -0.002499997 -0.166076 0.003945946 -0.002499997 -0.149192 0.005604982 -0.002499997 -0.131177 -0.001040995 -0.002499997 -0.042162 0.008680999 -0.002499997 -0.101144 0.01071494 -0.002499997 -0.07841795 0.01214998 -0.002499997 -0.04812896 0.01171195 -0.002499997 -0.06246298 -2.5e-5 -0.002499997 -0.184631 5.72e-4 -0.002499997 -0.184174 0.001093983 -0.002499997 -0.183634 -6.84e-4 -0.002499997 -0.184992 -0.007281959 -0.00999999 -0.174733 -0.001040995 -0.00999999 -0.042162 0.002100944 -0.00999999 -0.181637 0.002340972 -0.00999999 -0.175516 0.002766966 -0.00999999 -0.166076 0.003945946 -0.00999999 -0.149192 0.005604982 -0.00999999 -0.131177 0.008680999 -0.00999999 -0.101144 0.01071494 -0.00999999 -0.07841795 0.01171195 -0.00999999 -0.06246298 0.01214998 -0.00999999 -0.04812896 -0.001112997 0.002499997 -0.03545999 -0.001112997 0.00999999 -0.03545999 -0.00109899 0.002499997 -0.03460997 -0.00109899 0.00999999 -0.03460997 -9.41e-4 0.002499997 -0.03377395 -9.41e-4 0.00999999 -0.03377395 -6.43e-4 0.002499997 -0.03297698 -6.43e-4 0.00999999 -0.03297698 -2.15e-4 0.002499997 -0.032242 -2.15e-4 0.00999999 -0.032242 3.32e-4 0.002499997 -0.03158998 3.32e-4 0.00999999 -0.03158998 9.82e-4 0.002499997 -0.03103995 9.82e-4 0.00999999 -0.03103995 0.001714944 0.002499997 -0.03060895 0.001714944 0.00999999 -0.03060895 0.002510964 0.002499997 -0.03030794 0.002510964 0.00999999 -0.03030794 0.005670964 0.002499997 -0.02941095 0.005670964 0.00999999 -0.02941095 0.006480991 0.002499997 -0.02925199 0.006480991 0.00999999 -0.02925199 0.007304966 0.002499997 -0.02922797 0.007304966 0.00999999 -0.02922797 0.008121967 0.002499997 -0.02934098 0.008121967 0.00999999 -0.02934098 0.00891 0.002499997 -0.02958595 0.00891 0.00999999 -0.02958595 0.009646952 0.002499997 -0.02995699 0.009646952 0.00999999 -0.02995699 0.01031196 0.002499997 -0.03044396 0.01031196 0.00999999 -0.03044396 0.01088899 0.002499997 -0.03103399 0.01088899 0.00999999 -0.03103399 0.01135998 0.002499997 -0.03171098 0.01135998 0.00999999 -0.03171098 0.01171398 0.002499997 -0.03245598 0.01171398 0.00999999 -0.03245598 0.01194 0.002499997 -0.03324997 0.01194 0.00999999 -0.03324997 0.01203298 0.002499997 -0.034069 0.01203298 0.00999999 -0.034069 0.002100944 0.002499997 -0.181637 0.002100944 0.00999999 -0.181637 0.001855969 0.002499997 -0.182377 0.001855969 0.00999999 -0.182377 0.001498997 0.002499997 -0.18307 0.001498997 0.00999999 -0.18307 0.001037955 0.002499997 -0.1837 0.001037955 0.00999999 -0.1837 4.86e-4 0.002499997 -0.1842499 4.86e-4 0.00999999 -0.1842499 -1.46e-4 0.002499997 -0.184707 -1.46e-4 0.00999999 -0.184707 -8.41e-4 0.002499997 -0.185061 -8.41e-4 0.00999999 -0.185061 -0.00158298 0.002499997 -0.185302 -0.00158298 0.00999999 -0.185302 -0.002374947 0.002499997 -0.185329 -0.002374947 0.00999999 -0.185329 -0.003160953 0.002499997 -0.185231 -0.003160953 0.00999999 -0.185231 -0.003921985 0.002499997 -0.18501 -0.003921985 0.00999999 -0.18501 -0.004637956 0.002499997 -0.184671 -0.004637956 0.00999999 -0.184671 -0.005291998 0.002499997 -0.184224 -0.005291998 0.00999999 -0.184224 -0.005867958 0.002499997 -0.183679 -0.005867958 0.00999999 -0.183679 -0.006348967 0.002499997 -0.183049 -0.006348967 0.00999999 -0.183049 -0.006725966 0.002499997 -0.182352 -0.006725966 0.00999999 -0.182352 -0.006986975 0.002499997 -0.181604 -0.006986975 0.00999999 -0.181604 -0.007126986 0.002499997 -0.180824 -0.007126986 0.00999999 -0.180824 0.01171195 0.002499997 -0.06246298 0.01071494 0.002499997 -0.07841795 -0.001040995 0.002499997 -0.042162 0.008680999 0.002499997 -0.101144 0.005604982 0.002499997 -0.131177 -0.007281959 0.002499997 -0.174733 0.003945946 0.002499997 -0.149192 0.002766966 0.002499997 -0.166076 0.002340972 0.002499997 -0.175516 0.01214998 0.002499997 -0.04812896 0.01214998 0.00999999 -0.04812896 0.01171195 0.00999999 -0.06246298 0.01071494 0.00999999 -0.07841795 0.008680999 0.00999999 -0.101144 0.005604982 0.00999999 -0.131177 0.003945946 0.00999999 -0.149192 0.002766966 0.00999999 -0.166076 0.002340972 0.00999999 -0.175516 -0.007281959 0.00999999 -0.174733 -0.001040995 0.00999999 -0.042162 -0.008868992 -0.00999999 0.03126597 -0.008868992 -0.005999982 0.03126597 -0.008440971 -0.00999999 0.03134799 -0.008440971 -0.005999982 0.03134799 -0.008005976 -0.00999999 0.03135496 -0.008005976 -0.005999982 0.03135496 -0.007575988 -0.00999999 0.03128498 -0.007575988 -0.005999982 0.03128498 -0.007163941 -0.00999999 0.03114199 -0.007163941 -0.005999982 0.03114199 -0.006782948 -0.00999999 0.03092998 -0.006782948 -0.005999982 0.03092998 -0.00644499 -0.00999999 0.03065496 -0.00644499 -0.005999982 0.03065496 -0.006160974 -0.00999999 0.03032499 -0.006160974 -0.005999982 0.03032499 -0.00593698 -0.00999999 0.02995097 -0.00593698 -0.005999982 0.02995097 -0.005781948 -0.00999999 0.02954298 -0.005781948 -0.005999982 0.02954298 -0.005699992 -0.00999999 0.02911496 -0.005699992 -0.005999982 0.02911496 -0.005693972 -0.00999999 0.02867996 -0.005693972 -0.005999982 0.02867996 -0.005762994 -0.00999999 0.02824997 -0.005762994 -0.005999982 0.02824997 -0.005905985 -0.00999999 0.02783799 -0.005905985 -0.005999982 0.02783799 -0.006118953 -0.00999999 0.02745699 -0.006118953 -0.005999982 0.02745699 -0.006393969 -0.00999999 0.02711898 -0.006393969 -0.005999982 0.02711898 -0.006723999 -0.00999999 0.02683496 -0.006723999 -0.005999982 0.02683496 -0.007097959 -0.00999999 0.02661097 -0.007097959 -0.005999982 0.02661097 -0.007504999 -0.00999999 0.02645599 -0.007504999 -0.005999982 0.02645599 -0.001364946 -0.00999999 0.004809975 -0.001364946 0.00999999 0.004809975 -5.09e-4 -0.00999999 0.004973948 -5.09e-4 0.00999999 0.004973948 3.63e-4 -0.00999999 0.004986941 3.63e-4 0.00999999 0.004986941 0.001222968 -0.00999999 0.004847943 0.001222968 0.00999999 0.004847943 0.002046942 -0.00999999 0.00456196 0.002046942 0.00999999 0.00456196 0.002807974 -0.00999999 0.004136979 0.002807974 0.00999999 0.004136979 0.003482997 -0.00999999 0.003586947 0.003482997 0.00999999 0.003586947 0.004052996 -0.00999999 0.002926945 0.004052996 0.00999999 0.002926945 0.004499971 -0.00999999 0.002178966 0.004499971 0.00999999 0.002178966 0.004809975 -0.00999999 0.001364946 0.004809975 0.00999999 0.001364946 0.004973948 -0.00999999 5.09e-4 0.004973948 0.00999999 5.09e-4 0.004986941 -0.00999999 -3.63e-4 0.004986941 0.00999999 -3.63e-4 0.004847943 -0.00999999 -0.001222968 0.004847943 0.00999999 -0.001222968 0.00456196 -0.00999999 -0.002046942 0.00456196 0.00999999 -0.002046942 0.004136979 -0.00999999 -0.002807974 0.004136979 0.00999999 -0.002807974 0.003586947 -0.00999999 -0.003482997 0.003586947 0.00999999 -0.003482997 0.002926945 -0.00999999 -0.004052996 0.002926945 0.00999999 -0.004052996 0.002178966 -0.00999999 -0.004499971 0.002178966 0.00999999 -0.004499971 0.001364946 -0.00999999 -0.004809975 0.001364946 0.00999999 -0.004809975 -0.008868992 0.005999982 0.03126597 -0.008868992 0.00999999 0.03126597 -0.008440971 0.005999982 0.03134799 -0.008440971 0.00999999 0.03134799 -0.008005976 0.005999982 0.03135496 -0.008005976 0.00999999 0.03135496 -0.007575988 0.005999982 0.03128498 -0.007575988 0.00999999 0.03128498 -0.007163941 0.005999982 0.03114199 -0.007163941 0.00999999 0.03114199 -0.006782948 0.005999982 0.03092998 -0.006782948 0.00999999 0.03092998 -0.00644499 0.005999982 0.03065496 -0.00644499 0.00999999 0.03065496 -0.006160974 0.005999982 0.03032499 -0.006160974 0.00999999 0.03032499 -0.00593698 0.005999982 0.02995097 -0.00593698 0.00999999 0.02995097 -0.005781948 0.005999982 0.02954298 -0.005781948 0.00999999 0.02954298 -0.005699992 0.005999982 0.02911496 -0.005699992 0.00999999 0.02911496 -0.005693972 0.005999982 0.02867996 -0.005693972 0.00999999 0.02867996 -0.005762994 0.005999982 0.02824997 -0.005762994 0.00999999 0.02824997 -0.005905985 0.005999982 0.02783799 -0.005905985 0.00999999 0.02783799 -0.006118953 0.005999982 0.02745699 -0.006118953 0.00999999 0.02745699 -0.006393969 0.005999982 0.02711898 -0.006393969 0.00999999 0.02711898 -0.006723999 0.005999982 0.02683496 -0.006723999 0.00999999 0.02683496 -0.007097959 0.005999982 0.02661097 -0.007097959 0.00999999 0.02661097 -0.007504999 0.005999982 0.02645599 -0.007504999 0.00999999 0.02645599 -0.004847943 0.00999999 0.001222968 -0.004986941 0.00999999 3.63e-4 -0.009210944 0.00999999 0.02657997 0.006491959 0.00999999 -0.184233 -0.01067399 0.00999999 0.02860695 -0.01068097 0.00999999 0.02904295 -0.01061099 0.00999999 0.02947294 -0.01046794 0.00999999 0.02988499 -0.01025599 0.00999999 0.03026497 -0.009980976 0.00999999 0.03060299 -0.01021397 0.00999999 0.02739697 -0.009929001 0.00999999 0.02706795 -0.009590983 0.00999999 0.026793 -0.01059198 0.00999999 0.02817898 -0.01043695 0.00999999 0.02777194 -0.008368968 0.00999999 0.02636796 -0.00793296 0.00999999 0.02637398 -0.009650945 0.00999999 0.03088796 -0.009276986 0.00999999 0.031111 -0.003586947 0.00999999 0.003482997 -0.004136979 0.00999999 0.002807974 -0.00456196 0.00999999 0.002046942 -0.008798956 0.00999999 0.02643698 -0.002178966 0.00999999 0.004499971 -0.002926945 0.00999999 0.004052996 -0.004973948 0.00999999 -5.09e-4 -0.004809975 0.00999999 -0.001364946 -0.004499971 0.00999999 -0.002178966 -3.63e-4 0.00999999 -0.004986941 -0.004052996 0.00999999 -0.002926945 -0.003482997 0.00999999 -0.003586947 -0.002807974 0.00999999 -0.004136979 -0.002046942 0.00999999 -0.00456196 -0.001222968 0.00999999 -0.004847943 5.09e-4 0.00999999 -0.004973948 0.001093983 -0.00999999 -0.183634 5.72e-4 -0.00999999 -0.184174 -2.5e-5 -0.00999999 -0.184631 -6.84e-4 -0.00999999 -0.184992 0.001528978 -0.00999999 -0.183022 0.006491959 -0.00999999 -0.184233 0.001866996 -0.00999999 -0.1823509 -0.004973948 -0.00999999 -5.09e-4 -0.004847943 -0.00999999 0.001222968 -0.00456196 -0.00999999 0.002046942 -0.009276986 -0.00999999 0.031111 -0.009650945 -0.00999999 0.03088796 -0.004986941 -0.00999999 3.63e-4 -0.009980976 -0.00999999 0.03060299 -0.01025599 -0.00999999 0.03026497 -0.01046794 -0.00999999 0.02988499 -0.01061099 -0.00999999 0.02947294 -0.01068097 -0.00999999 0.02904295 -0.01067399 -0.00999999 0.02860695 -0.01059198 -0.00999999 0.02817898 -0.01043695 -0.00999999 0.02777194 -0.004136979 -0.00999999 0.002807974 -0.003586947 -0.00999999 0.003482997 -0.002926945 -0.00999999 0.004052996 -0.009210944 -0.00999999 0.02657997 -0.009590983 -0.00999999 0.026793 -0.009929001 -0.00999999 0.02706795 -0.01021397 -0.00999999 0.02739697 -0.001222968 -0.00999999 -0.004847943 -0.002046942 -0.00999999 -0.00456196 -0.002807974 -0.00999999 -0.004136979 -0.003482997 -0.00999999 -0.003586947 -0.004809975 -0.00999999 -0.001364946 5.09e-4 -0.00999999 -0.004973948 -3.63e-4 -0.00999999 -0.004986941 -0.004052996 -0.00999999 -0.002926945 -0.004499971 -0.00999999 -0.002178966 -0.00793296 -0.00999999 0.02637398 -0.008368968 -0.00999999 0.02636796 -0.008798956 -0.00999999 0.02643698 -0.002178966 -0.00999999 0.004499971 -0.006192982 -0.005999982 0.01383495 -0.006192982 0.005999982 0.01383495 -0.009276986 0.005999982 0.031111 -0.009650945 0.005999982 0.03088796 -0.01021397 0.005999982 0.02739697 -0.01043695 0.005999982 0.02777194 -0.00793296 0.005999982 0.02637398 -0.008368968 0.005999982 0.02636796 -0.008798956 0.005999982 0.02643698 -0.01059198 0.005999982 0.02817898 -0.01067399 0.005999982 0.02860695 -0.01068097 0.005999982 0.02904295 -0.01061099 0.005999982 0.02947294 -0.01046794 0.005999982 0.02988499 -0.01025599 0.005999982 0.03026497 -0.009980976 0.005999982 0.03060299 -0.009210944 0.005999982 0.02657997 -0.009590983 0.005999982 0.026793 -0.009929001 0.005999982 0.02706795 -0.01068097 -0.005999982 0.02904295 -0.01061099 -0.005999982 0.02947294 -0.01046794 -0.005999982 0.02988499 -0.01025599 -0.005999982 0.03026497 -0.009980976 -0.005999982 0.03060299 -0.01067399 -0.005999982 0.02860695 -0.01059198 -0.005999982 0.02817898 -0.01043695 -0.005999982 0.02777194 -0.009650945 -0.005999982 0.03088796 -0.009276986 -0.005999982 0.031111 -0.01021397 -0.005999982 0.02739697 -0.009929001 -0.005999982 0.02706795 -0.009590983 -0.005999982 0.026793 -0.009210944 -0.005999982 0.02657997 -0.008798956 -0.005999982 0.02643698 -0.008368968 -0.005999982 0.02636796 -0.00793296 -0.005999982 0.02637398 -0.009154975 0.004999995 -0.192019 -0.01098495 0.004999995 -0.210931 -0.009184956 -0.004999995 -0.192016 -0.01101499 -0.004999995 -0.210928 -0.004514992 0.004999995 -0.208438 -0.004185974 0.004999995 -0.208552 -0.002302944 0.004999995 -0.205178 -0.002572953 0.004999995 -0.204958 0.004458963 0.004999995 -0.193337 -0.005690991 0.004999995 -0.206468 -0.005685985 0.004999995 -0.206816 0.002628982 0.004999995 -0.212249 -0.003841996 0.004999995 -0.208608 -0.003492951 0.004999995 -0.208603 -0.005620956 0.004999995 -0.207159 -0.005495965 0.004999995 -0.207485 -0.005317986 0.004999995 -0.2077839 -0.005089998 0.004999995 -0.208048 -0.004819989 0.004999995 -0.208268 -0.00287795 0.004999995 -0.204788 -0.003206968 0.004999995 -0.204674 -0.003550946 0.004999995 -0.204618 -0.00467199 0.004999995 -0.19617 -0.004727959 0.004999995 -0.196514 -0.004722952 0.004999995 -0.1968629 -0.00465697 0.004999995 -0.197205 -0.004532992 0.004999995 -0.197531 -0.00287795 0.004999995 -0.1986539 -0.002529978 0.004999995 -0.198649 -0.00327897 0.004999995 -0.194735 -0.003604948 0.004999995 -0.19486 -0.003903985 0.004999995 -0.195038 -0.004167973 0.004999995 -0.195266 -0.003150999 0.004999995 -0.208537 -0.002824962 0.004999995 -0.208413 -0.002524971 0.004999995 -0.208234 -0.002261996 0.004999995 -0.208006 -0.002041995 0.004999995 -0.207736 -0.001871943 0.004999995 -0.207432 -0.004354 0.004999995 -0.197831 -0.00456798 0.004999995 -0.204813 -0.004866957 0.004999995 -0.2049919 -0.005130946 0.004999995 -0.20522 -0.001339972 0.004999995 -0.195225 -0.001609981 0.004999995 -0.1950049 -0.001913964 0.004999995 -0.194835 -0.002243995 0.004999995 -0.19472 -0.002587974 0.004999995 -0.194665 -0.002936959 0.004999995 -0.19467 -0.004126965 0.004999995 -0.198094 -0.003855943 0.004999995 -0.198314 -0.004241943 0.004999995 -0.204689 -0.003551959 0.004999995 -0.198484 -0.003221988 0.004999995 -0.198599 -0.005350947 0.004999995 -0.2054899 -0.005520999 0.004999995 -0.205794 -0.005635976 0.004999995 -0.206124 -0.002186954 0.004999995 -0.198584 -0.001860976 0.004999995 -0.19846 -0.001561999 0.004999995 -0.198281 -0.004387974 0.004999995 -0.195536 -0.004557967 0.004999995 -0.195841 -0.001756966 0.004999995 -0.207102 -0.001701951 0.004999995 -0.206758 -0.001706957 0.004999995 -0.20641 -0.001771986 0.004999995 -0.206067 -0.001895964 0.004999995 -0.205741 -0.002074956 0.004999995 -0.205442 -0.003899991 0.004999995 -0.204623 -0.00129795 0.004999995 -0.198053 -0.00107795 0.004999995 -0.1977829 -9.08e-4 0.004999995 -0.1974779 -7.94e-4 0.004999995 -0.197149 -7.38e-4 0.004999995 -0.196805 -7.43e-4 0.004999995 -0.196456 -8.09e-4 0.004999995 -0.196114 -9.33e-4 0.004999995 -0.195788 -0.001111984 0.004999995 -0.195489 0.004458963 -0.004999995 -0.193337 0.002628982 -0.004999995 -0.212249 -0.002524971 -0.004999995 -0.208234 -0.002824962 -0.004999995 -0.208413 -0.003150999 -0.004999995 -0.208537 -0.003903985 -0.004999995 -0.195038 -0.003604948 -0.004999995 -0.19486 -0.00327897 -0.004999995 -0.194735 -0.00287795 -0.004999995 -0.1986539 -0.003550946 -0.004999995 -0.204618 -0.003206968 -0.004999995 -0.204674 -0.00107795 -0.004999995 -0.1977829 -0.00129795 -0.004999995 -0.198053 -0.002529978 -0.004999995 -0.198649 -0.002186954 -0.004999995 -0.198584 -0.001561999 -0.004999995 -0.198281 -0.001860976 -0.004999995 -0.19846 -0.003492951 -0.004999995 -0.208603 -0.003841996 -0.004999995 -0.208608 -0.004185974 -0.004999995 -0.208552 -0.004241943 -0.004999995 -0.204689 -0.003855943 -0.004999995 -0.198314 -0.00456798 -0.004999995 -0.204813 -0.004126965 -0.004999995 -0.198094 -0.001913964 -0.004999995 -0.194835 -0.001609981 -0.004999995 -0.1950049 -0.001339972 -0.004999995 -0.195225 -0.001111984 -0.004999995 -0.195489 -9.33e-4 -0.004999995 -0.195788 -8.09e-4 -0.004999995 -0.196114 -7.43e-4 -0.004999995 -0.196456 -0.001706957 -0.004999995 -0.20641 -0.001701951 -0.004999995 -0.206758 -0.001756966 -0.004999995 -0.207102 -0.001871943 -0.004999995 -0.207432 -0.002041995 -0.004999995 -0.207736 -0.002261996 -0.004999995 -0.208006 -0.004514992 -0.004999995 -0.208438 -0.004819989 -0.004999995 -0.208268 -0.005089998 -0.004999995 -0.208048 -0.005350947 -0.004999995 -0.2054899 -0.005130946 -0.004999995 -0.20522 -0.004866957 -0.004999995 -0.2049919 -0.002936959 -0.004999995 -0.19467 -0.002587974 -0.004999995 -0.194665 -0.002243995 -0.004999995 -0.19472 -0.00287795 -0.004999995 -0.204788 -0.002572953 -0.004999995 -0.204958 -0.002302944 -0.004999995 -0.205178 -0.005635976 -0.004999995 -0.206124 -0.005520999 -0.004999995 -0.205794 -0.003899991 -0.004999995 -0.204623 -0.003221988 -0.004999995 -0.198599 -0.003551959 -0.004999995 -0.198484 -0.004354 -0.004999995 -0.197831 -0.004532992 -0.004999995 -0.197531 -0.00465697 -0.004999995 -0.197205 -0.004722952 -0.004999995 -0.1968629 -7.38e-4 -0.004999995 -0.196805 -7.94e-4 -0.004999995 -0.197149 -9.08e-4 -0.004999995 -0.1974779 -0.002074956 -0.004999995 -0.205442 -0.001895964 -0.004999995 -0.205741 -0.001771986 -0.004999995 -0.206067 -0.005317986 -0.004999995 -0.2077839 -0.005495965 -0.004999995 -0.207485 -0.005620956 -0.004999995 -0.207159 -0.005685985 -0.004999995 -0.206816 -0.005690991 -0.004999995 -0.206468 -0.004727959 -0.004999995 -0.196514 -0.00467199 -0.004999995 -0.19617 -0.004557967 -0.004999995 -0.195841 -0.004387974 -0.004999995 -0.195536 -0.004167973 -0.004999995 -0.195266 -0.009179949 -0.005003988 -0.191929 0.00446999 -0.005002975 -0.193259 0.004486978 -0.005011975 -0.193182 0.004490971 -0.005014955 -0.193166 0.004511952 -0.005029976 -0.193099 -0.009193956 -0.005033969 -0.191756 -0.009182989 -0.005014955 -0.191842 0.004537999 -0.00504899 -0.1930339 0.004551947 -0.005059957 -0.193002 -0.009211957 -0.005059957 -0.19167 -0.009237945 -0.005093991 -0.191587 0.004611968 -0.005108952 -0.192896 0.004640996 -0.005133986 -0.192852 -0.009270966 -0.005133986 -0.191506 -0.009309947 -0.005180954 -0.191428 0.004705965 -0.005190968 -0.19277 0.004753947 -0.005233943 -0.1927199 -0.009356975 -0.005233943 -0.191354 -0.009467959 -0.005356967 -0.191219 0.004819989 -0.005293965 -0.192661 0.004888951 -0.005356967 -0.192609 -0.009600996 -0.005499958 -0.191106 0.004948973 -0.005412995 -0.192571 0.005040943 -0.005499958 -0.192523 -0.009750962 -0.00565797 -0.191018 0.005088984 -0.005546987 -0.192502 0.005204975 -0.00565797 -0.192465 -0.009914994 -0.005825996 -0.1909559 0.00523895 -0.005690991 -0.192457 0.005376994 -0.005825996 -0.192436 -0.009150981 0.005002975 -0.191941 -0.009152948 0.005014955 -0.1918449 -0.009160995 0.005029976 -0.191776 -0.009173989 0.00504899 -0.191707 -0.009181976 0.005059957 -0.191673 -0.00921899 0.005108952 -0.191557 -0.009239971 0.005133986 -0.1915079 -0.009287953 0.005190968 -0.191416 -0.009325981 0.005234956 -0.191356 -0.009377956 0.005292952 -0.191287 -0.009435951 0.00535798 -0.191222 -0.00948596 0.005411982 -0.191175 -0.009567975 0.005500972 -0.191109 -0.00961095 0.005545973 -0.19108 -0.009718 0.00565797 -0.191021 -0.009748995 0.005690991 -0.191006 -0.009879946 0.005825996 -0.19096 -0.009896993 0.005843997 -0.190955 0.004508972 0.005027949 -0.193107 0.004537999 0.00504899 -0.1930339 0.004655957 0.00514698 -0.192831 0.004705965 0.005190968 -0.19277 0.005088984 0.005545973 -0.192503 0.00523895 0.005690991 -0.192457 0.005393981 0.005843997 -0.192435 0.00494796 0.005411982 -0.192571 0.004818975 0.005292952 -0.192661 0.004611968 0.005108952 -0.192896 0.004571974 0.005075991 -0.192963 0.00446999 0.005002975 -0.193259 0.004486978 0.005011975 -0.193182</float_array>
          <technique_common>
            <accessor source="#calf_dyn-mesh-positions-array" count="2992" stride="3">
              <param name="X" type="float"/>
              <param name="Y" type="float"/>
              <param name="Z" type="float"/>
            </accessor>
          </technique_common>
        </source>
        <source id="calf_dyn-mesh-normals">
          <float_array id="calf_dyn-mesh-normals-array" count="19764">-0.4140818 0 0.9102397 -0.414106 0 0.9102287 -0.4142495 0 0.9101634 -0.4143869 1.44678e-7 0.9101009 -0.4143869 0 0.9101009 -0.4143869 0 0.9101009 -0.4142759 6.27361e-5 0.9101514 -0.4142036 -3.30015e-5 0.9101843 -0.4142037 -3.29958e-5 0.9101843 -0.4142037 -3.29687e-5 0.9101842 -0.4142104 -1.60841e-7 0.9101812 -0.4142104 0 0.9101812 -0.4142104 0 0.9101812 -0.4145287 0 0.9100363 -0.4143673 0 0.9101099 -0.4143673 0 0.9101099 -0.4143673 0 0.9101099 -0.4142104 0 0.9101812 -0.4142104 0 0.9101812 -0.4142104 0 0.9101812 -0.4142759 -6.27361e-5 0.9101514 -0.4142161 7.87326e-5 0.9101786 -0.414216 7.87432e-5 0.9101787 -0.4142161 7.87211e-5 0.9101787 -0.4140821 0 0.9102395 -0.4141296 0 0.9102179 -0.4144917 0 0.9100532 -0.414492 0 0.910053 -0.414082 0 0.9102396 -0.414106 0 0.9102287 -0.4144679 0 0.9100641 -0.4143189 0 0.9101319 -0.4143189 0 0.9101319 -0.4143189 0 0.9101319 -0.4141064 0 0.9102286 -0.4141061 0 0.9102287 -0.4142751 0 0.9101518 -0.4146243 0 0.9099927 -0.4141062 0 0.9102286 -0.4141059 0 0.9102288 -0.4142748 0 0.910152 -0.4145161 0 0.910042 -0.4145398 0 0.9100312 -0.4141303 0 0.9102176 -0.4145161 0 0.910042 -0.41448 0 0.9100584 -0.4145278 0 0.9100366 -0.4143873 0 0.9101007 -0.4143873 0 0.9101007 -0.4143873 2.57405e-7 0.9101007 -0.4141061 0 0.9102286 -0.4145761 0 0.9100148 -0.4144555 0 0.9100696 0.9306507 0 0.3659092 0.9306507 0 0.3659092 0.9306507 0 0.3659092 0.9306482 0 0.3659155 0.9306482 0 0.3659155 0.9306482 -1.60841e-7 0.3659155 0.9637284 0 0.2668851 0.9637271 0 0.2668899 0.9864112 0 0.1642961 0.986411 0 0.1642964 0.9981673 0 0.06051427 0.9981673 0 0.06051433 0.9990345 0 -0.04393458 0.9990344 0 -0.04393547 0.9889319 0 -0.1483702 0.9889315 0 -0.1483731 0.9679793 0 -0.2510301 0.9679793 0 -0.2510301 0.9679793 0 -0.2510301 0.9681224 0 -0.250478 0.9364596 0 -0.3507757 0.9364594 0 -0.3507762 0.8948113 0 -0.4464447 0.8948072 0 -0.446453 0.8431354 0 -0.5377013 0.8431354 0 -0.5377013 0.8431354 0 -0.5377014 0.8431242 0 -0.537719 0.8431242 0 -0.537719 0.8431242 0 -0.537719 0.7824805 0 -0.6226752 0.7821888 0 -0.6230415 0.7821888 0 -0.6230415 0.7821888 -2.98691e-7 -0.6230415 0.7128118 0 -0.7013555 0.7128203 0 -0.7013467 0.6356624 0 -0.7719672 0.6356508 0 -0.7719767 0.5517624 0 -0.8340014 0.5517618 0 -0.8340018 0.4614633 0 -0.8871593 0.4614633 0 -0.8871593 0.4614633 0 -0.8871593 0.4614633 0 -0.8871593 0.4614633 0 -0.8871593 0.4614633 0 -0.8871593 0.365914 0 -0.9306488 0.365914 0 -0.9306488 0.365914 0 -0.9306488 0.3662259 0 -0.930526 0.2667292 0 -0.9637715 0.2667286 0 -0.9637717 0.1644024 0 -0.9863935 0.1644021 0 -0.9863935 0.06051105 0 -0.9981676 0.06051099 0 -0.9981676 -0.04427307 0 -0.9990196 -0.04427307 0 -0.9990196 -0.04427307 0 -0.9990196 -0.04391932 0 -0.9990351 -0.1483929 0 -0.9889286 -0.1483746 0 -0.9889312 -0.2509051 0 -0.9680117 -0.2509225 0 -0.9680073 -0.3504275 0 -0.93659 -0.3504271 0 -0.93659 -0.4464465 0 -0.8948103 -0.4464461 0 -0.8948106 -0.537643 0 -0.8431726 -0.537643 0 -0.8431726 -0.5376431 0 -0.8431726 -0.537697 0 -0.8431382 -0.537697 0 -0.8431382 -0.537697 0 -0.8431382 -0.6229387 0 -0.7822707 -0.6229387 0 -0.7822707 -0.6229388 0 -0.7822707 -0.6226648 0 -0.7824887 -0.7013496 0 -0.7128175 -0.7013585 0 -0.7128088 -0.7719666 0 -0.6356632 -0.7719669 0 -0.6356628 -0.8342706 0 -0.5513554 -0.8342706 0 -0.5513554 -0.8342705 0 -0.5513554 -0.8342703 0 -0.5513558 -0.8342702 0 -0.5513557 -0.8342702 0 -0.5513557 -0.8873103 0 -0.4611729 -0.8873102 0 -0.4611734 -0.9306482 0 -0.3659155 -0.9306482 0 -0.3659155 -0.9306482 0 -0.3659155 -0.9306507 0 -0.3659092 -0.9306507 0 -0.3659092 -0.9306507 0 -0.3659092 -0.9637732 0 -0.2667231 -0.9637719 0 -0.2667279 -0.9863946 0 -0.1643953 -0.986394 0 -0.1643986 -0.9981493 0 -0.06081229 -0.9981493 1.60841e-7 -0.06081229 -0.9981493 0 -0.06081229 -0.9981697 0 -0.06047624 -0.9990184 0 0.04429751 -0.9990184 0 0.04429751 -0.9990185 0 0.04429751 -0.9990332 0 0.04396313 0.9305279 0 0.3662214 0.9307 0 0.3657836 0.9307 0 0.3657836 0.9307 -2.98691e-7 0.3657836 0.9637281 0 0.2668865 0.986411 0 0.1642972 0.9981674 0 0.06051349 0.9981673 0 0.06051504 0.9990345 0 -0.04393488 0.9990345 0 -0.04393488 0.9889315 0 -0.1483729 0.9889321 0 -0.1483693 0.9680022 0 -0.2509419 0.9680022 0 -0.2509419 0.9680022 0 -0.2509419 0.9680022 0 -0.2509419 0.9680022 0 -0.2509419 0.9680022 -1.60854e-7 -0.2509419 0.9364588 0 -0.3507778 0.9364618 0 -0.3507698 0.894811 0 -0.4464451 0.8948063 0 -0.4464549 0.8431333 0 -0.5377046 0.8431333 0 -0.5377046 0.8431333 0 -0.5377045 0.8431264 0 -0.5377155 0.8431264 0 -0.5377155 0.8431264 0 -0.5377155 0.7128238 0 -0.7013433 0.7128116 0 -0.7013556 0.6356588 0 -0.7719702 0.5517622 0 -0.8340016 0.5514823 0 -0.8341867 0.5514823 0 -0.8341866 0.5514823 0 -0.8341866 0.4614633 0 -0.8871593 0.4614633 0 -0.8871593 0.4614633 0 -0.8871593 0.4614633 0 -0.8871593 0.4614633 0 -0.8871593 0.4614633 0 -0.8871593 0.3662315 0 -0.9305238 0.2667118 0 -0.9637764 0.2667347 0 -0.96377 0.1644084 0 -0.9863924 0.1643843 0 -0.9863964 0.06053566 0 -0.9981662 0.06096488 0 -0.9981399 0.06096488 0 -0.99814 0.06096488 0 -0.99814 -0.04390698 0 -0.9990356 -0.04393172 0 -0.9990345 -0.148387 0 -0.9889294 -0.1483869 0 -0.9889295 -0.250911 0 -0.9680102 -0.2509109 0 -0.9680102 -0.3504384 0 -0.9365858 -0.3504165 0 -0.9365941 -0.4464365 0 -0.8948154 -0.4464564 0 -0.8948054 -0.5377195 0 -0.8431239 -0.5377195 0 -0.8431239 -0.5377194 0 -0.8431239 -0.537702 0 -0.8431351 -0.537702 0 -0.8431351 -0.537702 0 -0.8431351 -0.6226766 0 -0.7824794 -0.6226764 0 -0.7824795 -0.7013432 0 -0.7128239 -0.7013557 0 -0.7128115 -0.7719672 0 -0.6356624 -0.771967 0 -0.6356627 -0.8340081 0 -0.5517523 -0.8873091 0 -0.4611755 -0.8873088 0 -0.4611757 -0.9305245 0 -0.3662298 -0.9306507 0 -0.365909 -0.9306507 0 -0.365909 -0.9306507 0 -0.365909 -0.9637737 0 -0.2667213 -0.963772 0 -0.2667277 -0.9863942 0 -0.1643974 -0.9981697 0 -0.06047624 -0.9981405 0 -0.06095623 -0.9981405 0 -0.06095623 -0.9981405 0 -0.06095623 -0.9990333 0 0.043962 -0.9990332 0 0.04396307 0.9306507 0 0.365909 0.9306507 0 0.365909 0.9306507 0 0.365909 0.9637271 0 0.2668896 0.986411 0 0.1642962 0.9981673 0 0.06051427 0.9990345 0 -0.04393458 0.9990345 0 -0.04393541 0.9889319 0 -0.1483702 0.9889315 0 -0.1483729 0.9679793 0 -0.2510302 0.9679793 0 -0.2510302 0.9679793 0 -0.2510302 0.9681224 0 -0.2504778 0.9364596 0 -0.3507758 0.8948112 0 -0.446445 0.8948074 0 -0.4464524 0.8430321 0 -0.5378633 0.8430321 0 -0.5378633 0.8430321 0 -0.5378633 0.8430731 0 -0.5377992 0.8430731 0 -0.5377992 0.8430731 0 -0.5377992 0.7824805 0 -0.6226751 0.7128298 0 -0.7013371 0.6356514 0 -0.7719763 0.6356624 0 -0.7719672 0.5514693 0 -0.8341951 0.5514693 0 -0.8341951 0.5514693 0 -0.8341952 0.5514951 0 -0.8341782 0.5514951 0 -0.8341781 0.5514951 0 -0.8341781 0.461591 0 -0.887093 0.461591 4.3653e-7 -0.887093 0.461591 0 -0.887093 0.461591 0 -0.887093 0.461591 0 -0.887093 0.461591 0 -0.887093 0.3662262 0 -0.9305258 0.3659139 0 -0.9306487 0.3659139 0 -0.9306487 0.3659139 0 -0.9306487 0.2667118 0 -0.9637764 0.2667463 0 -0.9637669 0.1644023 0 -0.9863934 0.1643843 0 -0.9863964 0.06052953 0 -0.9981665 0.06082749 0 -0.9981483 0.06082749 0 -0.9981483 0.06082749 0 -0.9981483 -0.04391938 0 -0.9990351 -0.04393786 0 -0.9990343 -0.1483748 0 -0.9889312 -0.2509052 0 -0.9680117 -0.2509399 0 -0.9680027 -0.3504275 0 -0.9365899 -0.3504111 0 -0.936596 -0.4464465 0 -0.8948103 -0.537643 0 -0.8431726 -0.5376431 0 -0.8431726 -0.5376976 0 -0.8431379 -0.5376976 0 -0.8431379 -0.5376976 0 -0.8431379 -0.6226764 0 -0.7824795 -0.7013401 0 -0.7128269 -0.7013589 0 -0.7128083 -0.7719672 0 -0.6356626 -0.8341913 0 -0.5514752 -0.8341913 0 -0.5514752 -0.8341913 0 -0.5514752 -0.8341914 0 -0.5514752 -0.8341913 0 -0.5514752 -0.8341913 0 -0.5514752 -0.8873102 0 -0.4611731 -0.9305253 0 -0.3662277 -0.9306507 0 -0.365909 -0.9306507 0 -0.365909 -0.9637733 0 -0.2667229 -0.963772 0 -0.2667276 -0.9863946 0 -0.1643953 -0.9863941 0 -0.1643984 -0.9981493 0 -0.06081229 -0.9981493 2.09084e-7 -0.06081229 -0.9981493 0 -0.06081229 -0.9981697 0 -0.06047618 -0.9990184 0 0.04429751 -0.9990184 0 0.04429751 -0.9990185 0 0.04429751 -0.9990332 0 0.04396307 0.9305253 0 0.3662277 0.9305279 0 0.3662213 0.9637271 0 0.2668897 0.9637285 0 0.2668849 0.9863554 0 0.1646302 0.9863554 0 0.1646302 0.9863554 0 0.1646302 0.9864112 0 0.1642962 0.9981673 0 0.06051427 0.9990345 0 -0.04393541 0.9889319 0 -0.1483702 0.9681224 0 -0.2504779 0.9680383 0 -0.2508025 0.9680383 0 -0.2508025 0.9680383 0 -0.2508025 0.9364596 0 -0.3507758 0.8948112 0 -0.4464451 0.8948075 0 -0.4464522 0.8430836 0 -0.5377825 0.8430836 0 -0.5377825 0.8430836 0 -0.5377825 0.8431246 0 -0.5377183 0.8431246 0 -0.5377183 0.8431246 0 -0.5377183 0.7824878 0 -0.622666 0.7128116 0 -0.7013556 0.7128208 0 -0.7013462 0.6356512 0 -0.7719764 0.6356626 0 -0.7719671 0.5517622 0 -0.8340015 0.4614633 0 -0.8871593 0.4614633 0 -0.8871593 0.4611657 0 -0.8873141 0.365914 0 -0.9306488 0.365914 0 -0.9306488 0.365914 0 -0.9306488 0.365914 0 -0.9306488 0.365914 0 -0.9306488 0.266729 0 -0.9637716 0.1644023 0 -0.9863935 0.1644024 0 -0.9863933 0.06051105 0 -0.9981676 -0.04427307 0 -0.9990196 -0.04427307 0 -0.9990196 -0.04427313 0 -0.9990196 -0.04427307 0 -0.9990196 -0.04427313 0 -0.9990196 -0.04427313 -2.09085e-7 -0.9990196 -0.1483748 0 -0.9889312 -0.1483749 0 -0.9889312 -0.2509226 0 -0.9680072 -0.3504274 0 -0.93659 -0.3504276 0 -0.9365898 -0.4464466 0 -0.8948103 -0.5376431 0 -0.8431726 -0.5376977 0 -0.8431378 -0.5376977 0 -0.8431378 -0.5376977 0 -0.8431378 -0.6226765 0 -0.7824795 -0.6226652 0 -0.7824884 -0.7013495 0 -0.7128176 -0.701359 0 -0.7128083 -0.7719671 0 -0.6356626 -0.7719672 0 -0.6356623 -0.8342707 0 -0.5513553 -0.8342707 0 -0.5513553 -0.8342707 0 -0.5513553 -0.8342708 0 -0.5513551 -0.8342708 0 -0.5513551 -0.8342708 0 -0.5513551 -0.8871554 0 -0.4614709 -0.8871554 0 -0.4614709 -0.8871554 0 -0.4614709 -0.9305253 0 -0.3662277 -0.9305279 0 -0.3662213 -0.9637733 0 -0.2667229 -0.963772 0 -0.2667276 -0.9863936 0 -0.1644014 -0.9981697 0 -0.06047624 -0.9981697 0 -0.06047618 -0.9990184 0 0.04429751 -0.9990185 0 0.04429751 -0.9990332 0 0.0439639 0.9306483 0 0.3659153 0.9306483 0 0.3659153 0.9306483 0 0.3659153 0.9306506 0 0.3659091 0.9306506 0 0.3659091 0.9306506 0 0.3659091 0.9637271 0 0.2668896 0.9637285 0 0.2668849 0.9863554 0 0.1646302 0.9863554 1.60841e-7 0.1646302 0.9863554 0 0.1646301 0.9680383 0 -0.2508025 0.9680383 0 -0.2508025 0.9680383 0 -0.2508025 0.8948112 0 -0.4464448 0.8948075 0 -0.4464524 0.8431354 0 -0.5377015 0.8431354 0 -0.5377015 0.8431354 0 -0.5377016 0.8431245 0 -0.5377185 0.8431245 0 -0.5377185 0.8431245 0 -0.5377185 0.7824806 0 -0.622675 0.7824876 0 -0.6226661 0.7128117 0 -0.7013555 0.7128207 0 -0.7013463 0.6356515 0 -0.7719762 0.6356623 0 -0.7719673 0.4614633 0 -0.8871593 0.4614633 0 -0.8871593 -0.2509053 0 -0.9680117 -0.537724 0 -0.8431209 -0.537724 0 -0.8431209 -0.537724 0 -0.843121 -0.5376976 0 -0.8431379 -0.6226766 0 -0.7824795 -0.6226651 0 -0.7824885 -0.7013496 0 -0.7128176 -0.8342708 0 -0.5513551 -0.8342708 0 -0.5513551 -0.8342707 0 -0.5513551 -0.8342706 0 -0.5513553 -0.8342707 0 -0.5513553 -0.8342707 -2.29773e-7 -0.5513553 -0.8871554 0 -0.4614709 -0.8871554 0 -0.4614709 -0.8871554 0 -0.4614709 -0.9306483 0 -0.3659153 -0.9306483 0 -0.3659153 -0.9306483 0 -0.3659153 -0.9306506 0 -0.3659091 -0.9306506 0 -0.3659091 -0.9306506 0 -0.3659091 -0.9637733 0 -0.2667228 -0.963772 0 -0.2667276 -0.9863946 0 -0.1643953 -0.9863936 0 -0.1644014 0.9306483 0 0.3659153 0.9306483 0 0.3659153 0.9306483 0 0.3659153 0.9637286 0 0.2668848 0.9889315 0 -0.1483728 0.9889319 0 -0.1483702 0.9681225 0 -0.2504775 0.9680033 0 -0.2509375 0.9680034 0 -0.2509375 0.9680034 0 -0.2509375 0.9364574 0 -0.3507816 0.9364617 0 -0.3507699 0.8948076 0 -0.4464521 0.84313 0 -0.5377098 0.84313 0 -0.5377098 0.8431301 0 -0.5377098 0.8430731 0 -0.5377992 0.7824808 0 -0.6226748 0.7128206 0 -0.7013465 0.6356627 0 -0.7719669 0.6356514 0 -0.7719762 0.4611659 0 -0.887314 0.4614633 0 -0.8871593 0.3662265 0 -0.9305258 0.2667294 0 -0.9637716 0.1644026 0 -0.9863933 0.1644023 0 -0.9863935 0.06051111 0 -0.9981676 -0.04427313 0 -0.9990196 -0.04427313 0 -0.9990196 -0.04427313 0 -0.9990196 -0.04391938 0 -0.9990351 -0.1483931 0 -0.9889284 -0.2509054 0 -0.9680116 -0.3504277 0 -0.9365898 -0.4464468 0 -0.8948103 -0.5377242 0 -0.8431209 -0.5377242 0 -0.8431209 -0.5377241 0 -0.8431209 -0.5376976 0 -0.8431379 -0.5376976 0 -0.8431379 -0.6226767 0 -0.7824792 -0.7719675 0 -0.6356621 -0.7719745 0 -0.6356537 -0.8341916 0 -0.551475 -0.8341916 0 -0.551475 -0.8341915 0 -0.5514749 -0.8342707 0 -0.5513552 -0.8342707 0 -0.5513552 -0.8342707 0 -0.5513552 -0.8871556 0 -0.4614704 -0.8871556 0 -0.4614704 -0.8871556 0 -0.4614704 -0.8873062 0 -0.4611807 -0.9306483 0 -0.3659153 -0.9306483 0 -0.3659153 -0.9306483 0 -0.3659153 -0.9637747 0 -0.2667179 -0.9863941 0 -0.1643983 -0.9981493 0 -0.06081229 -0.9981493 0 -0.06081229 -0.9981493 0 -0.06081229 -0.9990185 0 0.04429751 -0.9990332 0 0.04396307 0.9305277 0 0.3662215 0.9306483 0 0.3659153 0.9306483 0 0.3659153 0.986411 0 0.1642963 0.9990345 0 -0.04393464 0.9889319 0 -0.1483703 0.9889315 0 -0.1483728 0.9680383 0 -0.2508026 0.9680383 0 -0.2508026 0.9680383 0 -0.2508026 0.9679793 0 -0.2510301 0.9679793 0 -0.2510301 0.9679793 -1.93024e-7 -0.2510301 0.9364573 0 -0.3507818 0.8948073 0 -0.4464526 0.8431298 0 -0.5377102 0.8431298 0 -0.5377102 0.8431298 0 -0.5377103 0.8431298 0 -0.5377103 0.8431298 0 -0.5377102 0.8431298 0 -0.5377102 0.7824733 0 -0.6226842 0.7128115 0 -0.7013557 0.7128297 0 -0.7013372 0.5517492 0 -0.8340101 0.5513749 0 -0.8342577 0.5513749 0 -0.8342577 0.5513749 0 -0.8342577 0.4614633 0 -0.8871593 0.365914 0 -0.9306488 0.365914 0 -0.9306488 0.2667117 0 -0.9637764 0.2667464 0 -0.9637668 0.06052953 0 -0.9981665 0.06097108 0 -0.9981396 0.06097108 0 -0.9981396 0.06097108 0 -0.9981396 -0.04427307 0 -0.9990196 -0.04427307 0 -0.9990196 -0.04427307 -2.09085e-7 -0.9990196 -0.2509399 0 -0.9680027 -0.4464312 0 -0.894818 -0.4464613 0 -0.8948029 -0.5377104 0 -0.8431296 -0.5377104 0 -0.8431296 -0.5377104 0 -0.8431296 -0.5377107 0 -0.8431294 -0.5377107 0 -0.8431295 -0.5377107 0 -0.8431295 -0.7013402 0 -0.7128267 -0.7013587 0 -0.7128085 -0.8342706 0 -0.5513554 -0.8342705 0 -0.5513554 -0.8342705 0 -0.5513554 -0.8342706 0 -0.5513554 -0.8342706 0 -0.5513554 -0.9305277 0 -0.3662215 -0.9306483 0 -0.3659153 -0.9306483 0 -0.3659153 -0.9863941 0 -0.1643984 -0.9981493 0 -0.06081229 -0.9981493 0 -0.06081229 -0.9990185 0 0.04429751 -0.9990332 0 0.04396307 0.9990345 0 -0.04393464 0.9889319 0 -0.1483704 0.9680033 0 -0.2509376 0.9680033 0 -0.2509376 0.9680033 0 -0.2509376 0.9680383 0 -0.2508026 0.9680383 0 -0.2508026 0.9680383 0 -0.2508026 0.8948109 0 -0.4464457 0.8431865 0 -0.5376213 0.8431865 0 -0.5376213 0.8431864 0 -0.5376213 0.8431246 0 -0.5377182 0.8431246 0 -0.5377182 0.8431246 0 -0.5377182 0.7822712 0 -0.622938 0.7822712 0 -0.622938 0.7822712 0 -0.622938 0.7128112 0 -0.701356 0.7128209 0 -0.7013462 0.6356619 0 -0.7719677 0.365914 0 -0.9306488 0.365914 0 -0.9306488 -0.0439378 0 -0.9990343 -0.1483927 0 -0.9889285 -0.5378042 0 -0.8430698 -0.5378042 0 -0.8430698 -0.5378042 0 -0.8430699 -0.5376976 0 -0.8431379 -0.5376976 0 -0.8431379 -0.701349 0 -0.712818 -0.701359 0 -0.7128082 -0.8342702 0 -0.5513557 -0.8342702 0 -0.5513557 -0.8342702 0 -0.5513558 -0.8342705 0 -0.5513554 -0.8342706 0 -0.5513554 -0.9305253 0 -0.3662278 -0.9863945 0 -0.1643956 -0.9981492 0 -0.06081235 -0.9981492 1.60841e-7 -0.06081235 -0.9981492 0 -0.06081235 -0.9990333 0 0.04396229 0.9637271 0 0.2668895 0.9889315 0 -0.148373 0.988932 0 -0.1483701 0.9680395 0 -0.2507978 0.9680395 0 -0.2507978 0.9680395 0 -0.2507978 0.9364572 0 -0.350782 0.936462 0 -0.3507694 0.8431299 0 -0.53771 0.8431299 0 -0.53771 0.8431299 0 -0.53771 0.8431246 0 -0.5377182 0.8431246 0 -0.5377182 0.7824879 0 -0.6226658 0.6356517 0 -0.7719761 0.4614633 0 -0.8871593 -0.04427307 0 -0.9990196 -0.0442546 0 -0.9990203 -0.0442546 0 -0.9990203 -0.0442546 -2.57327e-7 -0.9990203 -0.148375 0 -0.9889312 -0.2509227 0 -0.9680072 -0.5376431 0 -0.8431726 -0.5375362 0 -0.8432408 -0.5375362 0 -0.8432408 -0.5375362 0 -0.8432408 -0.6226654 0 -0.7824884 -0.7719749 0 -0.635653 -0.8342707 0 -0.5513552 -0.8342707 0 -0.5513552 -0.8342706 0 -0.5513552 -0.8341916 0 -0.5514749 -0.8341916 0 -0.551475 -0.8341916 0 -0.551475 -0.8871554 0 -0.4614709 -0.8871517 0 -0.461478 -0.8871517 0 -0.461478 -0.8871517 0 -0.461478 -0.9637746 0 -0.266718 -0.963772 0 -0.2667275 0.9306482 0 0.3659155 0.9990345 0 -0.04393541 0.9889315 0 -0.148373 0.9364618 0 -0.3507696 0.5517489 0 -0.8340103 0.5513752 0 -0.8342575 0.5513752 0 -0.8342576 0.5513752 0 -0.8342576 0.266712 0 -0.9637763 0.2667461 0 -0.9637669 -0.4464317 0 -0.8948177 -0.4464609 0 -0.8948032 -0.5377107 0 -0.8431295 -0.5377107 0 -0.8431295 -0.5377107 0 -0.8431295 -0.5377105 0 -0.8431296 -0.5377104 0 -0.8431296 -0.7013399 0 -0.712827 -0.9306482 0 -0.3659155 -0.9306482 0 -0.3659155 -0.9306482 -1.60841e-7 -0.3659155 -0.9990333 0 0.04396229 0.9981674 0 0.06051355 0.9981673 0 0.06051504 0.9364587 0 -0.3507779 0.9364618 0 -0.3507696 0.8948111 0 -0.446445 0.8948061 0 -0.446455 0.8431335 0 -0.5377043 0.8431335 0 -0.5377043 0.8431335 0 -0.5377042 0.8431261 0 -0.5377158 0.8431261 0 -0.5377158 0.8431261 0 -0.5377158 0.06053566 0 -0.9981661 0.06096488 0 -0.9981399 0.06096488 0 -0.99814 0.06096494 0 -0.99814 -0.04390704 0 -0.9990356 -0.04393166 0 -0.9990345 -0.3504382 0 -0.936586 -0.3504168 0 -0.9365939 -0.4464367 0 -0.8948153 -0.4464563 0 -0.8948055 -0.9981697 0 -0.06047624 -0.9981405 0 -0.06095623 -0.9981405 0 -0.06095623 -0.9981405 0 -0.06095623 -0.9990333 0 0.043962 0.09637427 0 0.9953452 0.09637427 0 0.9953452 0.09637427 0 0.9953452 0.09637427 0 0.9953452 0.09637427 0 0.9953452 0.09637427 0 0.9953452 0.09602099 0 0.9953794 0.09638392 0 0.9953443 0.09638392 0 0.9953442 0.09638392 0 0.9953442 0.09613043 0 0.9953688 0.09613043 0 0.9953688 0.09613037 0 0.9953688 0.09647774 0 0.9953352 0.09604984 0 0.9953765 0.09602093 0 0.9953794 0.09602111 0 0.9953794 0.09633517 0 0.995349 0.09649217 0 0.9953337 0.0964778 0 0.9953352 0.09608608 0 0.9953731 0.09608608 0 0.9953731 0.09608608 0 0.9953731 0.09649819 0 0.9953333 0.09649819 0 0.9953333 0.09649819 0 0.9953333 0.09649819 0 0.9953333 0.09649819 0 0.9953333 0.09649819 0 0.9953333 0.09602105 0 0.9953794 0.09637683 0 0.9953449 0.09653538 0 0.9953296 0.09648609 0 0.9953343 0.09639126 0 0.9953436 0.09643447 0 0.9953394 0.09632045 -4.93823e-5 0.9953504 0.09632045 -4.93769e-5 0.9953504 0.09632045 -4.9376e-5 0.9953504 0.09624236 -2.20727e-4 0.9953579 0.09624236 -2.20728e-4 0.995358 0.09624236 -2.20728e-4 0.9953579 0.09601509 0 0.9953799 0.09601509 0 0.9953799 0.09601509 0 0.9953799 0.09635502 0 0.9953471 0.09635502 0 0.995347 0.09635502 0 0.9953471 0.09604978 0 0.9953765 0.09649819 0 0.9953333 0.09624469 0 0.9953578 0.09624469 0 0.9953577 0.09624469 0 0.9953577 0.09638386 0 0.9953442 0.09638386 0 0.9953443 0.09638386 0 0.9953442 0.09624236 2.20728e-4 0.995358 0.09624236 2.20729e-4 0.9953579 0.09624236 2.20727e-4 0.9953579 0.09632045 4.93824e-5 0.9953504 0.09632045 4.93765e-5 0.9953504 0.09632045 4.93768e-5 0.9953504 0.09635502 0 0.995347 0 -1 0 0 -1 0 0 -1 0 0 -1 -3.31556e-7 0 -1 -4.56196e-7 0 -1 8.84145e-7 0 -1 -4.42044e-7 0 -1 2.76282e-7 0 -1 -4.42206e-7 0 -1 0 0 -1 -3.31513e-7 0 -1 0 0 -1 0 0 -1 0 0 -1 4.42259e-7 0 -1 -2.21016e-7 0 -1 2.21095e-7 0 -1 8.83646e-7 0 -1 -7.18667e-7 0 -1 1.65739e-7 0 -1 -8.84375e-7 0 -1 0 0 -1 1.9348e-7 0 -1 -1.93493e-7 0 -1 7.59533e-7 0 1 0 0 1 4.64215e-7 0 1 -3.0937e-7 0 1 -1.5474e-7 0 1 1.23688e-6 0 1 -7.34755e-7 0 1 -1.5471e-7 0 1 -1.54633e-7 0 1 -1.00556e-6 0 1 1.23756e-6 0 1 -9.95925e-7 0 1 -2.51317e-7 0 1 1.00613e-6 0 1 5.41353e-7 0 1 -4.64129e-7 0 1 -6.18777e-7 0 1 1.23748e-6 0 1 -7.3436e-7 -0.9322921 0 -0.3617064 -0.9675472 0 -0.2526904 -0.9675472 0 -0.2526904 -0.9675472 0 -0.2526904 -0.9675956 0 -0.2525049 -0.9675956 0 -0.2525049 -0.9675956 0 -0.2525049 -0.9900798 0 -0.1405063 -0.9996565 0 -0.02620923 -0.9996565 0 -0.02621108 -0.9961168 0 0.08804225 -0.9795113 0 0.2013895 -0.9795113 0 0.2013895 -0.9795113 2.32446e-7 0.2013895 -0.9794452 0 0.2017112 -0.9500988 0 0.3119494 -0.9500988 0 0.3119494 -0.9500988 0 0.3119494 -0.9500953 0 0.3119599 -0.9500954 0 0.31196 -0.9500954 0 0.31196 -0.9082325 0 0.418466 -0.908038 0 0.4188879 -0.908038 -8.36443e-7 0.4188879 -0.908038 0 0.4188879 -0.8542035 0 0.519939 -0.8541938 0 0.5199548 -0.789324 0 0.6139769 -0.7893106 0 0.6139942 -0.7143428 0 0.6997959 -0.7143604 0 0.6997781 -0.6293079 0 0.7771561 -0.6293079 0 0.7771561 -0.6293079 0 0.7771561 -0.6293295 0 0.7771386 -0.6293295 0 0.7771387 -0.6293295 0 0.7771387 -0.5365775 0 0.8438511 -0.5366029 0 0.843835 -0.436712 0 0.8996015 -0.4366831 0 0.8996154 -0.3310593 0 0.94361 -0.3310593 0 0.94361 -0.3310593 3.32065e-7 0.94361 -0.3310593 0 0.94361 -0.3310593 0 0.94361 -0.3310593 0 0.94361 -0.2211282 0 0.9752448 -0.2211282 0 0.9752448 -0.2211282 4.10688e-7 0.9752448 -0.2205332 0 0.9753795 -0.1077377 0 0.9941794 -0.1077024 0 0.9941832 0.006485939 0 0.999979 0.006485939 0 0.999979 0.006485939 0 0.999979 0.006485939 0 0.999979 0.006485939 0 0.999979 0.006485939 0 0.999979 0.1205784 0 0.9927038 0.1205784 0 0.9927038 0.1205784 0 0.9927038 0.1205784 0 0.9927038 0.1205784 0 0.9927038 0.1205784 0 0.9927038 0.2335953 0 0.9723339 0.233629 0 0.9723258 0.3429733 0 0.9393453 0.4483472 0 0.8938595 0.4481043 0 0.8939814 0.4481043 0 0.8939814 0.4481043 0 0.8939814 0.547273 0 0.8369541 0.547298 0 0.8369378 0.6393211 0 0.7689399 0.6393422 0 0.7689223 0.7229374 0 0.6909137 0.7972807 0 0.6036087 0.7972938 0 0.6035916 0.8611071 0 0.5084238 0.8611071 0 0.5084238 0.8611071 0 0.5084238 0.8611894 0 0.5082844 0.8611894 -3.46239e-7 0.5082844 0.8611894 0 0.5082844 0.9134792 0 0.4068858 0.9540072 0 0.2997839 0.9540072 0 0.299784 0.9540072 0 0.2997839 0.9540072 0 0.299784 0.9540072 0 0.2997839 0.9540072 0 0.2997839 0.9819918 0 0.1889234 0.9819919 0 0.1889234 0.9819918 0 0.1889234 0.9819919 0 0.1889234 0.9819918 0 0.1889234 0.9819918 0 0.1889234 0.9971564 0 0.07535994 0.9971564 0 0.07535994 0.9971564 0 0.07535994 0.9971564 0 0.07535994 0.9971564 0 0.07535994 0.9971564 0 0.07535994 0.9992275 0 -0.03929907 0 1 0 0 1 0 0 1 -4.42206e-7 0 1 2.76282e-7 0 1 -4.42044e-7 0 1 8.84145e-7 0 1 -4.56196e-7 0 1 0 0 1 2.21095e-7 0 1 0 0 1 0 0 1 -3.31513e-7 0 1 2.21122e-7 0 1 -4.42033e-7 0 1 3.31694e-7 0 1 -3.31556e-7 0 1 -6.52917e-7 0 1 7.59533e-7 0 1 -8.84513e-7 0 1 5.52279e-7 0 1 -1.65829e-7 0 1 1.65739e-7 0 -1 -1.54656e-7 0 -1 -6.1874e-7 0 -1 4.64215e-7 0 -1 -1.23748e-6 0 -1 1.23756e-6 0 -1 0 0 -1 2.31948e-7 0 -1 1.23831e-6 0 -1 -9.95925e-7 0 -1 1.23688e-6 0 -1 -7.3436e-7 0 -1 7.34754e-7 0 -1 -1.23762e-6 0 -1 2.3204e-7 0 -1 -1.54633e-7 0 -1 -1.5471e-7 0 -1 5.41353e-7 0 -1 -5.02483e-7 0 -1 -1.5474e-7 0.9311954 0 0.3645204 0.9311929 0 0.3645269 0.9649463 0 0.2624479 0.9649474 0 0.2624436 0.9876436 0 0.1567169 0.9876436 0 0.1567169 0.9876436 0 0.1567169 0.9876215 0 0.1568562 0.9876215 0 0.1568562 0.9876215 0 0.1568562 0.998764 0 0.0497055 0.9987639 0 0.04970753 0.9982972 0 -0.05833351 0.9982972 0 -0.05833357 0.9862992 0 -0.1649668 0.9862992 0 -0.1649668 0.9862992 0 -0.1649668 0.986299 0 -0.1649674 0.9862991 0 -0.1649674 0.9862991 0 -0.1649674 0.9628062 0 -0.2701931 0.9628062 0 -0.2701931 0.9628062 0 -0.2701931 0.9628464 0 -0.2700499 0.9628463 0 -0.2700499 0.9628463 0 -0.2700499 0.9282464 0 -0.3719659 0.9282488 0 -0.3719603 0.8827421 0 -0.4698578 0.8827373 0 -0.4698668 0.8269108 0 -0.5623332 0.8269166 0 -0.5623246 0.7614956 0 -0.6481701 0.7615031 0 -0.6481613 0.6877179 0 -0.7259781 0.6877179 0 -0.7259781 0.6877179 0 -0.7259781 0.6877179 0 -0.7259781 0.6877179 0 -0.7259781 0.6055104 0 -0.7958374 0.6054982 0 -0.7958468 0.5163441 0 -0.8563812 0.5163435 0 -0.8563815 0.4210433 0 -0.9070405 0.4210265 0 -0.9070484 0.3214014 0 -0.9469431 0.3213837 0 -0.9469491 0.2174926 0 -0.976062 0.2175107 0 -0.976058 0.1110357 0 -0.9938165 0.1110357 0 -0.9938165 0.1110357 0 -0.9938165 0.1113691 0 -0.9937791 0.003317296 0 -0.9999945 0.003297984 0 -0.9999946 -0.1040891 0 -0.9945681 -0.1041079 0 -0.9945661 -0.2101171 0 -0.9776763 -0.2100983 0 -0.9776803 -0.3142471 0 -0.9493413 -0.3145653 0 -0.9492359 -0.3145653 0 -0.9492359 -0.3145653 -1.60841e-7 -0.9492359 -0.4147939 0 -0.9099154 -0.4147939 0 -0.9099154 -0.4147939 0 -0.9099154 -0.4146622 0 -0.9099755 -0.4146622 0 -0.9099755 -0.4146622 0 -0.9099755 -0.5101296 0 -0.8600975 -0.5101296 0 -0.8600975 -0.5101296 0 -0.8600976 -0.5102792 0 -0.8600088 -0.5102792 0 -0.8600089 -0.5102792 0 -0.8600089 -0.5999001 0 -0.8000749 -0.5998865 0 -0.8000851 -0.6824934 0 -0.7308918 -0.6824716 0 -0.7309122 -0.7569146 0 -0.6535138 -0.7569141 0 -0.6535145 -0.8230757 0 -0.5679318 -0.8230751 0 -0.5679327 -0.8793617 0 -0.4761545 -0.8793568 0 -0.4761635 -0.9253383 0 -0.3791427 -0.9254623 0 -0.37884 -0.9254623 0 -0.37884 -0.9254623 0 -0.37884 -0.9608215 0 -0.2771682 -0.9608184 0 -0.2771787 -0.9850364 0 -0.1723464 -0.9851189 0 -0.1718745 -0.9851189 0 -0.1718745 -0.9851189 0 -0.1718745 -0.9978895 0 -0.06493669 -0.9978895 0 -0.06493562 -0.9990995 0 0.04243052 -0.9990995 0 0.04243063 0 -1 1.16255e-6 0 -1 -3.00194e-7 0 -1 -1.16827e-6 0 -1 5.23879e-7 0 -1 -3.733e-7 0 -1 -5.96794e-7 0 -1 5.87417e-7 0 -1 -5.87025e-7 0 -1 5.94873e-7 0 -1 -8.82392e-7 0 -1 -5.89118e-7 0 -1 5.15872e-7 0 -1 0 0 -1 -8.861e-7 0 -1 1.18208e-6 0 -1 -1.18213e-6 0 -1 -2.8957e-7 0 -1 -3.60852e-7 0 -1 1.1522e-6 0 -1 -1.21797e-6 0 -1 -5.73965e-7 0 -1 1.22106e-6 0 -1 -5.72591e-7 0 -1 -1.13944e-6 0 -1 1.13499e-6 0 -1 -1.12806e-6 0 -1 2.49812e-6 0 -1 -2.50338e-6 0 -1 1.1194e-6 0 -1 2.52889e-6 0 -1 -1.11031e-6 0 1 0 0 1 -1.05184e-6 0 1 5.83153e-7 0 1 5.99703e-7 0 1 -5.83432e-7 0 1 8.98019e-7 0 1 -2.92368e-7 0 1 2.9336e-7 0 1 7.71462e-7 0 1 -1.18935e-6 0 1 -8.84984e-7 0 1 1.18447e-6 0 1 -5.89538e-7 0 1 -1.18465e-6 0 1 5.90859e-7 0 1 -5.90982e-7 0 1 -5.91136e-7 0 1 -5.9182e-7 0 1 1.18238e-6 0 1 3.01907e-7 0 1 5.78602e-7 0 1 -6.0507e-7 0 1 5.77249e-7 0 1 -6.07222e-7 0 1 -2.88062e-7 0 1 1.218e-6 0 1 -2.87335e-7 0 1 -3.57708e-7 0 1 -5.71325e-7 0 1 -2.84678e-7 0 1 -2.48617e-6 0 1 1.1284e-6 0 1 2.49668e-6 0 1 -1.12221e-6 0 1 -1.11979e-6 0 1 -1.10624e-6 0 1 -1.09645e-6 0.9311954 0 0.3645206 0.9650342 0 0.2621243 0.9650342 0 0.2621243 0.9650342 0 0.2621243 0.9876211 0 0.156859 0.9876211 0 0.156859 0.9876211 0 0.1568591 0.9876215 0 0.1568562 0.9876215 0 0.1568562 0.986315 0 -0.1648725 0.986315 0 -0.1648725 0.9863149 0 -0.1648725 0.986299 0 -0.1649674 0.9628463 0 -0.2700499 0.9628463 0 -0.2700499 0.9628464 0 -0.2700499 0.962845 0 -0.2700549 0.9628449 0 -0.2700549 0.9628449 0 -0.2700549 0.9282462 0 -0.3719664 0.9282513 0 -0.3719539 0.8827376 0 -0.4698663 0.8269105 0 -0.5623335 0.8269224 0 -0.562316 0.7614953 0 -0.6481705 0.761495 0 -0.6481708 0.687623 0 -0.7260679 0.687623 0 -0.726068 0.687623 0 -0.726068 0.6054976 0 -0.7958472 0.5163577 0 -0.8563731 0.421027 0 -0.9070482 0.4210423 0 -0.907041 0.3213841 0 -0.946949 0.321401 0 -0.9469432 0.2174924 0 -0.9760621 0.1110357 0 -0.9938165 0.1110357 0 -0.9938165 0.1110547 0 -0.9938144 0.1110547 0 -0.9938144 0.1110547 -2.09084e-7 -0.9938144 -0.104108 0 -0.9945661 -0.1040888 0 -0.9945681 -0.2104448 0 -0.9776058 -0.2104448 0 -0.9776058 -0.2104448 0 -0.9776058 -0.2104448 0 -0.9776058 -0.2104448 0 -0.9776058 -0.2104448 0 -0.9776058 -0.3142297 0 -0.949347 -0.3142464 0 -0.9493415 -0.4147935 0 -0.9099156 -0.4147935 0 -0.9099156 -0.4147935 0 -0.9099156 -0.4146622 0 -0.9099755 -0.4146622 0 -0.9099755 -0.5102264 0 -0.8600402 -0.5102264 0 -0.8600402 -0.5102264 0 -0.8600402 -0.5102798 0 -0.8600085 -0.5102797 0 -0.8600085 -0.5102797 -3.21681e-7 -0.8600085 -0.5998989 0 -0.8000758 -0.5998748 0 -0.8000939 -0.6824921 0 -0.730893 -0.6824821 0 -0.7309023 -0.7569061 0 -0.6535237 -0.756922 0 -0.6535053 -0.8230691 0 -0.5679413 -0.8793615 0 -0.4761549 -0.8793612 0 -0.4761554 -0.9255169 0 -0.3787063 -0.9255169 0 -0.3787063 -0.9255169 0 -0.3787063 -0.9254623 0 -0.3788397 -0.9254623 0 -0.3788397 -0.9254623 0 -0.3788397 -0.9608215 0 -0.2771685 -0.9608198 0 -0.2771738 -0.9850364 0 -0.1723466 -0.9850942 0 -0.1720163 -0.9850942 0 -0.1720163 -0.9850942 0 -0.1720163 -0.9990995 0 0.04243057 0 -1 -3.01042e-7 0 -1 -5.84134e-7 0 -1 4.49039e-7 0 -1 0 0 -1 -5.85464e-7 0 -1 2.94559e-7 0 -1 -5.93869e-7 0 -1 0 0 -1 3.87085e-7 0 -1 -1.47683e-7 0 -1 5.9116e-7 0 -1 -2.9559e-7 0 -1 -2.95562e-7 0 -1 2.95519e-7 0 -1 0 0 -1 0 0 -1 -1.2147e-6 0 -1 5.76099e-7 0 -1 -2.86982e-7 0 -1 -2.86295e-7 0 -1 5.70901e-7 0 -1 5.69721e-7 0 -1 5.67496e-7 0 -1 -1.24906e-6 0 -1 1.12217e-6 0 -1 -1.25169e-6 0 -1 1.11031e-6 0 -1 1.10582e-6 0 -1 -1.27483e-6 0 -1 1.10209e-6 0 -1 1.28318e-6 0 -1 -1.09734e-6 0 1 -6.03814e-7 0 1 0 0 1 -5.72333e-7 0 1 1.14265e-6 0 1 1.23316e-6 0 1 -5.67318e-7 0 1 1.23781e-6 0 1 5.61107e-7 0 1 2.503e-6 0 1 2.51848e-6 0 1 -1.1155e-6 0 1 2.52833e-6 0 1 -1.11072e-6 0 1 1.1013e-6 0 1 5.48223e-7 0 1 -5.91188e-7 0 1 5.91044e-7 0 1 5.91213e-7 0 1 5.9139e-7 0 1 -2.96163e-7 0 1 -2.96117e-7 0 1 5.93763e-7 0 1 2.97173e-7 0 1 -1.39377e-7 0 1 4.46666e-7 0 1 2.98252e-7 0 1 -5.8566e-7 0 1 2.98652e-7 0 1 -5.84737e-7 0 1 -5.98679e-7 0 1 5.83432e-7 0 1 -5.99703e-7 0 1 6.01053e-7 0 1 0 0.9311928 0 0.3645272 0.9650341 0 0.2621246 0.9650341 0 0.2621246 0.9650341 0 0.2621246 0.9876211 0 0.1568592 0.9876211 0 0.1568592 0.9876211 0 0.1568592 0.9876215 0 0.1568562 0.998764 0 0.04970562 0.9982972 0 -0.05833363 0.9862991 0 -0.1649674 0.9862991 0 -0.1649674 0.986299 0 -0.1649674 0.9862996 0 -0.1649642 0.9862996 0 -0.1649642 0.9862996 0 -0.1649642 0.9628449 0 -0.2700549 0.9628449 0 -0.2700549 0.962845 0 -0.2700549 0.962845 0 -0.2700549 0.9628449 0 -0.2700549 0.8827418 0 -0.4698586 0.8827331 0 -0.4698747 0.8269164 0 -0.562325 0.6876132 0 -0.7260773 0.6876132 0 -0.7260773 0.6876131 0 -0.7260773 0.6879714 0 -0.7257379 0.6055101 0 -0.7958377 0.6054979 0 -0.7958469 0.5163433 0 -0.8563818 0.4210262 0 -0.9070485 0.2175106 0 -0.976058 0.2174922 0 -0.9760621 0.1108926 0 -0.9938324 0.1108926 0 -0.9938324 0.1108926 0 -0.9938325 0.00365287 0 -0.9999934 0.00365287 0 -0.9999934 0.00365287 0 -0.9999934 0.003297984 0 -0.9999946 -0.2101169 0 -0.9776763 -0.3145653 0 -0.9492359 -0.3145653 0 -0.9492359 -0.3145653 0 -0.9492359 -0.3142465 0 -0.9493414 -0.4146622 0 -0.9099755 -0.4146622 0 -0.9099755 -0.4146622 0 -0.9099755 -0.4146622 0 -0.9099755 -0.510294 0 -0.8600001 -0.510294 0 -0.8600001 -0.510294 0 -0.8600001 -0.5102795 0 -0.8600087 -0.5102794 0 -0.8600087 -0.5102794 0 -0.8600087 -0.5998869 0 -0.8000849 -0.6824925 0 -0.7308927 -0.7569223 0 -0.6535049 -0.8230689 0 -0.5679417 -0.9254623 0 -0.3788397 -0.9254623 0 -0.3788397 -0.9254623 0 -0.3788397 -0.9254623 0 -0.3788397 -0.9608213 0 -0.2771687 -0.9608199 0 -0.2771737 -0.9850942 0 -0.1720163 -0.9850941 0 -0.1720163 -0.9851183 0 -0.1718779 -0.9851183 0 -0.1718779 -0.9851183 0 -0.1718779 -0.9978895 0 -0.0649355 -0.9990995 0 0.04243063 0 -1 -2.95314e-7 0 -1 -5.91123e-7 0 -1 2.95653e-7 0 -1 -4.43495e-7 0 -1 -3.70182e-7 0 -1 -1.48038e-7 0 -1 2.59158e-7 0 -1 1.48467e-7 0 -1 1.48423e-7 0 -1 -2.94131e-7 0 -1 2.97436e-7 0 -1 2.93513e-7 0 -1 -2.97725e-7 0 -1 -1.46854e-7 0 -1 2.98397e-7 0 -1 2.92732e-7 0 -1 -5.9728e-7 0 -1 0 0 -1 4.381e-7 0 -1 -1.45604e-7 0 -1 6.0071e-7 0 -1 -4.35955e-7 0 -1 2.90099e-7 0 -1 0 0 -1 1.44341e-7 0 -1 1.44025e-7 0 -1 -6.08987e-7 0 -1 4.30473e-7 0 -1 -6.10532e-7 0 -1 2.86295e-7 0 -1 -2.85451e-7 0 -1 5.64029e-7 0 -1 5.61084e-7 0 -1 1.25855e-6 0 -1 -1.11588e-6 0 -1 5.51043e-7 0 -1 -5.48672e-7 0 1 2.89301e-7 0 1 -3.02535e-7 0 1 3.59169e-7 0 1 -6.10985e-7 0 1 2.86166e-7 0 1 1.42831e-7 0 1 -1.23046e-6 0 1 5.69357e-7 0 1 5.64198e-7 0 1 -1.24834e-6 0 1 5.59897e-7 0 1 1.10624e-6 0 1 5.91188e-7 0 1 -1.18364e-6 0 1 -1.18176e-6 0 1 -2.95695e-7 0 1 -2.96037e-7 0 1 4.45322e-7 0 1 -5.88939e-7 0 1 -2.23004e-7 0 1 -5.87781e-7 0 1 2.23333e-7 0 1 2.92368e-7 0 1 -2.9934e-7 0 1 -2.91576e-7 0 1 2.17977e-7 0 1 -2.90241e-7 0.9650354 0 0.2621195 0.9650354 0 0.2621195 0.9650354 -3.05572e-7 0.2621195 0.998764 0 0.04970562 0.9982972 0 -0.05833357 0.9628449 0 -0.2700551 0.962845 0 -0.2700551 0.962845 0 -0.2700551 0.9282487 0 -0.3719604 0.8827416 0 -0.4698588 0.8827332 0 -0.4698746 0.687613 0 -0.7260774 0.687613 0 -0.7260774 0.687613 0 -0.7260774 0.5163431 0 -0.8563818 0.4210264 0 -0.9070484 0.2174921 0 -0.9760621 0.1110355 0 -0.9938165 0.1110355 0 -0.9938165 0.1110355 -2.57328e-7 -0.9938165 0.003297984 0 -0.9999946 -0.2104448 0 -0.9776058 -0.2100984 0 -0.9776803 -0.5102113 0 -0.8600492 -0.5102113 0 -0.8600492 -0.5102114 0 -0.8600491 -0.5104447 0 -0.8599107 -0.5104447 0 -0.8599107 -0.5104447 -4.13589e-7 -0.8599107 -0.5998992 0 -0.8000756 -0.5998867 0 -0.800085 -0.6824717 0 -0.730912 -0.7569139 0 -0.6535147 -0.9608213 0 -0.2771686 -0.9851183 0 -0.1718779 -0.9851183 0 -0.1718779 -0.9851183 -1.60853e-7 -0.1718779 -0.9978895 0 -0.06493556 -0.9990995 0 0.04243063 0 -1 1.9908e-7 0 -1 1.26298e-7 0 -1 1.43491e-7 0 -1 -1.43148e-7 0 -1 2.8288e-7 0 -1 -2.80542e-7 0 -1 -6.37414e-7 0 -1 6.41588e-7 0 -1 -1.37168e-7 0 -1 -1.47766e-7 0 -1 2.95519e-7 0 -1 -1.47657e-7 0 -1 -2.95561e-7 0 -1 -1.47826e-7 0 -1 2.95663e-7 0 -1 -2.59127e-7 0 -1 1.20281e-7 0 -1 0 0 -1 0 0 -1 1.46366e-7 0 -1 -2.9864e-7 0 -1 0 0 -1 -1.27779e-7 0 -1 3.00355e-7 0 -1 -1.45318e-7 0 -1 3.01043e-7 0 -1 -1.4505e-7 0 1 0 0 1 0 0 1 0 0 1 1.46184e-7 0 1 -1.46415e-7 0 1 1.8335e-7 0 1 0 0 1 2.94199e-7 0 1 -5.94347e-7 0 1 -1.47235e-7 0 1 -1.47497e-7 0 1 5.92073e-7 0 1 -2.95491e-7 0 1 -3.03611e-7 0 1 1.44031e-7 0 1 -3.04499e-7 0 1 0 0 1 6.12238e-7 0 1 -2.85663e-7 0 1 -6.2417e-7 0 1 2.80554e-7 0 1 -5.48223e-7 0 1 -5.91771e-7 0.9650341 0 0.2621246 0.9649474 0 0.2624433 0.9876211 0 0.1568592 0.9876215 0 0.1568561 0.9876215 0 0.1568561 0.9876215 0 0.1568561 0.9987639 0 0.04970741 0.9862991 0 -0.1649674 0.986299 0 -0.1649674 0.9863149 0 -0.1648725 0.986315 0 -0.1648725 0.986315 0 -0.1648725 0.928246 0 -0.3719672 0.9282516 0 -0.3719531 0.8269103 0 -0.562334 0.8269228 0 -0.5623157 0.6876129 0 -0.7260776 0.6876129 0 -0.7260776 0.6876128 0 -0.7260776 0.6876237 0 -0.7260674 0.6876236 0 -0.7260674 0.6876236 0 -0.7260674 0.4210429 0 -0.9070408 0.1113883 0 -0.993777 -0.104089 0 -0.9945681 -0.314229 0 -0.9493473 -0.4146622 0 -0.9099755 -0.4147935 0 -0.9099156 -0.4147935 0 -0.9099156 -0.4147935 0 -0.9099156 -0.5100197 0 -0.8601628 -0.5100197 0 -0.8601628 -0.5100197 0 -0.8601628 -0.5102803 0 -0.8600082 -0.5102803 0 -0.8600082 -0.5102803 0 -0.8600082 -0.5998995 0 -0.8000754 -0.5998742 0 -0.8000943 -0.6824818 0 -0.7309026 -0.7569056 0 -0.6535244 -0.7569227 0 -0.6535046 -0.8230754 0 -0.5679323 -0.9254623 0 -0.3788397 -0.925517 0 -0.3787063 -0.9255169 0 -0.3787063 -0.9255169 -2.29773e-7 -0.3787063 -0.9608199 0 -0.2771736 -0.9850941 0 -0.1720163 -0.9978895 0 -0.06493687 -0.9978895 0 -0.06493544 0 -1 5.05193e-7 0 -1 -5.76099e-7 0 -1 5.73965e-7 0 -1 1.22831e-6 0 -1 2.48573e-6 0 -1 -2.56635e-6 0 -1 5.48672e-7 0 -1 -5.91063e-7 0 -1 -5.91306e-7 0 -1 -1.18236e-6 0 -1 1.48073e-7 0 -1 2.59066e-7 0 -1 0 0 -1 2.96935e-7 0 -1 5.88262e-7 0 -1 -2.97436e-7 0 -1 5.87025e-7 0 -1 -5.87417e-7 0 -1 5.96794e-7 0 -1 5.85464e-7 0 -1 0 0 -1 5.82415e-7 0 -1 -5.81274e-7 0 -1 -1.20417e-6 0 -1 5.80199e-7 0 1 -5.80483e-7 0 1 4.143e-7 0 1 0 0 1 2.9934e-7 0 1 0 0 1 0 0 1 5.94677e-7 0 1 -1.471e-7 0 1 2.94995e-7 0 1 -1.18209e-6 0 1 -2.89301e-7 0 1 2.88624e-7 0 1 0 0 1 2.85663e-7 0 1 2.83659e-7 0 1 -5.65437e-7 0 1 -1.24309e-6 0 1 1.24834e-6 0 1 -5.61107e-7 0 1 1.2515e-6 0 1 1.11072e-6 0 1 -2.20259e-6 0 1 1.09645e-6 0.8827333 0 -0.4698746 0.4210421 0 -0.9070411 0.1108926 0 -0.9938325 0.1108926 0 -0.9938324 0.1108926 -6.43404e-7 -0.9938324 -0.2100985 0 -0.9776802 -0.3145653 0 -0.9492359 -0.6824718 0 -0.7309119 0 -1 -2.95531e-7 0 -1 2.95314e-7 0 -1 -2.95663e-7 0 -1 5.91159e-7 0 -1 0 0 -1 0 0 -1 -1.4809e-7 0 -1 -2.93513e-7 0 -1 -2.93709e-7 0 -1 -2.92452e-7 0 -1 3.65084e-7 0 -1 -2.91208e-7 0 -1 2.16511e-7 0 -1 2.8805e-7 0 -1 5.65759e-7 0 1 1.44312e-7 0 1 -1.44031e-7 0 1 6.08999e-7 0 1 -1.43668e-7 0 1 -4.6502e-7 0 1 -1.42339e-7 0 1 6.16578e-7 0 1 -2.82718e-7 0 1 -1.25924e-6 0 1 -5.55361e-7 0 1 5.53118e-7 0 1 -1.28227e-6 0 1 -5.9182e-7 0 1 -5.91044e-7 0 1 5.91136e-7 0 1 2.95606e-7 0 1 2.96117e-7 0 1 -5.89989e-7 0 1 2.96881e-7 0 1 3.71467e-7 0 1 -5.88398e-7 0 1 0 0 1 1.48889e-7 0 1 -2.9283e-7 0 1 -1.45858e-7 0 1 2.99852e-7 0 1 -1.45788e-7 0 1 1.45318e-7 0 1 6.02619e-7 0 1 0 0.9650341 0 0.2621245 0.9650341 0 0.2621245 0.9650341 0 0.2621245 0.9987639 0 0.04970753 0.962845 0 -0.2700551 0.962845 0 -0.2700551 0.9628449 0 -0.2700551 0.8827418 0 -0.4698587 0.687484 0 -0.7261997 0.687484 0 -0.7261997 0.687484 -3.21681e-7 -0.7261997 0.4210422 0 -0.9070411 0.2175105 0 -0.9760581 0.1110355 0 -0.9938165 0.1110355 0 -0.9938165 0.1110355 0 -0.9938165 0.00365287 0 -0.9999934 0.00365287 0 -0.9999934 0.00365287 0 -0.9999934 -0.2101168 0 -0.9776763 -0.5998991 0 -0.8000757 -0.6824923 0 -0.7308928 -0.7569221 0 -0.6535051 -0.9850942 0 -0.1720163 -0.9850942 0 -0.1720163 -0.9850942 0 -0.1720163 0 -1 -5.80199e-7 0 -1 3.01042e-7 0 -1 1.50097e-7 0 -1 -1.4968e-7 0 -1 0 0 -1 -1.46756e-7 0 -1 1.47065e-7 0 -1 -2.96846e-7 0 -1 1.4728e-7 0 -1 0 0 -1 2.95367e-7 0 -1 1.4779e-7 0 -1 1.47795e-7 0 -1 -1.47781e-7 0 -1 -4.43279e-7 0 -1 0 0 -1 -1.44025e-7 0 -1 -5.59702e-7 0 -1 -1.26444e-6 0 -1 1.26966e-6 0 -1 -5.91771e-7 0 1 0 0 1 1.4465e-7 0 1 -1.51268e-7 0 1 -1.51806e-7 0 1 -1.25709e-7 0 1 -1.96739e-7 0 1 3.07616e-7 0 1 -1.41829e-7 0 1 6.2417e-7 0 1 -2.80554e-7 0 1 -6.2962e-7 0 1 -6.35011e-7 0 1 -2.75324e-7 0 1 -2.74112e-7 0 1 -2.95522e-7 0 1 1.47803e-7 0 1 -1.47847e-7 0 1 1.48082e-7 0 1 -1.48058e-7 0 1 -2.94995e-7 0 1 2.22661e-7 0 1 -2.94469e-7 0 1 0 0 1 0 0 1 0 0 1 0 0 1 -1.49326e-7 0 1 1.4967e-7 0 1 1.45858e-7 0 1 -1.49926e-7 0 1 -1.63483e-7 0 1 1.99541e-7 0.9311953 0 0.3645206 0.9311928 0 0.3645271 0.9649475 0 0.2624435 0.9650341 0 0.2621245 0.9650341 -3.53895e-7 0.2621245 0.9876215 0 0.1568562 0.9876215 0 0.1568562 0.9876215 0 0.1568562 0.9876215 0 0.1568562 0.9876215 0 0.1568562 0.9876215 0 0.1568562 0.9987639 0 0.04970657 0.9987639 0 0.04970651 0.9982972 0 -0.05833357 0.9982971 0 -0.0583347 0.9862996 0 -0.1649642 0.9862996 0 -0.1649642 0.9862996 0 -0.1649641 0.986299 0 -0.1649672 0.9862991 0 -0.1649673 0.9862991 0 -0.1649673 0.9628708 0 -0.2699626 0.9628708 3.5843e-7 -0.2699626 0.9628708 0 -0.2699626 0.9628075 0 -0.2701884 0.9628075 0 -0.2701884 0.9628075 0 -0.2701884 0.928246 0 -0.3719669 0.9282487 0 -0.3719601 0.8827418 0 -0.4698587 0.8827375 0 -0.4698666 0.8269104 0 -0.562334 0.8269164 0 -0.5623249 0.7618057 0 -0.6478057 0.7618057 2.29772e-7 -0.6478057 0.7618057 0 -0.6478057 0.7615032 0 -0.6481612 0.6876131 0 -0.7260773 0.6876235 0 -0.7260676 0.6876234 0 -0.7260676 0.6876234 0 -0.7260676 0.605498 0 -0.7958469 0.605498 0 -0.7958469 0.5163434 0 -0.8563817 0.5163575 0 -0.8563732 0.4210265 0 -0.9070485 0.4210264 0 -0.9070484 0.321401 0 -0.9469432 0.3214011 0 -0.9469433 0.2174922 0 -0.9760621 0.003336548 0 -0.9999945 -0.1041079 0 -0.994566 -0.1040889 0 -0.994568 -0.2104633 0 -0.9776018 -0.2104633 0 -0.9776018 -0.2104633 0 -0.9776018 -0.3142467 0 -0.9493415 -0.3142292 0 -0.9493471 -0.4146622 0 -0.9099754 -0.4146622 0 -0.9099754 -0.4146622 0 -0.9099754 -0.4148091 0 -0.9099085 -0.4148091 0 -0.9099085 -0.4148091 0 -0.9099085 -0.5102939 0 -0.8600001 -0.5102939 0 -0.8600001 -0.5102939 0 -0.8600001 -0.5104447 0 -0.8599107 -0.5104447 0 -0.8599107 -0.5996307 0 -0.8002769 -0.5996307 3.0557e-7 -0.8002769 -0.5996307 0 -0.8002769 -0.6824821 0 -0.7309024 -0.6824821 0 -0.7309023 -0.7569141 0 -0.6535146 -0.7569141 0 -0.6535144 -0.8230752 0 -0.5679326 -0.8793613 0 -0.4761553 -0.8793569 0 -0.4761633 -0.925338 0 -0.3791434 -0.9254624 0 -0.3788396 -0.9254624 0 -0.3788396 -0.9254624 0 -0.3788396 -0.9608213 0 -0.2771686 -0.9851183 0 -0.1718779 -0.9851183 0 -0.1718779 -0.9851183 0 -0.1718779 -0.9850942 0 -0.1720163 -0.9850942 0 -0.1720163 -0.9850942 0 -0.1720163 -0.9978895 0 -0.06493556 -0.9990994 0 0.04243147 -0.9990995 0 0.0424298 0 -1 1.51018e-7 0 -1 0 0 -1 0 0 -1 0 0 -1 0 0 -1 3.05266e-7 0 -1 -1.4243e-7 0 -1 -1.41874e-7 0 -1 1.4144e-7 0 -1 -2.79851e-7 0 -1 3.14638e-7 0 -1 -2.78971e-7 0 -1 -3.16111e-7 0 -1 6.37414e-7 0 -1 -3.20794e-7 0 -1 0 0 -1 0 0 -1 -2.95519e-7 0 -1 0 0 -1 0 0 -1 0 0 -1 0 0 -1 0 0 -1 0 0 -1 0 0 -1 0 0 -1 0 0 -1 0 0 -1 0 0 -1 -1.50097e-7 0 -1 0 0 -1 0 0 1 0 0 1 0 0 1 0 0 1 0 0 1 0 0 1 0 0 1 0 0 1 0 0 1 0 0 1 0 0 1 0 0 1 0 0 1 0 0 1 0 0 1 0 0 1 0 0 1 0 0 1 0 0 1 0 0 1 0 0 1 0 0 1 0 0 1 0 0 1 0 0 1 0 0 1 0 0 1 0 0 1 0 0 1 0 0 1 1.58753e-7 0 1 0 0 1 1.59361e-7 0 1 0 0 1 1.60284e-7 0 1 0 0.9311953 0 0.3645206 0.9311928 0 0.3645272 0.9650354 0 0.2621195 0.9650354 0 0.2621195 0.9650355 0 0.2621195 0.9650341 0 0.2621245 0.9650341 0 0.2621245 0.9650341 -3.05571e-7 0.2621245 0.9876215 0 0.1568562 0.9876215 0 0.1568562 0.9876215 0 0.1568562 0.9876215 0 0.1568562 0.9876215 0 0.1568562 0.9876215 0 0.1568562 0.9982971 0 -0.0583347 0.9862996 0 -0.1649641 0.9862996 0 -0.1649641 0.9862996 0 -0.1649641 0.986299 0 -0.1649673 0.9862991 0 -0.1649673 0.9862991 0 -0.1649673 0.9628449 0 -0.2700549 0.9628449 1.60853e-7 -0.2700549 0.962845 0 -0.2700549 0.928246 0 -0.3719668 0.9282488 0 -0.3719602 0.8827417 0 -0.4698586 0.8827374 0 -0.4698666 0.8269104 0 -0.5623339 0.8269164 0 -0.562325 0.7617126 0 -0.6479152 0.7617126 0 -0.6479152 0.7617126 0 -0.6479152 0.7615032 0 -0.6481612 0.6876133 0 -0.7260772 0.6876133 0 -0.7260772 0.6876133 0 -0.7260773 0.5163433 0 -0.8563817 0.5163575 0 -0.8563731 0.003336548 0 -0.9999945 0.003297984 0 -0.9999946 -0.2106039 0 -0.9775715 -0.2106039 0 -0.9775715 -0.2106039 0 -0.9775715 -0.2104265 0 -0.9776098 -0.2104265 0 -0.9776098 -0.2104265 0 -0.9776098 -0.3142466 0 -0.9493414 -0.3142293 0 -0.9493471 -0.414575 0 -0.9100152 -0.414575 0 -0.9100152 -0.414575 0 -0.9100152 -0.4146782 0 -0.9099681 -0.4146782 0 -0.9099681 -0.4146782 0 -0.9099681 -0.510294 0 -0.8600001 -0.510294 0 -0.8600001 -0.5102797 0 -0.8600085 -0.5102797 0 -0.8600086 -0.5102797 0 -0.8600086 -0.5998868 0 -0.8000849 -0.925338 0 -0.3791434 -0.9254624 0 -0.3788397 -0.9254624 0 -0.3788397 -0.9254624 0 -0.3788397 -0.9608199 0 -0.2771738 -0.9851183 0 -0.1718779 -0.9851183 0 -0.1718779 -0.9851183 0 -0.1718779 -0.9850942 0 -0.1720163 -0.9850942 0 -0.1720163 -0.9850942 0 -0.1720163 0 -1 0 0 -1 0 0 -1 0 0 -1 0 0 -1 0 0 -1 0 0 -1 0 0 -1 0 0 -1 0 0 -1 0 0 -1 0 0 -1 0 0 -1 0 0 -1 0 0 -1 0 0 -1 0 0 -1 0 0 -1 0 0 -1 0 0 -1 0 0 -1 0 0 -1 0 0 -1 0 0 -1 0 0 -1 0 0 -1 0 0 -1 0 0 -1 0 0 -1 0 0 1 1.45121e-7 0 1 0 0 1 0 0 1 0 0 1 0 0 1 0 0 1 0 0 1 -1.48669e-7 0 1 0 0 1 0 0 1 -2.21077e-7 0 1 -1.47715e-7 0 1 -1.47745e-7 0 1 1.47784e-7 0 1 2.95522e-7 0 1 0 0 1 0 0 1 0 0 1 0 0 1 0 0 1 -1.52746e-7 0 1 0 0 1 0 0 1 0 0 1 3.09453e-7 0 1 -1.41359e-7 0 1 -3.10771e-7 0 1 1.41049e-7 0 1 -3.12085e-7 0 1 1.40277e-7 0 1 -1.39974e-7 0 1 1.39438e-7 0 1 2.76559e-7 0.9650341 0 0.2621246 0.9650341 0 0.2621246 0.9649475 0 0.262443 0.9876211 0 0.1568592 0.9876211 0 0.1568592 0.9876215 0 0.156856 0.9876215 0 0.1568559 0.9876215 0 0.1568559 0.986299 0 -0.1649674 0.9862992 0 -0.1649668 0.9862992 0 -0.1649668 0.9862992 0 -0.1649668 0.9628449 0 -0.2700549 0.962845 0 -0.2700549 0.9628076 0 -0.270188 0.9628076 0 -0.270188 0.9628076 0 -0.270188 0.928246 0 -0.3719669 0.9282492 0 -0.3719592 0.8827379 0 -0.4698659 0.8269169 0 -0.5623242 0.7615036 0 -0.6481606 0.4210274 0 -0.9070479 0.2175109 0 -0.976058 0.1110357 0 -0.9938165 0.1110357 0 -0.9938165 0.1110357 -1.60841e-7 -0.9938165 -0.1041082 0 -0.994566 -0.2104448 0 -0.9776058 -0.2104448 0 -0.9776058 -0.2104267 0 -0.9776097 -0.2104266 0 -0.9776097 -0.2104266 0 -0.9776097 -0.4146622 0 -0.9099755 -0.4146622 0 -0.9099755 -0.4147939 0 -0.9099154 -0.4147939 0 -0.9099154 -0.4147939 0 -0.9099154 -0.5102935 0 -0.8600004 -0.5102935 0 -0.8600004 -0.5102935 0 -0.8600004 -0.5102803 0 -0.8600082 -0.5998877 0 -0.8000842 -0.6824728 0 -0.7309111 -0.8793573 0 -0.4761625 -0.925465 0 -0.3788332 -0.925465 0 -0.3788332 -0.925465 0 -0.3788332 -0.9255534 0 -0.3786171 -0.9255534 0 -0.3786171 -0.9255534 -6.06677e-7 -0.3786171 -0.9608185 0 -0.2771784 -0.9851189 0 -0.1718745 -0.9851189 0 -0.1718745 -0.9851189 0 -0.1718745 0 -1 3.61963e-7 0 -1 -8.66045e-7 0 -1 8.64149e-7 0 -1 -1.13152e-6 0 -1 -1.1194e-6 0 -1 2.5171e-6 0 -1 -1.18208e-6 0 -1 5.90628e-7 0 -1 -1.18225e-6 0 -1 -1.18232e-6 0 -1 7.40363e-7 0 -1 5.55141e-7 0 -1 5.18316e-7 0 -1 2.96847e-7 0 -1 -5.95449e-7 0 -1 2.93709e-7 0 -1 -3.65565e-7 0 -1 8.76201e-7 0 -1 -8.73623e-7 0 -1 1.20142e-6 0 1 -1.50655e-7 0 1 3.00526e-7 0 1 5.84737e-7 0 1 -4.4004e-7 0 1 -1.19111e-6 0 1 6.42885e-7 0 1 -5.88399e-7 0 1 2.94469e-7 0 1 5.89989e-7 0 1 5.89538e-7 0 1 -5.90859e-7 0 1 -1.18415e-6 0 1 -1.18227e-6 0 1 1.18209e-6 0 1 -5.78602e-7 0 1 6.0507e-7 0 1 -1.218e-6 0 1 -8.56988e-7 0 1 5.65437e-7 0 1 -1.1284e-6 0 1 1.12221e-6 0 1 -1.1013e-6 0.9614033 -0.001943647 0.2751364 0.9640336 0.01798784 0.2651711 0.9632052 0.01315361 0.2684448 0.9606314 -0.006351888 0.2777536 0.963962 -0.01795989 0.2654334 0.9631388 -0.0119453 0.2687395 0.9616979 -0.01174056 0.27386 0.9596109 -0.004745304 0.2812908 0.9614857 -0.006640255 0.2747749 0.9591716 0.003434121 0.2828041 0.9640957 0.005434751 0.2654997 0.9621828 0.01053369 0.2722011 0.9686049 0.007759809 0.2484844 0.9674978 0.0100696 0.2526793 0.97272 0.01019299 0.2317584 0.976728 0.0088256 0.2143006 0.962529 -0.01351368 0.270842 0.9615139 -0.004345297 0.2747223 0.959616 -0.00431019 0.2812807 0.9587572 -0.002447009 0.284216 0.9591285 -0.002450346 0.2829603 0.9581698 0.001858711 0.2861943 0.9621639 0.001888394 0.272465 0.9615537 0.003061056 0.2746 0.9615538 0.003061056 0.2746 0.9615538 0.003061056 0.2746 0.9675483 0.003180384 0.2526664 0.9675483 0.003180384 0.2526664 0.9673328 0.003695368 0.2534829 0.9615166 0.002910614 0.2747316 0.9615166 0.002910614 0.2747316 0.9615166 0.002910614 0.2747316 0.9610719 0.004336178 0.2762646 0.9587512 0.004294574 0.2842142 0.9596363 0.002456188 0.2812337 0.9581689 0.002441108 0.286193 0.9591629 -0.001866638 0.2828484 0.9614983 -0.001883685 0.2748047 0.9622614 -0.003250002 0.2721073 0.9622614 -0.003250002 0.2721073 0.9622615 -0.003250002 0.2721073 0.9673346 -0.003394365 0.2534804 0.9674841 -0.003696918 0.2529053 0.9619287 0.007451772 0.2731989 0.9623975 0.01187056 0.2713856 0.9595006 0.01173347 0.2814624 0.9620954 0.00653553 0.2726345 0.9590803 0.006449818 0.2830609 0.9617231 -0.004683256 0.2739832 0.9621775 -0.004693567 0.2723831 0.9640716 -0.00884658 0.2654953 0.9660138 -0.008913218 0.2583367 0.9674983 -0.008258759 0.2527432 0.9686336 -0.01009583 0.2482885 0.9727182 -0.01019299 0.2317662 0.9749831 0.007346153 0.2221581 0.9748644 0.0038172 0.2227665 0.9748644 0.0038172 0.2227665 0.9748644 0.003817141 0.2227666 0.9754579 0.002762198 0.2201687 0.9754546 -0.003773868 0.2201682 0.9749653 -0.002762079 0.2223402 0.9749832 -0.007344543 0.2221574 0.9747654 -0.007164418 0.2231166 0.9804354 0 0.1968418 0.9805392 0.002573907 0.196307 0.9805392 0.002573907 0.196307 0.9805392 0.002573907 0.1963071 0.9816004 0 0.1909469 0.9815957 -0.00276196 0.1909511 0.9804354 0 0.1968411 0.980466 -0.007157087 0.1965587 0.9772685 0 0.212006 0.9772685 0 0.212006 0.9772685 0 0.212006 0.007894396 -0.9972391 0.07383656 0.007894277 -0.9972391 0.07383656 0.007894396 -0.9972392 0.07383656 0.007897675 -0.9972547 0.07362657 0.007897555 -0.9972547 0.07362657 0.007897615 -0.9972547 0.07362657 0.007896184 -0.9972614 0.07353448 0.007896244 -0.9972615 0.07353442 0.007896065 -0.9972615 0.07353448 0.00781548 -0.9972985 0.07303875 0.007900714 -0.9972779 0.07331079 0.007900595 -0.9972779 0.07331079 0.007900595 -0.9972779 0.07331085 0.007894396 -0.9972797 0.07328706 0.007894396 -0.9972797 0.07328701 0.007894396 -0.9972797 0.07328706 0.00789988 -0.9973007 0.07299989 0.007899999 -0.9973007 0.07299989 0.007900059 -0.9973007 0.07299995 0.008001267 -0.9973092 0.07287293 0.008001208 -0.9973092 0.07287293 0.008001387 -0.9973092 0.07287293 0.007975757 -0.9973215 0.07270818 0.007975816 -0.9973215 0.07270818 0.007975816 -0.9973215 0.07270812 0.007986843 -0.997325 0.07265877 0.007986843 -0.997325 0.07265877 0.007986843 -0.997325 0.07265877 0.008004784 -0.9973376 0.07248198 0.008004844 -0.9973376 0.07248204 0.008004903 -0.9973376 0.07248204 0.007905125 -0.9973011 0.07299512 0.01180171 -0.9969449 0.07721209 0.01180166 -0.9969449 0.07721203 0.01180166 -0.9969449 0.07721203 0.00738883 -0.9970903 0.0758711 0.00738877 -0.9970903 0.0758711 0.007389068 -0.9970903 0.07587099 0.00759077 -0.9970658 0.07617235 0.007590889 -0.9970658 0.07617235 0.00759083 -0.9970658 0.07617235 0.007694244 -0.9970411 0.07648605 0.007693111 -0.9970409 0.0764864 0.007693231 -0.997041 0.0764864 0.007793724 -0.9970179 0.07677716 0.007793664 -0.9970179 0.07677716 0.007793724 -0.9970179 0.07677716 0.007912158 -0.9969818 0.07723242 0.007912278 -0.9969818 0.07723242 0.007912337 -0.9969818 0.07723236 0.008089721 -0.9969543 0.07756787 0.008090078 -0.9969543 0.07756775 0.008090257 -0.9969543 0.07756769 0.008396565 -0.9968796 0.07848858 0.008396446 -0.9968796 0.07848864 0.008396029 -0.9968797 0.07848882 0.008292913 -0.9968895 0.07837593 0.008502721 -0.9969681 0.07734525 0.008500039 -0.9969949 0.07699912 0.008500158 -0.9969949 0.07699918 0.008500039 -0.9969949 0.07699912 0.008696675 -0.9970154 0.07671356 0.008696615 -0.9970154 0.07671356 0.008696496 -0.9970154 0.0767135 0.008746623 -0.9970271 0.07655358 0.008787512 -0.9970429 0.07634288 0.00878787 -0.9970429 0.07634299 0.008788228 -0.9970429 0.07634317 0.008804321 -0.9970627 0.07608246 0.00880444 -0.9970627 0.07608246 0.008804559 -0.9970627 0.07608252 0.008902966 -0.9970766 0.07588887 0.008903264 -0.9970766 0.07588893 0.008903026 -0.9970766 0.07588887 0.008998036 -0.9970898 0.07570445 0.008998036 -0.9970898 0.07570445 0.008997917 -0.9970898 0.07570439 0.009000241 -0.9970977 0.07559889 0.009000182 -0.9970978 0.07559883 0.00900042 -0.9970978 0.07559895 0.008352637 -0.9969776 0.07723993 0.00797832 -0.9972268 0.07399308 0.00797826 -0.9972268 0.07399308 0.0079782 -0.9972268 0.07399308 0.008002936 -0.9972237 0.07403242 0.008003056 -0.9972238 0.07403248 0.008003294 -0.9972237 0.07403242 0.007522106 -0.9974448 0.07104521 0.007587194 -0.9974154 0.07144957 0.007587254 -0.9974154 0.07144957 0.007587254 -0.9974154 0.07144957 0.007598757 -0.9973977 0.07169544 0.007598578 -0.9973977 0.0716955 0.007598936 -0.9973976 0.07169538 0.007684528 -0.997406 0.07157057 0.007701694 -0.9973672 0.07210707 0.007701575 -0.9973673 0.07210719 0.007702112 -0.9973673 0.07210701 0.007785856 -0.9973646 0.07213342 0.007785916 -0.9973646 0.07213342 0.007785856 -0.9973646 0.07213342 0.007799088 -0.9973383 0.07249546 0.00779891 -0.9973383 0.07249552 0.00779891 -0.9973383 0.07249552 0.007798016 -0.9973243 0.07268768 0.007798314 -0.9973243 0.07268768 0.007798135 -0.9973243 0.07268768 0.007906258 -0.9973052 0.0729385 0.007906079 -0.9973052 0.07293856 0.007906138 -0.9973052 0.07293856 0.007901012 -0.9972922 0.0731154 0.007901787 -0.9972922 0.07311528 0.007902443 -0.9972923 0.07311522 0.007900595 -0.9972783 0.07330441 0.007900714 -0.9972783 0.07330441 0.007900536 -0.9972783 0.07330441 0.007999837 -0.9972559 0.07359945 0.007999718 -0.9972559 0.07359945 0.008000016 -0.9972559 0.07359939 0.008003234 -0.9972459 0.07373291 0.008003652 -0.9972459 0.07373285 0.008004248 -0.9972459 0.07373279 0.008567273 -0.9968795 0.07847273 0.007220804 -0.9971232 0.07545351 0.007220864 -0.9971233 0.07545351 0.007220745 -0.9971232 0.07545351 0.007331907 -0.9970982 0.07577407 0.007331848 -0.9970982 0.07577407 0.007331728 -0.9970981 0.07577413 0.007236421 -0.9975151 0.07008129 0.00726211 -0.9975407 0.06971317 0.00648421 -0.9974432 0.07117021 0.007223069 -0.9971089 0.07564163 0.006596446 -0.9969632 0.07759559 0.008119463 -0.9960888 0.08798432 0.007796347 -0.995848 0.09069788 0.009685099 -0.9952496 0.09687298 0.009785413 -0.9951572 0.09780842 0.009528398 -0.995099 0.09842509 0.009433627 -0.9954861 0.09443712 0.009494304 -0.9954653 0.09465056 0.009494304 -0.9954653 0.09465056 0.009494304 -0.9954653 0.09465056 0.008461296 -0.9964624 0.08361256 0.008461296 -0.9964625 0.08361262 0.008461296 -0.9964624 0.08361262 0.01019197 -0.9955731 0.09343636 0.01019203 -0.9955731 0.09343636 0.01019203 -0.9955731 0.09343636 0.009473979 -0.9959917 0.08894246 0.008345603 -0.9960427 0.08848333 0.008998692 -0.9954926 0.09441196 0.008998632 -0.9954926 0.09441196 0.008998632 -0.9954926 0.09441196 0.009006738 -0.9953733 0.09566122 0.009006738 -0.9953733 0.09566122 0.009006798 -0.9953733 0.09566122 0.009497821 -0.9947042 0.1023398 0.009526193 -0.9950986 0.09842765 0.007500052 -0.9973478 0.07239693 0.007499933 -0.9973477 0.07239693 0.007499814 -0.9973477 0.07239699 0.00746721 -0.9973518 0.07234501 0.006782948 -0.9972879 0.07328569 0.006653845 -0.9970113 0.0769698 0.00652486 -0.9969876 0.07728725 0.006524801 -0.9969876 0.07728725 0.00652486 -0.9969875 0.07728725 0.008006989 -0.9962396 0.08627116 0.008006989 -0.9962396 0.08627116 0.008006989 -0.9962396 0.08627116 0.008258521 -0.9962843 0.08573031 0.008258521 -0.9962842 0.08573031 0.008258581 -0.9962843 0.08573037 0.01016283 -0.9951172 0.09817647 0.01016283 -0.9951171 0.09817641 0.01016283 -0.9951171 0.09817647 0.009596824 -0.9950323 0.09909021 0.09639513 0 0.9953432 0.096358 0 0.9953469 0.09631615 7.88202e-5 0.9953508 0.09631615 7.88197e-5 0.9953508 0.09631615 7.88225e-5 0.9953508 0.09629112 1.17719e-4 0.9953533 0.09629112 1.1772e-4 0.9953533 0.09629112 1.17719e-4 0.9953533 0.09632569 -1.69999e-4 0.99535 0.09632569 -1.70001e-4 0.99535 0.09632569 -1.69996e-4 0.99535 0.09629654 -2.43166e-4 0.9953527 0.09629654 -2.43165e-4 0.9953527 0.09629654 -2.43164e-4 0.9953527 0.09627592 0 0.9953548 0.09627592 0 0.9953548 0.09627592 0 0.9953548 0.09617 0 0.995365 0.09617 0 0.995365 0.09617 0 0.995365 0.09654736 0 0.9953284 0.09654736 0 0.9953284 0.09654736 0 0.9953284 0.09617 0 0.995365 0.09617 0 0.995365 0.09617 0 0.995365 0.09628379 0 0.995354 0.09628379 0 0.995354 0.09628379 0 0.995354 0.09629654 2.43166e-4 0.9953527 0.09629654 2.43164e-4 0.9953527 0.09629654 2.43165e-4 0.9953527 0.09631794 -8.30489e-5 0.9953507 0.09631794 -8.30539e-5 0.9953506 0.09631794 -8.30521e-5 0.9953507 0.09630739 -3.58467e-5 0.9953516 0.09630739 -3.58444e-5 0.9953517 0.09630739 -3.5846e-5 0.9953517 0.09652012 0 0.9953311 0.09652012 0 0.9953311 0.09652012 0 0.9953311 0.09627932 -1.10615e-4 0.9953544 0.09627932 -1.10614e-4 0.9953544 0.09627932 -1.10619e-4 0.9953544 0.09638708 0 0.9953439 0.09638708 0 0.9953439 0.09638708 0 0.9953439 0.09629577 0 0.9953529 0.09629577 0 0.9953529 0.09629577 0 0.9953529 0.0962851 0 0.9953539 0.0962851 0 0.9953539 0.0962851 0 0.9953539 0.09629577 0 0.9953529 0.09629577 0 0.9953529 0.09629577 0 0.9953529 0.09639489 0 0.9953432 0.09639489 0 0.9953432 0.09639489 0 0.9953432 0.007940649 0.9972436 0.07377159 0.007940649 0.9972437 0.07377159 0.00794059 0.9972437 0.07377159 0.0098989 0.9947065 0.102279 0.009246706 0.995041 0.09903472 0.008885979 0.9955051 0.09429061 0.00900048 0.9953997 0.09538716 0.009000539 0.9953997 0.09538716 0.00900048 0.9953997 0.09538716 0.009038209 0.9954082 0.09529417 0.008577287 0.9959927 0.08902299 0.009505331 0.9954561 0.09474605 0.009505391 0.9954561 0.09474605 0.009505391 0.9954562 0.09474599 0.009490191 0.995459 0.09471762 0.009490191 0.995459 0.09471762 0.008676588 0.9964634 0.08357989 0.008676528 0.9964634 0.08357989 0.008676588 0.9964633 0.08357989 0.009473979 0.9959917 0.08894252 0.008419275 0.9969967 0.07698541 0.009205222 0.9971193 0.07528996 0.009205102 0.9971193 0.0752899 0.009205281 0.9971192 0.07529014 0.009154617 0.9971267 0.07519662 0.009006381 0.9970989 0.07558375 0.009006679 0.9970989 0.07558387 0.009006559 0.9970989 0.07558387 0.008996367 0.9970819 0.07580769 0.008996188 0.9970819 0.07580769 0.008996486 0.9970819 0.07580775 0.0089069 0.9970698 0.07597744 0.008906781 0.9970698 0.07597738 0.008907139 0.9970698 0.0759775 0.008805334 0.9970629 0.07608056 0.008805274 0.9970629 0.07608062 0.008805394 0.9970629 0.07608067 0.00879383 0.9970445 0.07632273 0.00879383 0.9970445 0.07632273 0.00879383 0.9970445 0.07632273 0.0086959 0.9970303 0.07651811 0.008695065 0.9970304 0.07651811 0.008694708 0.9970304 0.07651805 0.008591055 0.9970145 0.07673531 0.00859034 0.9970145 0.07673513 0.008590698 0.9970145 0.07673519 0.007897853 0.9969925 0.07709455 0.007897913 0.9969925 0.07709449 0.007897496 0.9969925 0.07709467 0.008504569 0.9969884 0.07708323 0.008504271 0.9969885 0.07708311 0.008503973 0.9969884 0.07708305 0.008502721 0.9969681 0.07734525 0.008292913 0.9968895 0.07837593 0.00827682 0.9968944 0.07831382 0.007994055 0.9969617 0.07748305 0.007995545 0.9969617 0.0774827 0.007995188 0.9969617 0.07748275 0.007705867 0.9970232 0.07671767 0.007705688 0.9970231 0.07671773 0.007705926 0.9970232 0.07671767 0.007713019 0.9970291 0.07663905 0.007712841 0.9970291 0.07663905 0.00771296 0.9970291 0.07663905 0.007472932 0.9970689 0.07614338 0.007472932 0.9970689 0.07614338 0.007472991 0.997069 0.07614338 0.007451236 0.9970856 0.07592689 0.007451295 0.9970855 0.07592689 0.007451295 0.9970855 0.07592689 0.007308363 0.9971098 0.07562112 0.007308542 0.9971099 0.07562106 0.007308304 0.9971098 0.07562118 0.007188498 0.9971368 0.07527613 0.007188677 0.9971369 0.07527601 0.007188737 0.9971368 0.07527601 0.009457409 0.995172 0.0976901 0.009180366 0.9951236 0.09820812 0.009290754 0.9951992 0.09742891 0.009309411 0.9960646 0.08813989 0.006305754 0.995373 0.09587931 0.006305754 0.995373 0.09587931 0.006305754 0.9953731 0.09587931 0.007806956 0.9960983 0.08790457 0.007199347 0.9967135 0.0806868 0.007199347 0.9967135 0.0806868 0.007199287 0.9967135 0.0806868 0.007224202 0.9967016 0.0808317 0.006750822 0.9970777 0.07609707 0.007419586 0.997281 0.07331973 0.006748974 0.997129 0.07542169 0.006542205 0.9975659 0.06942361 0.007398724 0.9974624 0.07081067 0.008003532 0.9972461 0.07373112 0.00800395 0.9972461 0.07373112 0.008004069 0.9972461 0.07373112 0.008336186 0.9970292 0.07657241 0.009758114 0.9966495 0.08120781 0.008006811 0.9972566 0.07358902 0.008006751 0.9972566 0.07358902 0.008006751 0.9972566 0.07358902 0.007908225 0.9972798 0.07328331 0.007908284 0.9972799 0.07328331 0.007908284 0.9972799 0.07328331 0.007903158 0.9972918 0.07312047 0.007903277 0.9972919 0.07312041 0.007903277 0.9972918 0.07312041 0.007893681 0.9973174 0.07277137 0.007893681 0.9973175 0.07277137 0.007893681 0.9973174 0.07277137 0.007787525 0.9973369 0.07251644 0.007787466 0.9973369 0.07251644 0.007787525 0.9973369 0.07251644 0.007796287 0.9973392 0.0724827 0.007796585 0.9973392 0.0724827 0.007796406 0.9973392 0.0724827 0.007791697 0.9973619 0.07216978 0.007791638 0.997362 0.07216978 0.007791578 0.997362 0.07216978 0.007700681 0.9973748 0.07200193 0.007700681 0.9973748 0.07200193 0.007700681 0.9973748 0.07200193 0.007641375 0.9973931 0.07175499 0.00759983 0.9973973 0.07170027 0.007600128 0.9973973 0.07170015 0.007599771 0.9973973 0.07170027 0.007596135 0.9974126 0.07148838 0.007596194 0.9974126 0.07148838 0.007596313 0.9974126 0.07148832 0.007406473 0.9974518 0.07095867 0.007399916 0.997425 0.07133495 0.007399916 0.997425 0.07133495 0.007399916 0.997425 0.07133495 0.007401645 0.9974615 0.07082283 0.008100867 0.9973428 0.07240122 0.008100867 0.9973428 0.07240122 0.008100867 0.9973428 0.07240122 0.008004486 0.9973375 0.07248425 0.008004784 0.9973374 0.07248431 0.008004546 0.9973375 0.07248425 0.007999658 0.9973215 0.07270431 0.007999539 0.9973215 0.07270425 0.007999539 0.9973215 0.07270425 0.008000373 0.9973146 0.0727995 0.008000195 0.9973146 0.0727995 0.008000195 0.9973146 0.0727995 0.007999122 0.997307 0.07290285 0.007999658 0.997307 0.07290285 0.007999598 0.997307 0.07290291 0.007907748 0.9972958 0.07306605 0.007907748 0.9972957 0.07306605 0.007900118 0.9972864 0.0731945 0.00789994 0.9972864 0.0731945 0.00789982 0.9972864 0.0731945 0.007899761 0.9972714 0.07339972 0.007899522 0.9972714 0.07339966 0.007899403 0.9972714 0.07339972 0.00792104 0.9972706 0.07340812 0.00792104 0.9972706 0.07340812 0.00792104 0.9972706 0.07340812 0.007900059 0.9972564 0.07360285 0.007900178 0.9972564 0.07360285 0.007899701 0.9972563 0.07360285 0.007900536 0.997249 0.07370275 0.007900536 0.997249 0.07370275 0.007900536 0.997249 0.07370275 0.007883071 0.9972839 0.07323127 0.007759571 0.997304 0.07296991 0.007013678 0.9973503 0.07241064 0.006845712 0.9969916 0.0772072 0.007024109 0.9969707 0.077461 0.007581293 0.9962746 0.08590477 0.008708357 0.9961317 0.08744126 0.01008671 0.9949998 0.09936612 0.009690761 0.9950514 0.09888809 0.009690821 0.9950515 0.09888809 0.009690761 0.9950515 0.09888815 -0.993576 -0.02040231 0.1113129 -0.993576 -0.02040231 0.1113129 -0.993576 -0.02040231 0.1113129 -0.9942346 -0.02030569 0.1052867 -0.9903389 -0.01771819 0.1375318 -0.9922063 -0.01774674 0.1233356 -0.9914864 -0.01388281 0.1294685 -0.9914864 -0.01388287 0.1294685 -0.9914864 -0.01388281 0.1294685 -0.9938049 -0.01983702 0.1093551 -0.9940181 -0.007788002 0.108938 -0.9944866 -0.007848262 0.1045708 -0.9944866 -0.007848262 0.1045708 -0.9944865 -0.007848203 0.1045708 -0.9942654 -0.006482541 0.1067446 -0.994284 0.002079963 0.1067469 -0.9948287 0.01049 0.1010249 -0.9935324 0.01579105 0.1124454 -0.9906296 0.009244084 0.1362632 -0.9906296 0.009244084 0.1362632 -0.9980338 0 0.06267815 -0.9976829 -0.003235638 0.06795829 -0.9965651 -0.003229975 0.08275079 -0.9964118 -0.004470825 0.08452057 -0.9951328 -0.004496276 0.09844076 -0.9957591 0.005711317 0.09182184 -0.9953255 0.002069056 0.09655582 -0.9965723 0 0.08272701 -0.9976644 0.008985877 0.06771361 -0.9960309 0.00896269 0.0885567 -0.9963746 0.01185119 0.0842458 -0.9965177 0.01184231 0.08253687 -0.9957944 0.005432724 0.09145641 -0.9966079 0.005404531 0.08211976 -0.9952841 -0.00573647 0.09683406 -0.9952841 -0.00573647 0.09683412 -0.9952841 -0.00573647 0.09683406 -0.9961978 -0.005261063 0.08696192 -0.9940688 0.002066969 0.108734 -0.9937254 4.29537e-4 0.1118472 -0.9935281 0 0.1135866 -0.9934398 0.009213089 0.1139848 -0.9884707 0 0.1514125 -0.9884714 0 0.1514082 -0.9918751 -0.01225209 0.1266242 -0.9920516 0 0.1258325 -0.9934735 -0.01375329 0.1132317 -0.9936328 0 0.1126673 -0.9945853 -0.004648029 0.1038199 -0.994566 0.007775485 0.1038179 -0.9944866 0.007848322 0.1045706 -0.9944866 0.007848381 0.1045706 -0.9944866 0.007848381 0.1045707 -0.9976788 0 0.06809633 -0.9966062 -0.008968949 0.08182638 -0.9963955 -0.008965969 0.08435362 -0.9960227 -0.01187181 0.08830547 -0.995758 -0.01188647 0.09124004 -0.9965318 -0.005406081 0.08303707 -0.9953357 -0.005446135 0.09631818 -0.9965439 0.005248546 0.08290237 -0.9948858 0.005304038 0.1008675 -0.9960284 0.01537913 0.08769899 -0.9943365 0.0155161 0.1051395 -0.994942 0.02026098 0.09838771 -0.9937929 0.02033191 0.109373 -0.993642 0.01938229 0.1109053 -0.9922599 0.01577275 0.1231733 -0.9976788 0 0.06809622 -0.9980286 0.003237783 0.06267726 -0.9964126 0.0032292 0.08456599 -0.9965602 0.004467427 0.08275091 -0.9957961 0.00448358 0.09148776 -0.9951426 -6.17694e-4 0.09844213 -0.9953255 -0.002069115 0.09655594 -0.9949078 -0.002073884 0.1007684 -0.9947482 -0.01548838 0.1011747 -0.9950635 -0.01546347 0.09802895 -0.09633642 0 -0.9953489 -0.09633517 -2.45062e-6 -0.995349 -0.09633517 0 -0.995349 -0.09633642 1.98071e-6 -0.9953489 -0.09632056 0 -0.9953504 -0.09634643 0 -0.9953479 -0.09633564 0 -0.9953489 -0.09633618 0 -0.9953489 -0.09632718 0 -0.9953498 0.4141821 0 -0.9101941 0.4142993 3.37726e-5 -0.9101407 0.4143196 3.59051e-5 -0.9101315 0.4143713 -1.72244e-4 -0.9101079 0.4143713 -1.72248e-4 -0.9101079 0.4143713 -1.72228e-4 -0.9101079 0.4141311 -1.27507e-4 -0.9102173 0.4141311 -1.27525e-4 -0.9102173 0.4141311 -1.2753e-4 -0.9102173 0.4143196 -3.59051e-5 -0.9101315 0.4143021 -3.36923e-5 -0.9101396 0.4143613 1.66307e-4 -0.9101126 0.4143613 1.66298e-4 -0.9101125 0.4143613 1.66316e-4 -0.9101126 0.4143439 1.68399e-5 -0.9101205 0.4143439 1.68356e-5 -0.9101205 0.4143439 1.68197e-5 -0.9101205 0.4142665 0 -0.9101557 0.4144154 -2.8571e-5 -0.9100878 0.4144154 -2.85691e-5 -0.9100878 0.4144154 -2.85945e-5 -0.9100878 0.4140772 5.69689e-5 -0.9102418 0.4140772 5.6976e-5 -0.9102418 0.4140772 5.6923e-5 -0.9102418 0.4143955 -9.44138e-5 -0.910097 0.41429 -7.92294e-6 -0.910145 0.4143001 -7.22775e-6 -0.9101403 0.4138921 3.36472e-4 -0.910326 0.4144158 -1.97519e-4 -0.9100877 0.414249 1.26882e-4 -0.9101636 0.4140481 -3.70808e-4 -0.910255 0.4142863 1.49874e-4 -0.9101467 0.4142863 -1.49874e-4 -0.9101467 0.4142443 -6.00236e-5 -0.9101657 0.414071 -5.27563e-4 -0.9102445 0.4144158 1.97519e-4 -0.9100877 0 1 -3.87102e-7 0 1 1.93542e-7 0 1 0 0 1 3.87152e-7 0 1 0 0 1 -1.93541e-7 0 1 -1.45191e-7 0 1 1.20957e-7 0 1 -2.93338e-7 0 1 -2.90362e-7 0 1 1.45192e-7 0 1 -1.20957e-7 0 1 2.93338e-7 0 1 7.74294e-7 0 1 -4.3547e-7 0 1 -1.45165e-7 0 1 -1.93541e-7 0 1 2.90311e-7 0 -1 -1.93541e-7 0 -1 0 0 -1 -3.87102e-7 0 -1 2.90311e-7 0 -1 -1.2098e-7 0 -1 -1.45191e-7 0 -1 -1.20957e-7 0 -1 1.20979e-7 0 -1 -1.93566e-7 0 -1 1.93553e-7 0 -1 3.87133e-7 0 -1 -1.45165e-7 0 -1 -7.74168e-7 0 -1 5.32327e-7 0 -1 -2.93338e-7 0 -1 -2.90362e-7 0 -1 0 -0.9995232 0 0.03088015 -0.9995232 0 0.03088015 -0.9995232 0 0.03088015 -0.9995232 0 0.03087913 -0.9995232 0 0.03087913 -0.9995232 2.57328e-7 0.03087913 -0.9949865 0 -0.1000101 -0.9949867 0 -0.100007 -0.9734926 0 -0.2287186 -0.9353839 0 -0.3536341 -0.93538 0 -0.3536445 -0.8811883 0 -0.4727655 -0.8118991 0 -0.5837979 -0.8118991 0 -0.5837979 -0.811899 0 -0.5837979 -0.811899 0 -0.5837979 -0.8118991 0 -0.5837979 -0.8118991 0 -0.5837979 -0.7287442 0 -0.6847862 -0.7287295 0 -0.6848017 -0.6332089 0 -0.773981 -0.5269095 0 -0.8499214 -0.526887 0 -0.8499354 -0.4109286 0 -0.9116677 -0.2885551 0 -0.9574634 -0.2885837 0 -0.9574547 -0.1611807 0 -0.986925 -0.1612111 0 -0.98692 -0.03122562 0 -0.9995124 -0.03119444 0 -0.9995133 0.1000091 0 -0.9949865 0.2287199 0 -0.9734923 0.2286903 0 -0.9734993 0.3536468 0 -0.9353792 0.4727546 0 -0.8811942 0.4732012 0 -0.8809544 0.4732012 0 -0.8809545 0.4732012 6.43406e-7 -0.8809545 0.5837243 0 -0.811952 0.5837243 -1.93024e-7 -0.811952 0.5837243 0 -0.811952 0.5837243 0 -0.811952 0.5837243 0 -0.811952 0.5837243 0 -0.811952 0.6847854 0 -0.7287448 0.7739814 0 -0.6332084 0.773994 0 -0.6331931 0.8499252 0 -0.5269035 0.9116712 0 -0.4109208 0.9574578 0 -0.2885736 0.9574552 0 -0.2885822 0.9869232 0 -0.1611913 0.9869225 0 -0.1611963 0.9995232 0 -0.03088015 0.9995232 0 -0.03088015 0.9995232 0 -0.03088015 0.9995232 0 -0.03087913 0.9995232 0 -0.03087913 0.9995232 2.57328e-7 -0.03087913 0.9949865 0 0.1000101 0.9949867 0 0.100007 0.9734926 0 0.2287186 0.9734909 0 0.2287256 0.9353839 0 0.3536341 0.9953511 0 -0.09631413 0 -1 1.96602e-6 0 -1 -1.54894e-6 0 -1 1.86001e-6 0 -1 -7.48898e-7 0 -1 -2.07068e-7 0 -1 -3.44828e-7 0 -1 2.87821e-6 0 -1 -2.7287e-6 0 -1 1.72717e-6 0 -1 0 0 -1 -1.0635e-6 0 -1 -4.03441e-7 0 -1 -1.45194e-6 0 -1 -4.01647e-7 0 -1 1.55138e-6 0 -1 -1.92839e-6 0 -1 -1.55345e-6 0 -1 -8.03574e-7 0 -1 1.32835e-6 0 -1 -2.72208e-7 0 -1 0 0 -1 1.51545e-7 0 -1 -3.55642e-7 0 -1 -4.09161e-7 0 -1 4.10258e-6 0 -1 -1.28119e-6 0 -1 -5.1249e-6 0 -1 4.08827e-6 0 -1 -1.7704e-6 0 -1 4.05385e-7 0 -1 0 0 -1 3.67062e-7 0 -1 -7.08951e-7 0 -1 -2.30818e-6 0 -1 -8.55831e-7 0 -1 1.79474e-6 0 -1 -3.65433e-7 0 -1 -1.88746e-7 0 -1 -3.84188e-7 0 -1 3.49515e-7 0 -1 0 0 -1 0 0 -1 1.14536e-6 0 -1 -3.20074e-7 0 -1 -4.10865e-7 0 -1 0 0 -1 1.35252e-7 0 -1 0 0 -1 2.18004e-7 0 -1 0 0 -1 0 0 -1 0 0 -1 0 0 -1 1.55035e-6 0 -1 -1.31159e-7 -0.9953511 0 0.09631413 0 1 -8.55831e-7 0 1 4.05385e-7 0 1 -2.30818e-6 0 1 0 0 1 -7.17578e-6 0 1 4.08827e-6 0 1 -3.54079e-6 0 1 1.14536e-6 0 1 0 0 1 -3.84188e-7 0 1 4.84171e-7 0 1 0 0 1 0 0 1 -4.25542e-7 0 1 -2.03871e-6 0 1 -2.07068e-7 0 1 2.55841e-6 0 1 -2.18296e-6 0 1 6.2901e-7 0 1 -3.54475e-7 0 1 -6.27257e-7 0 1 -4.10865e-7 0 1 -8.03574e-7 0 1 3.67062e-7 0 1 0 0 1 0 0 1 1.87147e-7 0 1 0 0 1 1.62751e-6 0 1 1.72026e-6 0 1 8.34239e-7 0 1 -1.06301e-6 0 1 0 0 1 0 0 1 -1.81086e-7 0 1 1.55035e-6 0 1 0 0 1 0 0 1 4.7436e-6 0 1 -1.55345e-6 0 1 -1.62391e-6 0 1 2.23011e-6 0 1 -1.0635e-6 0 1 1.4573e-6 0 1 -4.01647e-7 0 1 0 0 1 0 0 1 0 0 1 -2.41753e-6 0 1 2.25237e-6 0 1 0 0 1 -1.58702e-7 0 1 0 0.0963481 0 0.9953477 0 1 -1.25492e-6 0 1 1.74235e-7 0 1 6.18271e-7 0 1 -2.68967e-6 0 1 1.35582e-6 0 1 -1.52157e-6 0 1 -5.74097e-6 0 1 7.71843e-6 0 1 8.97835e-7 0 1 -4.23752e-7 0 1 -1.56776e-6 0 1 5.18589e-7 0 1 1.13704e-6 0 1 2.97224e-7 0 1 8.94888e-7 0 1 -1.90567e-6 0 1 0 0 1 -1.14922e-6 0 1 4.80387e-7 0 1 4.19374e-7 0 1 -1.5013e-7 0 1 5.64839e-7 0 1 -1.63754e-6 0 1 5.46037e-7 0 1 5.14085e-7 0 1 -2.05881e-6 0 1 2.0991e-6 0 1 -8.60024e-7 0 1 1.98014e-6 0 1 -8.61046e-7 0 1 1.36011e-6 0 1 1.51047e-6 0 1 -1.24066e-6 0 1 1.65706e-6 0 1 -1.6651e-6 0 1 6.75824e-7 0 1 8.17524e-7 0 1 9.94412e-7 0 1 -1.5266e-6 0 1 1.11448e-6 0 1 -1.15157e-6 0 1 -1.14972e-6 0 1 8.36847e-7 0 1 1.62572e-6 0 1 -8.13792e-7 0 1 1.61374e-6 0 1 -5.37883e-7 0 1 5.45438e-7 0 1 2.42396e-7 0 1 -2.37078e-6 0 1 1.08921e-6 0 1 -1.28425e-6 0 1 -1.48277e-6 0 1 -2.46349e-6 0 1 1.34707e-6 0 1 3.00139e-7 0 1 -3.45793e-6 0 1 2.34805e-6 0 1 1.49467e-6 0 1 0 0 1 9.65806e-7 0 1 2.86526e-7 0 1 4.93644e-6 0 1 -1.73391e-6 0 1 3.06691e-7 0 1 2.51426e-6 0 1 -8.94673e-7 0.9953611 0 -0.09620994 0.9953542 -8.30397e-5 -0.09628146 0.9953542 -8.30682e-5 -0.09628152 0.9953542 -8.30564e-5 -0.09628146 0.995353 -1.45067e-4 -0.09629404 0.9953516 -1.67123e-5 -0.09630829 0.9953516 -1.67062e-5 -0.09630835 0.9953516 -1.67123e-5 -0.09630829 0.9953368 0 -0.09646093 0.9953368 0 -0.09646087 0.9953368 0 -0.09646087 -0.9953741 0 0.09607625 -0.9953741 0 0.09607625 -0.995374 0 0.09607625 -0.9953504 1.41144e-4 0.09632039 -0.9953504 -7.08936e-5 0.09632146 -0.9953503 -7.08957e-5 0.0963214 -0.9953503 -7.09053e-5 0.09632134 -0.9953512 -1.74194e-5 0.0963124 -0.9953512 -1.74236e-5 0.0963124 -0.9953511 -1.74342e-5 0.0963124 -0.9953498 -5.56045e-5 0.09632772 -0.9953497 -5.55838e-5 0.09632778 -0.9953498 -5.56136e-5 0.09632766 -0.9953551 1.11226e-4 0.09627264 -0.995355 1.11241e-4 0.0962727 -0.9953551 1.11248e-4 0.0962727 -0.9953473 1.26437e-4 0.09635233 -0.9953549 0 0.09627443 0.09620052 0 0.9953621 0.09620052 0 0.9953621 0.09620052 0 0.9953621 0.09606248 0 0.9953753 0.09606248 0 0.9953753 0.09606248 4.79659e-7 0.9953753 0.99535 0 -0.09632408 0.9953548 8.00481e-5 -0.09627497 0.9953548 8.00476e-5 -0.09627497 0.9953548 8.0053e-5 -0.09627497 0.995351 -4.38529e-5 -0.09631371 0.995351 -4.38509e-5 -0.09631371 0.995351 -4.38554e-5 -0.09631371 0.9953503 -2.8961e-4 -0.09632182 0.9953503 -2.8961e-4 -0.09632176 0.9953503 -2.8961e-4 -0.09632176 0.9953328 0 -0.09650158 0.9953328 0 -0.09650152 0.9953328 0 -0.09650152 0 -1 1.08921e-6 0 -1 -1.56323e-6 0 -1 1.71948e-6 0 -1 -1.36737e-6 0 -1 2.27373e-7 0 -1 -1.24066e-6 0 -1 4.30816e-7 0 -1 3.85572e-7 0 -1 -4.9448e-7 0 -1 1.54485e-7 0 -1 2.51426e-6 0 -1 -1.48277e-6 0 -1 -1.28425e-6 0 -1 1.62572e-6 0 -1 8.36847e-7 0 -1 -1.14972e-6 0 -1 -2.68967e-6 0 -1 2.34805e-6 0 -1 3.03115e-7 0 -1 -2.74758e-6 0 -1 1.34707e-6 0 -1 -2.46349e-6 0 -1 -8.94673e-7 0 -1 -6.2956e-7 0 -1 0 0 -1 -3.93923e-7 0 -1 2.92024e-7 0 -1 0 0 -1 -2.94146e-7 0 -1 -1.93629e-7 0 -1 2.58172e-7 0 -1 -1.09806e-6 0 -1 8.94888e-7 0 -1 -1.58702e-7 0 -1 2.4028e-7 0 -1 1.49467e-6 0 -1 1.51047e-6 0 -1 1.98014e-6 0 -1 2.1863e-7 0 -1 -2.16696e-7 0 -1 -1.63754e-6 0 -1 5.64839e-7 0 -1 -4.23752e-7 0 -1 5.45438e-7 0 -1 5.38005e-7 0 -1 -8.13792e-7 0 -1 -2.30314e-6 0 -1 1.11448e-6 0 -1 8.07011e-7 0 -1 5.46037e-7 0 -1 -9.73079e-7 0 -1 -4.90336e-7 0 -1 -4.64674e-7 0 -1 -5.20276e-6 0 -1 0 0 -1 0 0 -1 1.07087e-6 0 -1 2.04183e-7 0 -1 -1.90567e-6 0 -1 4.01974e-7 -0.9953488 0 0.09633737 -0.9953491 -1.04461e-5 0.09633427 -0.9953473 6.95263e-5 0.09635215 -0.9953497 -2.38388e-4 0.09632807 -0.9953496 -2.38382e-4 0.09632813 -0.9953497 -2.38383e-4 0.09632807 -0.995337 0 0.09645861 0.09620553 0 0.9953615 0.09620553 0 0.9953615 0.09620553 0 0.9953615 0.09653455 0 0.9953297 -0.9831727 0 0.1826792 -0.9831726 -1.78508e-7 0.1826792 -0.9831727 0 0.1826792 -0.9831726 -1.45126e-7 0.1826791 -0.9831727 0 0.1826791 -0.9831727 0 0.1826791 -0.9364987 0 0.3506712 -0.9364987 0 0.3506712 -0.9364987 0 0.3506712 -0.9364881 0 0.3506996 -0.9364881 0 0.3506996 -0.936488 0 0.3506997 -0.8612709 0 0.5081462 -0.8612421 0 0.508195 -0.7600198 0 0.6499 -0.7600197 0 0.6499 -0.7600198 0 0.6499001 -0.7601286 0 0.6497728 -0.7601285 0 0.6497728 -0.7601285 0 0.6497728 -0.6357487 0 0.7718961 -0.6357487 0 0.7718961 -0.6357488 0 0.7718961 -0.6357781 0 0.7718719 -0.6357781 0 0.771872 -0.6357781 0 0.771872 -0.4920458 0 0.8705694 -0.4920459 1.74376e-7 0.8705694 -0.4920459 0 0.8705694 -0.4919622 1.76035e-7 0.8706165 -0.4919622 0 0.8706165 -0.4919623 0 0.8706165 -0.3333949 0 0.9427874 -0.3333949 0 0.9427874 -0.3333949 0 0.9427874 -0.3334486 0 0.9427683 -0.3334486 0 0.9427684 -0.3334486 0 0.9427683 -0.1644841 0 0.9863798 -0.1644842 0 0.9863798 -0.1644842 0 0.9863798 -0.1646872 0 0.9863458 -0.1646873 0 0.9863458 -0.1646872 0 0.9863459 0.009198725 0 0.9999577 0.009198725 0 0.9999577 0.009198784 0 0.9999577 0.009198725 -1.74448e-7 0.9999577 0.009198725 0 0.9999577 0.009198784 0 0.9999577 0.1826382 0 0.9831802 0.1826382 -1.71058e-7 0.9831802 0.1826382 0 0.9831803 0.1827191 -1.55444e-7 0.9831652 0.1827191 0 0.9831652 0.1827191 0 0.9831652 0.3506175 0 0.9365188 0.3506175 0 0.9365188 0.3506175 1.89085e-7 0.9365188 0.3506175 1.60857e-7 0.9365188 0.3506175 0 0.9365188 0.3506175 -1.2425e-7 0.9365188 0.5079891 0 0.8613637 0.5079891 0 0.8613637 0.5079891 0 0.8613637 0.5078237 0 0.861461 0.5078237 0 0.861461 0.5078237 0 0.861461 0.6498388 0 0.760072 0.6498388 0 0.760072 0.6498388 0 0.7600721 0.649738 0 0.7601583 0.649738 0 0.7601583 0.649738 0 0.7601583 0.771972 0 0.6356567 0.771972 0 0.6356567 0.771972 0 0.6356567 0.771972 0 0.6356567 0.771972 0 0.6356567 0.771972 0 0.6356567 0.870585 0 0.4920181 0.870585 0 0.4920181 0.870585 0 0.4920181 0.8705581 0 0.4920657 0.8705581 0 0.4920657 0.8705581 0 0.4920657 0.9427841 0 0.3334037 0.9863573 0 0.1646189 0.9863573 0 0.1646189 0.9863573 0 0.1646189 0.9863761 0 0.1645064 0.9863761 0 0.1645064 0.9863761 0 0.1645064 0.999958 0 -0.009171307 0.999958 0 -0.009171307 0.999958 0 -0.009171307 0.999958 0 -0.00917226 0.999958 0 -0.00917226 0.999958 0 -0.00917226 0.9831392 0 -0.1828587 0.9831393 0 -0.1828587 0.9831392 0 -0.1828587 0.9831393 0 -0.1828587 0.9831392 0 -0.1828587 0.9831392 0 -0.1828587 0.9365657 0 -0.3504921 0.9365658 0 -0.3504922 0.8612714 0 -0.5081455 0.8613001 0 -0.5080968 0.76005 0 -0.6498647 0.7600499 0 -0.6498647 0.7600499 0 -0.6498647 0.7601905 0 -0.6497003 0.7601906 0 -0.6497003 0.7601905 0 -0.6497003 0.635438 0 -0.772152 0.635438 0 -0.772152 0.635438 0 -0.772152 0.6356386 0 -0.7719868 0.6356387 0 -0.7719867 0.6356387 0 -0.7719869 0.4920455 0 -0.8705696 0.4920454 0 -0.8705696 0.4920454 0 -0.8705697 0.4920029 0 -0.8705936 0.4920028 -1.2631e-7 -0.8705937 0.4920029 0 -0.8705936 0.3333045 0 -0.9428193 0.3333045 0 -0.9428192 0.3333045 0 -0.9428194 0.3334486 0 -0.9427683 0.3334486 0 -0.9427684 0.3334486 0 -0.9427683 0.1645559 0 -0.9863678 0.1645559 0 -0.9863678 0.1645559 0 -0.9863678 0.1643804 0 -0.986397 0.1643804 0 -0.986397 0.1643805 0 -0.986397 -0.009256958 0 -0.9999572 -0.009256958 0 -0.9999572 -0.009256958 0 -0.9999572 -0.009161055 0 -0.999958 -0.009161055 0 -0.999958 -0.009161055 0 -0.999958 -0.1827478 0 -0.9831599 -0.1827478 0 -0.9831598 -0.1827479 0 -0.9831599 -0.1827347 0 -0.9831624 -0.1827347 0 -0.9831624 -0.1827346 0 -0.9831624 -0.3504041 0 -0.9365987 -0.350502 0 -0.9365621 -0.5079066 0 -0.8614122 -0.5079066 0 -0.8614122 -0.5079066 0 -0.8614122 -0.5079066 0 -0.8614121 -0.5079066 0 -0.8614121 -0.5079067 0 -0.8614122 -0.6498792 0 -0.7600376 -0.6498792 0 -0.7600376 -0.6498792 2.96279e-7 -0.7600375 -0.6498517 0 -0.7600611 -0.6498517 0 -0.7600612 -0.6498517 0 -0.7600612 -0.7719722 0 -0.6356562 -0.7719722 0 -0.6356562 -0.7719722 0 -0.6356562 -0.7719258 0 -0.6357126 -0.7719259 0 -0.6357127 -0.7719259 0 -0.6357126 -0.8705671 0 -0.4920498 -0.8705671 0 -0.4920497 -0.8705671 0 -0.4920497 -0.8705941 0 -0.4920021 -0.8705942 -1.2854e-7 -0.492002 -0.8705941 0 -0.4920021 -0.9427896 0 -0.3333883 -0.9427897 0 -0.3333883 -0.9427896 2.8217e-7 -0.3333883 -0.9427897 0 -0.3333883 -0.9427896 0 -0.3333883 -0.9427896 0 -0.3333883 -0.9863762 0 -0.1645057 -0.9863762 0 -0.1645057 -0.9863762 2.88501e-7 -0.1645057 -0.9863762 0 -0.1645057 -0.9863762 0 -0.1645057 -0.9863762 0 -0.1645057 -0.9999577 0 0.009195566 -0.9999577 0 0.009195566 -0.9999577 0 0.009195566 -0.9999586 0 0.009100615 -0.9999586 0 0.009100615 -0.9999586 0 0.009100615 -0.983143 0 0.1828386 -0.983143 0 0.1828386 -0.983143 0 0.1828386 -0.9831393 0 0.1828587 -0.9831392 0 0.1828587 -0.9831392 0 0.1828587 -0.9365657 0 0.3504921 -0.9365521 0 0.3505288 -0.861271 0 0.5081461 -0.8612997 0 0.5080974 -0.7600201 0 0.6498996 -0.7600201 0 0.6498996 -0.7600201 0 0.6498996 -0.76002 0 0.6498997 -0.76002 0 0.6498997 -0.76002 0 0.6498997 -0.635778 0 0.7718721 -0.635778 0 0.7718721 -0.635778 0 0.7718721 -0.6357119 0 0.7719265 -0.6357119 0 0.7719266 -0.6357119 0 0.7719265 -0.4919837 0 0.8706045 -0.4919837 0 0.8706045 -0.4919837 0 0.8706045 -0.4921082 0 0.8705341 -0.4921082 -1.35081e-7 0.8705341 -0.4921082 0 0.8705341 -0.333392 0 0.9427884 -0.333491 0 0.9427533 -0.1645559 0 0.9863678 -0.1645559 0 0.9863678 -0.1645559 0 0.9863678 -0.1645224 0 0.9863734 -0.1645223 0 0.9863734 -0.1645224 0 0.9863734 0.009136497 0 0.9999583 0.009136497 0 0.9999583 0.009136497 0 0.9999583 0.009136497 0 0.9999583 0.009136497 0 0.9999583 0.009136497 0 0.9999583 0.1827478 0 0.9831599 0.1827478 0 0.9831598 0.1827479 0 0.9831599 0.1828289 0 0.9831448 0.1828289 0 0.9831448 0.1828289 0 0.9831448 0.3504041 0 0.9365987 0.350502 0 0.9365621 0.5082104 0 0.8612329 0.5081276 0 0.8612818 0.6498792 0 0.7600376 0.6498792 0 0.7600376 0.6498792 0 0.7600375 0.6498517 0 0.7600611 0.6498517 0 0.7600612 0.6498517 0 0.7600611 0.7718744 0 0.6357752 0.7718743 0 0.6357752 0.7718744 0 0.6357752 0.7718743 0 0.6357753 0.7718743 0 0.6357753 0.7718743 0 0.6357753 0.8705737 0 0.492038 0.8705738 0 0.492038 0.8705738 0 0.492038 0.870547 0 0.4920855 0.870547 0 0.4920855 0.870547 0 0.4920855 0.9428129 0 0.3333227 0.9428129 0 0.3333227 0.9428129 0 0.3333228 0.9428004 0 0.3333579 0.9428004 0 0.3333579 0.9428004 0 0.3333579 0.9863761 0 0.1645064 0.9863761 0 0.1645064 0.9863761 0 0.1645064 0.9863761 0 0.1645064 0.9863761 0 0.1645064 0.9999577 0 -0.00919485 0.9999577 0 -0.00919485 0.9999577 0 -0.00919485 0.9999586 0 -0.00909996 0.9999586 0 -0.00909996 0.9999586 0 -0.00909996 0.9365481 0 -0.3505394 0.9365481 0 -0.3505394 0.9365479 0 -0.3505394 0.9365207 0 -0.3506123 0.9365208 0 -0.3506124 0.9365208 0 -0.3506123 0.8614413 0 -0.5078573 0.8614413 0 -0.5078573 0.8614413 0 -0.5078573 0.8612419 0 -0.5081953 0.7600669 0 -0.649845 0.7600669 0 -0.649845 0.7600669 0 -0.649845 0.7600822 0 -0.649827 0.7600823 0 -0.649827 0.7600823 0 -0.649827 0.6357487 0 -0.7718961 0.6357487 0 -0.7718961 0.6357488 0 -0.7718961 0.6357781 0 -0.7718719 0.6357781 0 -0.771872 0.6357781 0 -0.771872 0.4921038 0 -0.8705366 0.4921038 0 -0.8705366 0.4921039 0 -0.8705366 0.4919371 0 -0.8706308 0.4919371 0 -0.8706308 0.4919371 0 -0.8706308 0.3333949 0 -0.9427874 0.3333949 0 -0.9427874 0.3333949 0 -0.9427874 0.3333045 0 -0.9428192 0.3333045 0 -0.9428192 0.3333045 0 -0.9428194 0.164533 0 -0.9863716 0.164533 1.52562e-7 -0.9863716 0.1645331 0 -0.9863716 0.1647495 1.44937e-7 -0.9863355 0.1647495 -5.21362e-7 -0.9863355 0.1647494 0 -0.9863355 -0.009213984 0 -0.9999576 -0.009214043 0 -0.9999576 -0.009214103 1.20611e-7 -0.9999576 -0.009198725 -1.74157e-7 -0.9999577 -0.009198784 0 -0.9999577 -0.009198725 0 -0.9999577 -0.1827586 0 -0.9831579 -0.1827586 0 -0.9831578 -0.1827586 0 -0.9831579 -0.1826779 0 -0.9831728 -0.182678 0 -0.9831728 -0.1826779 0 -0.9831728 -0.3506387 0 -0.9365108 -0.3506386 0 -0.9365108 -0.3506386 0 -0.9365108 -0.3505939 0 -0.9365277 -0.350594 -3.79955e-7 -0.9365277 -0.3505939 0 -0.9365277 -0.5080435 0 -0.8613314 -0.5080435 -2.41765e-7 -0.8613314 -0.5080435 0 -0.8613315 -0.5079198 -2.45956e-7 -0.8614044 -0.5079199 0 -0.8614044 -0.5079197 -1.26554e-7 -0.8614044 -0.6496931 0 -0.7601967 -0.6496931 0 -0.7601967 -0.6496931 0 -0.7601967 -0.649738 0 -0.7601583 -0.649738 0 -0.7601583 -0.649738 0 -0.7601583 -0.7718741 0 -0.6357755 -0.771874 0 -0.6357755 -0.7718741 0 -0.6357755 -0.771874 0 -0.6357755 -0.7718741 0 -0.6357755 -0.7718741 0 -0.6357755 -0.8705862 0 -0.4920161 -0.8705862 1.72178e-7 -0.4920161 -0.8705862 0 -0.4920161 -0.8706066 1.76224e-7 -0.49198 -0.8706066 0 -0.4919799 -0.8706066 0 -0.49198 -0.9427841 0 -0.3334038 -0.9863495 0 -0.1646654 -0.9863495 1.49565e-7 -0.1646654 -0.9863495 0 -0.1646654 -0.9863604 1.48517e-7 -0.1645998 -0.9863604 -5.18185e-7 -0.1645998 -0.9863604 0 -0.1645998 -0.999958 0 0.009170472 -0.999958 0 0.009170472 -0.999958 0 0.009170472 -0.999958 0 0.009171426 -0.999958 -1.97825e-7 0.009171426 -0.999958 0 0.009171426 -0.9831727 0 0.1826791 -0.9831726 -1.78494e-7 0.1826791 -0.9831727 0 0.1826791 -0.9831726 -1.45141e-7 0.1826792 -0.9831727 -5.85513e-7 0.1826792 -0.9831727 0 0.1826792 -0.9365155 0 0.3506264 -0.9365155 0 0.3506264 -0.9365155 0 0.3506264 -0.9364712 0 0.3507444 -0.9364713 0 0.3507444 -0.9364713 0 0.3507444 -0.6357858 0 0.7718656 -0.6357858 0 0.7718656 -0.6357859 0 0.7718656 -0.635778 0 0.7718721 -0.635778 0 0.7718721 -0.635778 0 0.7718721 -0.4919622 0 0.8706165 -0.4919622 1.66052e-7 0.8706165 -0.4919623 0 0.8706165 -0.4920459 1.84868e-7 0.8705694 -0.4920458 0 0.8705694 -0.4920459 0 0.8705694 -0.1645314 0 0.9863719 -0.1645315 0 0.9863719 -0.1645315 0 0.9863719 -0.1645926 0 0.9863616 -0.1645927 0 0.9863616 -0.1645926 0 0.9863616 0.5079063 0 0.8614124 0.5079063 0 0.8614124 0.5079063 0 0.8614124 0.5079064 0 0.8614123 0.5079064 0 0.8614124 0.5079064 0 0.8614122 0.9831392 0 -0.1828587 0.9831393 0 -0.1828587 0.9831392 0 -0.1828587 0.9831393 0 -0.1828587 0.9831392 0 -0.1828587 0.9831392 0 -0.1828587 0.8612713 0 -0.5081455 0.8613001 0 -0.5080966 0.7600501 0 -0.6498646 0.7600501 0 -0.6498645 0.7600501 0 -0.6498645 0.7602527 0 -0.6496275 0.7602527 0 -0.6496275 0.7602527 0 -0.6496275 0.635623 0 -0.7719998 0.635623 0 -0.7719997 0.635623 0 -0.7719998 0.6356387 0 -0.7719867 0.6356388 0 -0.7719867 0.6356387 0 -0.7719867 -0.009161055 0 -0.999958 -0.009161055 0 -0.999958 -0.009161055 0 -0.999958 -0.009256958 0 -0.9999572 -0.009256958 0 -0.9999572 -0.009256958 0 -0.9999572 -0.1826536 0 -0.9831774 -0.1826536 0 -0.9831774 -0.1826537 2.79654e-7 -0.9831774 -0.1827346 0 -0.9831624 -0.1827346 0 -0.9831624 -0.1827346 0 -0.9831624 -0.3507185 0 -0.936481 -0.3507185 0 -0.936481 -0.3507185 0 -0.936481 -0.3505018 0 -0.9365621 -0.649843 0 -0.7600685 -0.649843 0 -0.7600685 -0.649843 0 -0.7600685 -0.6498515 0 -0.7600613 -0.6498515 0 -0.7600612 -0.6498515 0 -0.7600612 -0.8705906 0 -0.4920082 -0.8705906 0 -0.4920082 -0.8705906 0 -0.4920082 -0.8705942 0 -0.4920019 -0.8705942 -6.7949e-7 -0.4920019 -0.8705942 0 -0.4920019 -0.9999577 0 0.009195566 -0.9999577 0 0.009195566 -0.9999577 0 0.009195566 -0.9999586 0 0.009100615 -0.9999586 0 0.009100615 -0.9999586 0 0.009100615 -0.983143 0 0.1828386 -0.983143 0 0.1828386 -0.983143 0 0.1828386 -0.9831393 0 0.1828587 -0.9831392 0 0.1828587 -0.9831392 0 0.1828587 -0.9365658 0 0.3504922 -0.9365521 0 0.3505287 -0.8614414 0 0.5078571 -0.8614414 0 0.5078571 -0.8614414 2.14605e-7 0.5078571 -0.8612997 0 0.5080973 -0.76002 0 0.6498997 -0.76002 0 0.6498997 -0.76002 0 0.6498997 -0.7600201 0 0.6498996 -0.7600201 0 0.6498996 -0.7600201 0 0.6498996 -0.6357781 0 0.771872 -0.6357781 0 0.7718719 -0.6357781 0 0.771872 -0.6357487 0 0.7718961 -0.6357487 0 0.7718961 -0.6357488 0 0.7718961 -0.3333919 0 0.9427884 -0.3334911 0 0.9427533 0.009136497 0 0.9999583 0.009136497 0 0.9999583 0.009136497 0 0.9999583 0.009136497 0 0.9999583 0.009136497 0 0.9999583 0.009136497 0 0.9999583 0.1826536 0 0.9831774 0.1826536 0 0.9831774 0.1826537 2.79654e-7 0.9831774 0.1828289 0 0.9831448 0.1828289 0 0.9831448 0.1828289 0 0.9831448 0.3507185 0 0.936481 0.3507185 0 0.936481 0.3507185 0 0.936481 0.3505018 0 0.9365621 0.5082103 0 0.8612331 0.5081278 0 0.8612818 0.649843 0 0.7600685 0.649843 0 0.7600685 0.649843 0 0.7600685 0.6498515 0 0.7600613 0.6498515 0 0.7600612 0.6498515 0 0.7600613 0.7718743 0 0.6357753 0.7718743 0 0.6357753 0.7718743 0 0.6357753 0.7718743 0 0.6357752 0.7718744 0 0.6357752 0.7718744 0 0.6357752 0.8706682 0 0.4918709 0.8706682 0 0.4918709 0.8706682 0 0.4918709 0.8706411 0 0.4919188 0.8706411 0 0.4919188 0.8706411 0 0.4919188 0.9428128 0 0.3333228 0.9428128 0 0.3333228 0.9428128 0 0.3333228 0.9427844 0 0.333403 0.9427844 0 0.3334031 0.9427844 0 0.333403 0.9365312 0 -0.3505844 0.9365312 0 -0.3505844 0.9365312 0 -0.3505844 0.9365208 0 -0.3506122 0.9365207 0 -0.3506122 0.9365207 0 -0.3506122 0.8612707 0 -0.5081465 0.861242 0 -0.5081952 0.7599423 0 -0.6499906 0.7599424 0 -0.6499906 0.7599424 0 -0.6499906 0.7600199 0 -0.6499 0.7600199 0 -0.6499 0.7600199 0 -0.6499 0.6357119 0 -0.7719266 0.6357119 0 -0.7719265 0.6357119 0 -0.7719265 0.635778 0 -0.7718721 0.635778 0 -0.7718721 0.635778 0 -0.7718721 0.4919371 0 -0.8706308 0.4919371 0 -0.8706308 0.4919371 0 -0.8706308 0.4919369 0 -0.8706309 0.4919369 0 -0.8706309 0.4919369 0 -0.8706309 -0.009213984 0 -0.9999576 -0.009214043 0 -0.9999576 -0.009214103 1.20611e-7 -0.9999576 -0.009198725 -1.74157e-7 -0.9999577 -0.009198784 0 -0.9999577 -0.009198725 0 -0.9999577 -0.3506838 0 -0.936494 -0.3506838 0 -0.936494 -0.3506838 0 -0.936494 -0.3504591 0 -0.9365781 -0.3504591 0 -0.9365781 -0.3504591 0 -0.9365781 -0.8705863 0 -0.492016 -0.8705863 1.72178e-7 -0.492016 -0.8705863 0 -0.492016 -0.8705829 1.80589e-7 -0.4920219 -0.8705829 0 -0.4920218 -0.8705829 0 -0.4920219 0.01219683 -0.9920089 0.1255768 0.01219683 -0.9920089 0.1255769 0.01219677 -0.9920089 0.1255769 0.003801465 -0.9992276 0.03911542 0.003801286 -0.9992276 0.03911542 0.003801584 -0.9992276 0.03911542 0.004202961 -0.9990478 0.04342675 0.004202961 -0.9990478 0.04342675 0.004202961 -0.9990478 0.04342675 0.01250791 -0.9914551 0.1298468 0.02000349 -0.9781507 0.2069332 0.02000367 -0.9781507 0.2069332 0.02000367 -0.9781506 0.2069331 0.02089768 -0.9763076 0.2153763 0.02089744 -0.9763076 0.2153763 0.02089732 -0.9763075 0.2153763 0.02649712 -0.9612285 0.2744773 0.02649706 -0.9612285 0.2744773 0.02649718 -0.9612285 0.2744773 0.0316013 -0.9454571 0.3242104 0.0316019 -0.9454571 0.3242104 0.03160184 -0.9454571 0.3242105 0.02900707 -0.9537 0.2993578 0.02900701 -0.9537 0.2993578 0.02900695 -0.9537 0.2993578 0.0383706 -0.917173 0.3966376 0.0383706 -0.917173 0.3966376 0.0383706 -0.917173 0.3966376 0.03659653 -0.9238665 0.3809613 0.03659588 -0.9238665 0.3809614 0.03659546 -0.9238665 0.3809614 0.0461055 -0.8787605 0.4750309 0.04610532 -0.8787605 0.4750309 0.04610562 -0.8787605 0.4750308 0.04450041 -0.8870081 0.4596045 0.04450047 -0.8870082 0.4596046 0.04450017 -0.8870081 0.4596045 0.05249601 -0.8386974 0.5420619 0.05249589 -0.8386974 0.5420619 0.05249601 -0.8386974 0.5420619 0.05169546 -0.8434214 0.5347599 0.05169546 -0.8434213 0.5347598 0.0516954 -0.8434214 0.5347598 0.0593996 -0.7876144 0.6132989 0.05939942 -0.7876143 0.613299 0.05939954 -0.7876144 0.6132989 0.05866605 -0.793241 0.6060751 0.06510394 -0.7369005 0.672859 0.065104 -0.7369005 0.672859 0.06510394 -0.7369005 0.6728591 0.06850975 -0.7072086 0.7036778 0.06850975 -0.7072086 0.7036778 0.06850975 -0.7072086 0.7036778 0.07100379 -0.6751744 0.734233 0.07100331 -0.6751744 0.734233 0.07100355 -0.6751744 0.734233 0.0759021 -0.6153085 0.7846238 0.07590222 -0.6153085 0.7846237 0.0759021 -0.6153085 0.7846238 0.07929927 -0.5738602 0.815105 0.07929939 -0.5738602 0.815105 0.07929927 -0.5738602 0.815105 0.08080238 -0.5444007 0.8349245 0.08080238 -0.5444007 0.8349245 0.08469766 -0.4768856 0.8748751 0.08469766 -0.4768857 0.8748751 0.08469772 -0.4768856 0.8748751 0.08760583 -0.4228016 0.9019778 0.08760589 -0.4228017 0.9019779 0.08760583 -0.4228017 0.9019779 0.08829975 -0.3985191 0.9128997 0.08829957 -0.3985191 0.9128997 0.08829981 -0.3985191 0.9128997 0.09109902 -0.3253792 0.9411851 0.09109932 -0.3253792 0.9411851 0.09109824 -0.3253792 0.9411852 0.09330487 -0.2589968 0.961361 0.09330493 -0.2589968 0.961361 0.09330493 -0.2589968 0.9613609 0.09349906 -0.2418737 0.9657924 0.09349906 -0.2418737 0.9657924 0.09349906 -0.2418737 0.9657925 0.0950011 -0.164991 0.9817091 0.09500104 -0.164991 0.9817091 0.09499889 -0.164991 0.9817093 0.09610271 -0.08732539 0.9915335 0.09610265 -0.08732539 0.9915335 0.09610259 -0.08732539 0.9915335 0.09598726 -0.07873606 0.9922636 0.9983609 0 -0.05723351 0.9983608 1.63958e-7 -0.05723351 0.9983609 1.20184e-7 -0.05723351 0.9983639 0 -0.05718028 0.9983639 0 -0.05718028 0.9983639 -1.48602e-7 -0.05718028 0.9995495 1.37004e-7 0.0300129 0.9995495 4.21896e-7 0.0300129 0.9995495 -3.37895e-7 0.0300129 0.9995498 3.85335e-7 0.03000885 0.9995497 -3.13274e-7 0.03000885 0.9995497 0 0.03000885 0.9936324 1.8838e-7 0.1126713 0.9936323 6.14673e-7 0.1126711 0.9936324 0 0.1126711 0.993628 0 0.1127095 0.9936281 0 0.1127095 0.993628 0 0.1127095 0.9833174 0 0.1818982 0.9833174 0 0.1818982 0.9833174 0 0.1818982 0.9800388 -2.00032e-4 0.1988065 0.9800388 -2.00305e-4 0.1988064 0.9800388 -1.99948e-4 0.1988065 0.9511656 3.98261e-4 0.308681 0.9511656 3.98518e-4 0.308681 0.9511656 3.98473e-4 0.3086809 0.9723026 -0.001399993 0.2337216 0.9723031 -0.001399219 0.2337197 0.9723029 -0.001397848 0.2337206 0.9512417 0 0.3084468 0.9512417 0 0.3084468 0.9512416 -1.32583e-7 0.3084468 0.9206398 0 0.3904133 0.9206398 0 0.3904133 0.9206398 0 0.3904133 0.9204937 0 0.3907574 0.8872621 0 0.461266 0.8872621 0 0.461266 0.887262 0 0.4612659 0.8873018 0 0.4611895 0.8873018 0 0.4611895 0.8873018 0 0.4611895 0.8432078 0 0.537588 0.8432078 2.86902e-7 0.5375878 0.8432079 0 0.5375878 0.8433985 0 0.5372887 0.8433985 0 0.5372886 0.8433984 0 0.5372887 0.7986374 -1.32319e-7 0.6018126 0.7986373 0 0.6018127 0.7986373 0 0.6018127 0.798678 1.53081e-7 0.6017587 0.7986779 0 0.6017587 0.798678 -2.01146e-7 0.6017587 0.7430832 1.39038e-7 0.6691991 0.7430831 2.7223e-7 0.6691991 0.7430831 2.4261e-7 0.6691992 0.7432404 -1.23327e-7 0.6690246 0.7432404 1.6368e-7 0.6690246 0.7432403 0 0.6690247 0.6882148 -2.75927e-7 0.725507 0.6882148 0 0.725507 0.6882149 0 0.7255069 0.4137054 0.001199245 0.9104101 0.4137038 0.001200258 0.9104108 0.4137045 0.00119996 0.9104105 0.4851133 0 0.8744513 0.4851133 0 0.8744513 0.4851133 0 0.8744514 0.5592013 -1.47882e-7 0.829032 0.5592011 0 0.829032 0.5592011 0 0.8290321 0.5594841 2.15919e-7 0.8288411 0.5594841 0 0.8288412 0.5594841 0 0.8288411 0.6226744 0 0.7824812 0.6226744 -1.38059e-7 0.7824811 0.6226744 0 0.7824811 0.6226097 0 0.7825326 0.6226098 0 0.7825325 0.6226097 0 0.7825326 0.6884137 2.51383e-7 0.7253183 0.6884135 3.33879e-7 0.7253185 0.6884139 0 0.7253181 0.333845 -2.01135e-4 0.942628 0.333845 -2.01153e-4 0.942628 0.333845 -2.01049e-4 0.942628 0.4845628 -2.99499e-4 0.8747565 0.4845628 -2.99469e-4 0.8747565 0.4845628 -2.99597e-4 0.8747565 0.4150205 4.97159e-7 0.9098122 0.4150195 0 0.9098126 0.4150214 3.90506e-7 0.9098116 0.3339982 0 0.9425737 0.3339982 0 0.9425737 0.3339982 0 0.9425738 0.2582937 0.001399517 0.9660655 0.2582983 0.001397192 0.9660642 0.2583037 0.001397788 0.9660628 0.2602082 -1.40816e-6 0.9655526 0.2601722 -6.61221e-7 0.9655622 0.2601671 1.49372e-7 0.9655637 0.1741104 0 0.9847262 0.1741104 0 0.9847262 0.1741104 0 0.9847262 0.1740071 0 0.9847444 0.1740071 0 0.9847444 0.1740071 0 0.9847444 -0.787728 0 0.6160233 -0.787728 -1.60559e-7 0.6160234 -0.787728 1.93351e-7 0.6160233 -0.7311013 0 0.6822689 -0.7311013 1.44704e-7 0.682269 -0.7311015 0 0.6822689 -0.7309225 0 0.6824606 -0.7309224 0 0.6824606 -0.7309224 0 0.6824606 -0.6357769 0 0.7718729 -0.6357769 0 0.7718729 -0.6357769 0 0.7718728 -0.6356167 0 0.7720048 -0.6356167 0 0.7720049 -0.6356166 0 0.7720049 -0.4924598 0 0.8703352 -0.4918406 0 0.8706853 -0.4918405 0 0.8706853 -0.4918405 0 0.8706853 -0.3333303 0 0.9428101 -0.3333303 0 0.9428101 -0.3333303 0 0.9428101 -0.333336 0 0.9428082 -0.333336 0 0.9428081 -0.333336 0 0.9428081 -0.1645539 0 0.9863681 -0.1645539 0 0.9863682 -0.1645539 0 0.9863681 -0.1644786 0 0.9863807 0.009330391 -1.20829e-7 0.9999566 0.009330391 0 0.9999566 0.009330391 0 0.9999566 0.00926721 0 0.9999571 0.00926721 -1.38868e-7 0.9999571 0.00926721 0 0.9999571 -0.7877536 -1.64611e-7 0.6159906 -0.7877535 0 0.6159906 -0.7877535 -1.25365e-7 0.6159906 -0.8383268 -1.37964e-7 0.5451681 -0.8383266 -1.47033e-7 0.5451682 -0.8383269 -1.32353e-7 0.5451681 -0.8383951 -2.08776e-7 0.5450631 -0.838395 1.55401e-7 0.5450632 -0.8383949 0 0.5450633 -0.8828109 0 0.4697287 -0.8828109 0 0.4697287 -0.8828109 0 0.4697286 -0.8826677 0 0.4699976 -0.8826677 0 0.4699976 -0.8826677 1.20343e-7 0.4699976 -0.9203162 0 0.3911753 -0.9203162 0 0.3911755 -0.9509034 0 0.3094882 -0.9509033 1.47666e-7 0.3094882 -0.9509034 0 0.3094881 -0.9901918 -3.09068e-7 0.1397155 -0.9901918 0 0.1397154 -0.9901918 2.07663e-7 0.1397155 -0.9508982 -1.23371e-7 0.3095042 -0.9508981 0 0.3095043 -0.9508981 0 0.3095043 -0.974276 -1.34833e-7 0.225358 -0.9742761 1.54163e-7 0.225358 -0.974276 0 0.225358 -0.9742712 0 0.2253787 -0.9742712 1.35665e-7 0.2253787 -0.9742712 0 0.2253786 -0.9902027 2.16075e-7 0.1396383 -0.9902027 -2.71182e-7 0.1396383 -0.9902027 0 0.1396383 0.004202008 0.9990481 0.04342079 0.004201889 0.9990481 0.04342079 0.004201829 0.9990481 0.04342079 0.003807425 0.9992253 0.03917306 0.003807425 0.9992252 0.03917306 0.003807127 0.9992252 0.03917306 0.01250791 0.9914547 0.1298502 0.01219671 0.9920089 0.1255769 0.01219677 0.992009 0.1255769 0.01219683 0.9920089 0.1255769 0.02080154 0.9762999 0.21542 0.02080166 0.9762999 0.21542 0.0208016 0.9762999 0.21542 0.02009642 0.9781663 0.2068501 0.02009654 0.9781663 0.2068501 0.0200966 0.9781663 0.2068501 0.02890181 0.9537169 0.2993139 0.02890187 0.9537169 0.2993139 0.02890181 0.9537169 0.2993139 0.02820146 0.9563016 0.2910191 0.02820193 0.9563016 0.291019 0.02820175 0.9563016 0.291019 0.03689813 0.9238898 0.3808755 0.03689795 0.9238898 0.3808756 0.03689771 0.9238898 0.3808757 0.03832894 0.9169924 0.397059 0.0461049 0.8787631 0.4750262 0.04610466 0.878763 0.4750261 0.0461049 0.878763 0.4750261 0.04450041 0.8870075 0.4596059 0.04450058 0.8870074 0.4596058 0.04450076 0.8870074 0.4596059 0.05180364 0.84337 0.5348303 0.0518037 0.8433701 0.5348303 0.05180364 0.84337 0.5348303 0.05239748 0.8386958 0.5420736 0.05239742 0.8386959 0.5420736 0.05239754 0.8386958 0.5420736 0.0594049 0.7875845 0.6133366 0.05940502 0.7875846 0.6133366 0.05940502 0.7875846 0.6133366 0.05866563 0.7932401 0.6060764 0.06810122 0.7071134 0.7038132 0.06810116 0.7071134 0.7038131 0.06810128 0.7071134 0.7038131 0.06590169 0.7366616 0.6730429 0.06590163 0.7366616 0.6730429 0.06590163 0.7366616 0.6730429 0.07100385 0.6751729 0.7342343 0.07100397 0.6751729 0.7342343 0.07890361 0.5735779 0.8153421 0.07890373 0.5735779 0.8153421 0.07890355 0.5735779 0.8153421 0.07689982 0.6147071 0.7849979 0.07689964 0.6147071 0.7849979 0.07689982 0.6147071 0.7849979 0.08080238 0.5443997 0.8349251 0.08080238 0.5443997 0.8349251 0.08080238 0.5443997 0.8349251 0.08730435 0.4225577 0.9021213 0.08730441 0.4225577 0.9021213 0.08730435 0.4225577 0.9021213 0.08570057 0.4761018 0.8752044 0.08570051 0.4761017 0.8752043 0.08570015 0.4761017 0.8752044 0.08830201 0.3984755 0.9129185 0.08830213 0.3984755 0.9129185 0.08830213 0.3984755 0.9129185 0.09300929 0.2587359 0.9614599 0.09300923 0.2587359 0.9614598 0.09300929 0.2587359 0.9614598 0.09220105 0.3244006 0.9414156 0.09220045 0.3244006 0.9414156 0.09220248 0.3244004 0.9414155 0.09349966 0.2418272 0.965804 0.09349972 0.2418271 0.965804 0.09349972 0.2418272 0.9658041 0.09599649 0.08709955 0.9915636 0.09599626 0.08709955 0.9915637 0.09599655 0.08709955 0.9915636 0.0962978 0.1637899 0.9817839 0.09629881 0.1637898 0.9817839 0.09629708 0.1637897 0.981784 0.0959872 0.07873606 0.9922637 -0.9876266 0 0.156824 -0.983168 -0.002798616 0.1826829 -0.983168 -0.002798616 0.1826829 -0.983168 -0.002798616 0.1826829 -0.9702544 0 0.242088 -0.9702544 2.08331e-7 0.242088 -0.9702544 -2.30764e-7 0.242088 -0.9539289 0 0.300033 -0.9539289 0 0.300033 -0.9539288 0 0.300033 -0.9364336 -0.003103494 0.3508312 -0.9364336 -0.003103375 0.3508312 -0.9364336 -0.003103435 0.3508312 -0.926171 -4.96736e-4 0.3771036 -0.926171 -4.96796e-4 0.3771036 -0.926171 -4.9677e-4 0.3771036 -0.8613923 -0.002991974 0.5079316 -0.8613922 -0.002991974 0.5079316 -0.8613923 -0.002992033 0.5079315 -0.8772116 0 0.480104 -0.8772116 0 0.480104 -0.8772116 0 0.480104 -0.9046368 1.5406e-7 0.4261834 -0.904637 1.85653e-7 0.426183 -0.9046367 -1.93384e-7 0.4261837 -0.7083196 0 0.705892 -0.7083185 -5.79821e-7 0.7058929 -0.708319 6.77557e-7 0.7058925 -0.7487028 -0.001099884 0.662905 -0.7487028 -0.001099824 0.662905 -0.7487028 -0.001099884 0.662905 -0.7603279 -0.002889573 0.6495332 -0.7971042 0 0.6038419 -0.7971042 0 0.6038419 -0.7971042 0 0.6038419 -0.8320044 2.00389e-7 0.5547691 -0.8320044 -1.92362e-7 0.5547691 -0.8320044 0 0.554769 -0.6642969 0 0.7474688 -0.6642969 0 0.7474688 -0.6642969 0 0.7474688 -0.6356513 -0.003201127 0.7719697 -0.6356514 -0.003213644 0.7719696 -0.6356514 -0.003201127 0.7719697 -0.5964898 0 0.8026208 -0.5964898 0 0.8026208 -0.5964897 0 0.8026207 -0.5470413 1.90332e-7 0.8371057 -0.5470412 0 0.8371056 -0.5470412 -1.35216e-7 0.8371056 -0.4917593 -0.002594888 0.8707274 -0.4863895 -0.001800596 0.8737402 -0.4863895 -0.001800715 0.8737402 -0.4863895 -0.001800656 0.8737402 -0.2332614 1.58059e-7 0.9724141 -0.2332618 0 0.9724141 -0.2332616 -1.92551e-7 0.972414 -0.2915727 0 0.9565487 -0.3332562 -0.003198504 0.942831 -0.3332562 -0.003198683 0.9428309 -0.3332563 -0.003198564 0.9428309 -0.3735235 1.53042e-7 0.9276207 -0.3735237 -1.24597e-7 0.9276207 -0.3735235 0 0.9276208 -0.428924 0 0.9033406 -0.4289242 0 0.9033406 -0.4289239 0 0.9033406 -0.1692496 -0.0018996 0.9855715 -0.1692496 -0.001899659 0.9855715 -0.1692497 -0.001899659 0.9855714 -0.1644504 -0.002187609 0.986383 -0.09999179 0 0.9949883 -0.09999179 0 0.9949883 -0.09999179 3.21452e-7 0.9949883 -0.03962665 0 0.9992147 -0.03962665 0 0.9992147 -0.03962665 0 0.9992147 0.00955677 -0.003100275 0.9999496 0.0475372 0 0.9988695 0.156715 0 0.987644 0.1567149 0 0.9876439 0.1567149 -9.20883e-7 0.987644 0.1825913 -0.002689182 0.9831852 0.1825913 -0.002689063 0.9831852 0.1825913 -0.002689123 0.9831852 0.4250761 0 0.9051576 0.4250762 0 0.9051576 0.4250762 0 0.9051576 0.3762311 -5.98846e-4 0.9265258 0.3762311 -5.98892e-4 0.9265257 0.3762311 -5.9887e-4 0.9265257 0.3505997 -0.003000378 0.9365207 0.3505997 -0.003000497 0.9365207 0.3505997 -0.003000438 0.9365207 0.299898 2.47848e-7 0.9539713 0.299898 0 0.9539713 0.299898 0 0.9539713 0.2420593 1.28189e-7 0.9702615 0.2420591 -5.10497e-5 0.9702616 0.2420594 0 0.9702615 0.4793826 0 0.8776061 0.4793826 0 0.8776061 0.4793826 0 0.8776061 0.5079904 -0.002999603 0.8613576 0.5079904 -0.002999603 0.8613576 0.5079905 -0.002999484 0.8613575 0.5538408 0 0.8326227 0.5538408 0 0.8326227 0.5538408 0 0.8326227 0.6031165 0 0.7976531 0.6031166 -3.44575e-7 0.7976531 0.6031166 2.91388e-7 0.7976531 0.6497942 -0.002701044 0.7601055 0.6497942 -0.002700984 0.7601055 0.6497942 -0.002701044 0.7601055 0.6609964 -0.001299798 0.750388 0.6609964 -0.001299619 0.750388 0.6609964 -0.001299738 0.750388 0.8362927 0 0.5482833 0.8362927 0 0.5482833 0.8362927 1.40099e-7 0.5482833 0.8015713 -1.62214e-7 0.5978994 0.8015713 0 0.5978994 0.8015712 1.31142e-7 0.5978994 0.7720599 -0.003255665 0.6355414 0.7720599 -0.003255665 0.6355414 0.77206 -0.003255665 0.6355415 0.7464906 0 0.665396 0.7464906 0 0.665396 0.7464906 0 0.6653959 0.7045128 -1.88292e-7 0.7096914 0.7045131 1.85406e-7 0.709691 0.7045124 0 0.7096917 0.9719132 0 0.2353398 0.9719132 0 0.2353398 0.9719132 0 0.2353398 0.9559263 0 0.2936068 0.9559263 0 0.2936068 0.9559263 0 0.2936068 0.9428706 -0.003259301 0.3331437 0.9428706 -0.003259301 0.3331437 0.9428706 -0.003259301 0.3331437 0.9267446 0 0.3756921 0.9267445 0 0.3756921 0.9267445 0 0.3756921 0.8704832 0 0.4921982 0.8704832 0 0.4921982 0.8704832 0 0.4921982 0.9017835 -0.01008826 0.4320703 0.9017836 -0.01008826 0.4320703 0.9017836 -0.01008832 0.4320704 0.8716811 -0.002507269 0.4900673 0.8716811 -0.002507209 0.4900673 0.8716811 -0.002507209 0.4900672 0.984663 -0.001597583 0.1744598 0.984663 -0.001597583 0.1744598 0.9846631 -0.001597523 0.1744598 0.9863907 -0.002769172 0.1643955 0.9947323 0 0.1025062 0.9947324 -1.38937e-7 0.1025062 0.9947323 0 0.1025062 0.9991171 0 0.04201275 0.9999492 -0.003233551 -0.009558796 0.9989902 0 -0.04492789 0.9989902 0 -0.04492789 0.9989902 0 -0.04492789 0.9993628 0 -0.0356937 0.9999536 0.002798676 -0.009223282 0.9999536 0.002798676 -0.009223282 0.9999536 0.002798676 -0.009223282 0.9986785 0 0.05139416 0.9986785 0 0.05139416 0.9986785 0 0.05139416 0.9937666 0 0.1114808 0.9937666 0 0.1114808 0.9937667 0 0.1114808 0.9863886 0.003291487 0.1643983 0.9812967 4.98377e-4 0.1925007 0.9812968 4.98497e-4 0.1925007 0.9812967 4.98318e-4 0.1925007 0.9429804 0.003019213 0.3328348 0.9529895 0 0.3030038 0.9529893 0 0.3030038 0.9529894 0 0.3030037 0.9696044 0 0.2446782 0.9696044 0 0.2446782 0.9696044 0 0.2446782 0.8304949 -1.85537e-7 0.5570263 0.8304948 0 0.5570266 0.8304948 -1.61672e-7 0.5570264 0.8619263 0.001099288 0.5070325 0.8619263 0.001099407 0.5070325 0.8619263 0.001099109 0.5070325 0.8707139 0.002937853 0.4917811 0.8981479 0 0.4396937 0.8981478 0 0.4396936 0.8981478 0 0.4396936 0.9230177 0 0.3847575 0.9230177 0 0.3847575 0.9230177 0 0.3847576 0.7951864 0 0.6063651 0.7951864 0 0.6063651 0.7951865 0 0.6063651 0.7718622 0.003144621 0.6357821 0.7718622 0.003144621 0.6357821 0.7718622 0.003144621 0.6357821 0.7394499 0 0.6732116 0.7394498 0 0.6732117 0.7394497 -1.34285e-7 0.6732118 0.6973327 0 0.7167476 0.6973327 -2.36294e-7 0.7167477 0.6973326 2.45796e-7 0.7167478 0.6498357 0.002501904 0.7600706 0.6498357 0.002501904 0.7600706 0.6498357 0.002501904 0.7600707 0.6449621 0.001795113 0.7642124 0.6449621 0.001795172 0.7642125 0.6449621 0.001795053 0.7642125 0.4159656 0 0.9093804 0.4692691 0 0.8830552 0.4692692 0 0.8830553 0.4692692 0 0.8830552 0.5078849 0.003198742 0.8614192 0.5078849 0.003198623 0.8614192 0.5078849 0.003198683 0.8614192 0.5444883 0 0.8387685 0.5444883 1.7415e-7 0.8387685 0.5444882 0 0.8387685 0.5941087 -3.85607e-7 0.8043848 0.5941085 3.68018e-7 0.804385 0.5941089 3.69808e-7 0.8043846 0.3550937 0.001897871 0.9348288 0.3550937 0.001897871 0.9348288 0.3550938 0.001897871 0.9348288 0.3507379 0.002393424 0.9364707 0.3507379 0.002393662 0.9364707 0.3507379 0.002393543 0.9364706 0.288906 0 0.9573575 0.2889062 0 0.9573575 0.2889065 -5.3074e-5 0.9573574 0.2305081 0 0.9730705 0.2305081 0 0.9730705 0.2305081 0 0.9730705 0.1826183 0.003104686 0.983179 0.1826183 0.003104746 0.983179 0.1826183 0.003104627 0.983179 0.1448849 0 0.9894486 0.1448848 0 0.9894486 0.1448848 0 0.9894486 0.03600591 0 0.9993516 0.03600591 0 0.9993516 0.03600591 0 0.9993516 0.009621083 0.002638816 0.9999503 -0.2432887 0 0.969954 -0.1916191 6.00276e-4 0.9814693 -0.1916189 6.09917e-4 0.9814692 -0.1916191 6.00261e-4 0.9814692 -0.1644344 0.002827107 0.986384 -0.1114401 -2.40019e-7 0.9937711 -0.11144 0 0.9937713 -0.1114403 1.7195e-7 0.9937711 -0.05127137 0 0.9986848 -0.05127131 4.81859e-6 0.9986848 -0.05127143 0 0.9986848 -0.302381 0 0.9531872 -0.302381 0 0.9531872 -0.302381 0 0.9531872 -0.3333818 0.002999842 0.9427871 -0.3333818 0.002996742 0.9427872 -0.3333818 0.002999842 0.9427872 -0.3841639 0 0.9232649 -0.3841639 0 0.9232649 -0.3841639 0 0.9232649 -0.4390374 0 0.8984689 -0.4390374 0 0.8984688 -0.4390375 0 0.8984688 -0.4918126 0.00282514 0.8706965 -0.5048723 0.001302361 0.8631931 -0.5048723 0.001302242 0.8631932 -0.5048723 0.001302301 0.8631931 -0.7154514 0 0.6986626 -0.7154513 0 0.6986627 -0.7154513 0 0.6986627 -0.6721984 -2.3758e-7 0.7403711 -0.6721982 0 0.7403712 -0.6721984 1.35988e-7 0.7403711 -0.6356226 0.00318396 0.7719935 -0.6356226 0.00318396 0.7719935 -0.6356226 0.00318402 0.7719935 -0.6051102 0 0.7961418 -0.6051102 0 0.7961418 -0.6051102 0 0.7961418 -0.5556162 3.15214e-7 0.831439 -0.5556163 -3.93164e-7 0.8314389 -0.5556161 -2.57409e-7 0.831439 -0.9087202 0 0.417406 -0.9087201 0 0.4174061 -0.9087201 0 0.417406 -0.8819065 0 0.4714245 -0.8819065 0 0.4714245 -0.8819065 0 0.4714245 -0.8614351 0.003266215 0.5078572 -0.8614351 0.003266215 0.5078572 -0.8614351 0.003266155 0.5078572 -0.8374632 1.29818e-7 0.5464938 -0.8374633 0 0.5464938 -0.8374632 1.64626e-7 0.5464939 -0.7603361 0 0.64953 -0.8025178 0.01010698 0.5965425 -0.8025179 0.01010686 0.5965425 -0.8025178 0.0101068 0.5965425 -0.761546 0.002500832 0.648106 -0.761546 0.002500951 0.648106 -0.7615461 0.002500951 0.648106 -0.9329288 0.001715183 0.3600568 -0.9364751 0.002700328 0.3507237 -0.9364752 0.002700269 0.3507237 -0.9364751 0.002700209 0.3507237 -0.9564996 0 0.2917339 -0.9724471 0 0.2331238 -0.9724471 0 0.2331238 -0.9724471 0 0.2331238 -0.9831742 0.003204166 0.1826423 -0.9831742 0.003204166 0.1826423 -0.9831742 0.003204107 0.1826423 -0.9890726 0 0.1474299 -0.9890726 0 0.14743 -0.9890726 0 0.14743 -0.09633195 1.23994e-4 -0.9953493 -0.09637433 -5.55213e-5 -0.9953452 -0.09649217 0 -0.9953339 -0.0964806 0 -0.9953349 -0.09636735 5.97049e-5 -0.9953459 -0.09637141 2.26639e-5 -0.9953455 -0.09625387 -4.25391e-5 -0.9953569 -0.09657669 0 -0.9953255 0.8799921 0 0.4749886 0.8799906 0 0.474991 0.793824 0 0.6081476 0.7938197 0 0.6081532 0.6871101 0 0.7265534 0.6871101 0 0.7265534 0.6871101 0 0.7265534 0.68711 0 0.7265534 0.68711 0 0.7265535 0.68711 0 0.7265535 0.5636464 0 0.8260163 0.5636464 0 0.8260163 0.5636464 0 0.8260163 0.5635236 0 0.8261001 0.5635235 0 0.8261001 0.5635235 0 0.8261001 0.425383 0 0.9050135 0.4253829 0 0.9050136 0.2770096 0 0.9608672 0.276999 0 0.9608702 0.1210433 0 0.9926473 0.121032 0 0.9926487 -0.0377736 0 0.9992864 -0.03776788 0 0.9992866 -0.1958121 0 0.9806415 -0.195812 0 0.9806415 0.879992 0 0.4749887 0.8799908 0 0.474991 0.793824 0 0.6081477 0.7938197 0 0.6081531 0.68711 0 0.7265535 0.68711 0 0.7265535 0.68711 0 0.7265534 0.6871101 0 0.7265534 0.6871101 0 0.7265534 0.6871101 0 0.7265534 0.5635275 0 0.8260974 0.5635275 0 0.8260974 0.5635275 0 0.8260974 0.5639197 0 0.8258297 0.2766872 0 0.9609602 0.2766872 0 0.9609602 0.2766872 0 0.9609602 0.2769991 0 0.9608702 0.1210433 0 0.9926473 0.1210321 0 0.9926486 -0.0377736 0 0.9992864 -0.03776788 0 0.9992866 -0.9957537 0 -0.09205818 -0.9957537 0 -0.09205764 -0.997451 0 0.07135617 -0.997451 0 0.07135635 -0.9725754 0 0.2325881 -0.972575 0 0.2325892 -0.9219897 0 0.3872144 -0.9219897 0 0.3872144 -0.9219897 0 0.3872144 -0.9222116 0 0.3866857 -0.8469631 0 0.531652 -0.8469614 0 0.5316543 -0.7491421 0 0.6624094 -0.7491447 0 0.6624065 -0.6321484 0 0.7748473 -0.6321551 0 0.774842 -0.4980349 0 0.8671571 -0.4980393 0 0.8671545 -0.3504048 0 0.9365984 -0.3504048 0 0.9365984 -0.3504048 0 0.9365984 -0.3503102 0 0.9366338 -0.3503102 0 0.9366338 -0.3503102 0 0.9366338 -0.9957537 0 -0.09205812 -0.9957845 0 -0.0917235 -0.9957846 0 -0.0917235 -0.9957846 0 -0.0917235 -0.997451 0 0.07135611 -0.997451 0 0.07135635 -0.9725754 0 0.232588 -0.972653 0 0.232263 -0.9726531 0 0.232263 -0.9726531 0 0.232263 -0.9222124 0 0.3866838 -0.922026 0 0.3871279 -0.922026 0 0.3871279 -0.922026 0 0.3871279 -0.8469631 0 0.5316519 -0.8469614 0 0.5316545 -0.7491422 0 0.6624092 -0.7491445 0 0.6624066 -0.4980351 0 0.8671569 -0.4976233 0 0.8673933 -0.4976233 0 0.8673933 -0.4976233 -2.98692e-7 0.8673933 -0.3504049 0 0.9365984 -0.3504049 0 0.9365984 -0.3504049 0 0.9365984 -0.3503102 0 0.9366338 -0.3503102 0 0.9366338 -0.3503102 0 0.9366338 0.9730659 0 0.2305278 0.9730659 0 0.2305278 0.9378579 0 0.3470197 0.9149745 0 0.4035117 0.9149649 1.03406e-4 0.4035334 0.9149519 0 0.403563 0.9149519 0 0.403563 0.9149649 -1.03406e-4 0.4035334 -0.9850089 0 -0.1725042 -0.9850103 -8.82261e-5 -0.1724956 -0.9850145 0 -0.1724714 -0.9850146 0 -0.1724715 -0.9850103 8.82261e-5 -0.1724956 -0.9753183 0 -0.2208042 -0.9753183 0 -0.2208039 -0.9934126 0 -0.1145923 -0.9934126 0 -0.1145923 -0.9934126 0 -0.1145923 -0.9934126 0 -0.1145923 -0.9934126 0 -0.1145923 -0.9934126 0 -0.1145923 -0.9999765 0 -0.006873786 -0.9999764 0 -0.006873846 -0.9988939 0 0.04702341 0.9990214 0 -0.04423046 0.9990214 0 -0.0442304 0.9976385 0 -0.06868392 0.9976385 0 -0.0686841 0.995835 0 -0.09117501 0.9958349 0 -0.0911749 0.9948047 0 -0.1018022 0.9948047 0 -0.1018021 0.9960544 0 -0.08874553 0.998081 0 -0.06192308 0.9980809 0 -0.06192308 0.9995473 0 -0.03008967 0.9995473 0 -0.03008973 0.999974 0 0.007222235 0.9987859 0 0.04926413 0.9987859 0 0.04926413 0.9954833 0 0.09493726 0.9954833 0 0.09493732 0.989476 0 0.1446972 0.9894761 0 0.1446972 0.3536972 0 -0.9353601 0.507283 0 -0.8617796 0.507283 0 -0.8617796 0.507283 0 -0.8617796 0.5071523 0 -0.8618565 0.5071523 0 -0.8618566 0.5071523 0 -0.8618566 0.6459398 0 -0.7633883 0.6459451 0 -0.7633839 0.766098 0 -0.6427237 0.8639935 0 -0.503503 0.8639935 0 -0.503503 0.8639935 0 -0.503503 0.8639211 0 -0.5036273 0.8639211 0 -0.5036273 0.8639211 0 -0.5036273 0.9367847 0 -0.3499063 0.9367847 0 -0.3499063 0.9367847 0 -0.3499063 0.9366661 0 -0.3502237 0.9825428 0 -0.186037 0.9825428 0 -0.186037 0.9825428 0 -0.186037 0.9825428 0 -0.186037 0.9825428 0 -0.186037 0.9825428 0 -0.186037 0.9998645 0 -0.0164684 0.9998589 0 -0.0168038 0.9998589 0 -0.0168038 0.9998589 0 -0.0168038 -0.9936146 0 -0.1128284 -0.9936147 0 -0.1128273 -0.9616409 0 -0.2743114 -0.9616409 0 -0.2743114 -0.9616409 0 -0.2743114 -0.9615613 0 -0.2745906 -0.9615613 0 -0.2745906 -0.9615613 0 -0.2745906 -0.9032177 0 -0.4291827 -0.9032186 0 -0.4291809 -0.8204964 0 -0.5716517 -0.8204964 0 -0.5716518 -0.8204964 0 -0.5716517 -0.8206075 0 -0.5714923 -0.8206075 0 -0.5714923 -0.8206075 0 -0.5714923 -0.7154089 0 -0.6987061 -0.7154089 0 -0.6987061 -0.7154089 0 -0.6987061 -0.7153419 0 -0.6987747 -0.7153419 0 -0.6987748 -0.7153419 0 -0.6987748 -0.5908374 0 -0.8067907 -0.5908374 0 -0.8067907 -0.4496363 0 -0.8932118 -0.4500644 0 -0.8929961 -0.4500644 0 -0.8929961 -0.4500644 0 -0.8929961 -0.2968945 0 -0.9549104 -0.1362473 0 -0.9906749 -0.1362473 0 -0.9906749 -0.1362473 0 -0.9906749 -0.1362473 0 -0.9906749 -0.1362473 0 -0.9906749 -0.1362473 0 -0.9906749 0.02911502 0 -0.9995762 0.02863585 0 -0.99959 0.02863585 0 -0.99959 0.02863585 0 -0.99959 0.1926203 0 -0.9812734 0.1926158 0 -0.9812743 -0.2535721 0 0.9673165 -0.2535721 0 0.9673165 -0.2535721 0 0.9673166 -0.2536762 0 0.9672893 -0.2536762 0 0.9672893 -0.2536762 0 0.9672893 0.9842718 0 0.1766612 0.9842705 0 0.176668 0.9441739 0 0.3294477 0.8800116 0 0.4749521 0.8800116 0 0.4749521 0.8800116 0 0.4749521 0.8800939 0 0.4747998 0.8800939 0 0.4747998 0.8800939 0 0.4747998 0.7939389 0 0.6079976 0.7939389 0 0.6079977 0.7939389 0 0.6079977 0.7940265 0 0.6078832 0.7940266 0 0.6078832 0.7940266 0 0.6078832 0.6879925 0 0.7257179 0.6879925 0 0.7257179 0.6879925 0 0.7257179 0.6879718 0 0.7257375 0.6879718 0 0.7257375 0.6879718 0 0.7257375 0.5646757 0 0.825313 0.5646757 0 0.825313 0.5646757 0 0.825313 0.5647547 0 0.8252589 0.5647547 0 0.8252589 0.5647547 0 0.8252589 0.4274051 0 0.9040603 0.4274051 0 0.9040603 0.4274051 0 0.9040603 0.4274051 0 0.9040603 0.4274051 0 0.9040603 0.4274051 0 0.9040603 0.2788887 0 0.9603235 0.2793489 0 0.9601897 0.2793489 0 0.9601897 0.2793489 0 0.9601897 0.1237316 0 0.9923157 0.1237316 0 0.9923157 -0.03408163 0 0.999419 -0.03408163 0 0.9994191 0 -1 -1.65967e-7 0 -1 1.32808e-7 0 -1 0 0 -1 0 0 -1 0 0 -1 0 0 -1 0 0 -1 0 0 -1 0 0 -1 6.91975e-7 0 -1 -8.46631e-7 0 -1 1.1583e-6 0 -1 -2.1217e-7 0 -1 -1.64314e-7 0 -1 0 0 -1 1.82817e-7 0 -1 0 0 -1 0 0 -1 6.20828e-7 0 -1 -7.81439e-7 0 -1 4.43624e-7 0 -1 3.94336e-7 0 -1 -2.97565e-7 0 -1 2.02156e-7 0 -1 -7.75757e-7 0 -1 1.55376e-6 0 -1 -7.1366e-7 0 -1 6.48323e-7 0 -1 -5.95008e-7 0 -1 5.50709e-7 0 -1 -9.84228e-7 0 -1 1.57965e-6 0 -1 0 0 -1 -1.24349e-7 0 -1 4.52097e-7 0 -1 -2.55627e-7 0.9988937 0 -0.04702454 0.9988937 0 -0.04702454 0.9996764 0 0.02543908 0.9996764 0 0.02543908 -0.9992322 0 0.03917896 -0.9992322 0 0.0391792 -0.9989833 0 0.04508131 -0.9989833 0 0.04508119 -0.9975708 0 0.0696597 -0.9975708 0 0.06965982 -0.9957866 0 0.09170168 -0.9957866 0 0.09170186 -0.9947959 0 0.1018877 -0.994796 0 0.1018877 -0.9960187 0 0.0891447 -0.9960187 0 0.08914464 -0.9980533 0 0.06236654 -0.9980533 0 0.06236654 -0.9995335 0 0.03054243 -0.9995335 0 0.03054243 -0.9999654 0 -0.008321166 -0.9999654 0 -0.008321166 0.2730731 0 -0.9619933 0.2730721 0 -0.9619936 0.9999423 0 0.01074242 0.9999423 0 0.01074242 0.9998589 0 -0.0168038 0.9998589 0 -0.0168038 0.9998589 0 -0.0168038 0.9998645 0 -0.0164684 0.9825428 0 -0.186037 0.9825428 0 -0.186037 0.9825428 0 -0.186037 0.9825428 0 -0.186037 0.9825428 -1.82683e-7 -0.186037 0.9825428 0 -0.186037 0.9367836 0 -0.3499093 0.9367836 0 -0.3499093 0.9367836 0 -0.3499093 0.9367847 0 -0.3499064 0.9367847 0 -0.3499064 0.9367847 0 -0.3499064 0.8639935 0 -0.503503 0.8639935 0 -0.503503 0.8639935 0 -0.503503 0.8639211 0 -0.5036273 0.8639211 0 -0.5036273 0.8639211 0 -0.5036273 0.6459451 0 -0.7633838 0.6459398 0 -0.7633885 0.1926158 0 -0.9812743 0.1926203 0 -0.9812734 0.02863585 0 -0.99959 0.02863585 0 -0.99959 0.02863585 0 -0.99959 -0.1362473 0 -0.9906749 -0.1362473 0 -0.9906749 -0.1362473 0 -0.9906749 -0.1362473 0 -0.9906749 -0.1362473 0 -0.9906749 -0.1362473 0 -0.9906749 -0.449936 0 -0.8930609 -0.449936 0 -0.8930609 -0.449936 0 -0.8930609 -0.4500644 0 -0.8929961 -0.4500644 -1.92742e-7 -0.8929961 -0.4500644 0 -0.8929961 -0.7154089 0 -0.6987061 -0.7154089 0 -0.6987061 -0.7154089 0 -0.6987061 -0.7153419 0 -0.6987748 -0.7153419 0 -0.6987748 -0.7153419 0 -0.6987748 -0.8204979 0 -0.5716495 -0.820498 0 -0.5716496 -0.8204979 0 -0.5716495 -0.8206059 0 -0.5714945 -0.8206059 0 -0.5714945 -0.8206059 0 -0.5714945 -0.9032186 0 -0.4291809 -0.9032177 0 -0.4291827 -0.9615613 0 -0.2745905 -0.9615613 0 -0.2745905 -0.9615613 0 -0.2745905 -0.9615884 0 -0.2744958 -0.9615884 0 -0.2744959 -0.9615884 0 -0.2744959 -0.9936147 0 -0.1128273 -0.9936146 0 -0.1128284 -0.9493187 0 0.3143153 -0.9493227 0 0.3143036 -0.8889738 0 0.4579581 -0.8889822 0 0.4579419 -0.8070055 0 0.590544 -0.8070194 0 0.5905251 -0.705182 0 0.7090264 -0.705182 0 0.7090264 -0.705182 0 0.7090264 -0.705196 0 0.7090125 -0.705196 0 0.7090125 -0.705196 0 0.7090125 -0.5859586 0 0.810341 -0.5865284 0 0.8099287 -0.5865284 0 0.8099288 -0.5865284 0 0.8099288 -0.4533511 0 0.891332 -0.4533511 0 0.8913321 -0.4533511 0 0.891332 -0.4535332 0 0.8912394 -0.4535332 0 0.8912395 -0.4535332 0 0.8912394 -0.3089427 0 0.9510807 -0.3093626 0 0.9509442 -0.3093626 0 0.9509443 -0.3093626 0 0.9509443 -0.03441697 0 0.9994077 -0.03441697 0 0.9994077 -0.03441697 0 0.9994077 0.2793489 0 0.9601897 0.2793489 -8.9165e-7 0.9601897 0.2793489 0 0.9601897 0.5646757 0 0.825313 0.5646757 0 0.825313 0.5646757 0 0.825313 0.5647547 0 0.8252589 0.5647547 0 0.8252589 0.5647547 0 0.8252589 0.6880415 0 0.7256715 0.6880414 0 0.7256715 0.6880415 0 0.7256715 0.6879924 0 0.7257179 0.6879925 0 0.7257179 0.6879924 0 0.7257179 0.7939974 0 0.6079212 0.7939974 0 0.6079212 0.7939974 0 0.6079212 0.793968 0 0.6079597 0.793968 0 0.6079597 0.793968 0 0.6079596 0.8800939 0 0.4747998 0.8800939 0 0.4747998 0.8800939 0 0.4747998 0.8800799 0 0.4748256 0.8800799 -4.08443e-7 0.4748256 0.8800799 0 0.4748256 0.9842705 0 0.176668 0.9842718 0 0.1766612 0 1 6.20828e-7 0 1 0 0 1 0 0 1 0 0 1 0 0 1 0 0 1 0 0 1 0 0 1 0 0 1 0 0 1 -3.72063e-7 0 1 1.82817e-7 0 1 -1.65967e-7 0 1 -1.7848e-7 0 1 0 0 1 0 0 1 7.32071e-7 0 1 -9.84228e-7 0 1 0 0 1 -2.55627e-7 0 1 3.39073e-7 0 1 -7.81439e-7 0 1 -4.23931e-7 0 1 -3.18428e-7 0 1 0 0 1 1.61132e-7 0 1 9.7264e-7 0 1 -9.52219e-7 0 1 7.34177e-7 0 1 2.58727e-7 0 1 4.59571e-6 0 1 -7.63629e-7 0.2730732 0 -0.9619933 0.2730721 0 -0.9619936 -0.9995335 0 0.03054243 -0.9995335 0 0.03054243 -0.9960187 0 0.08914464 -0.9960187 0 0.0891447 -0.994796 0 0.1018877 -0.9947959 0 0.1018877 -0.9957866 0 0.09170186 -0.9957866 0 0.09170174 -0.9975708 0 0.06965982 -0.9975708 0 0.0696597 -0.9989833 0 0.04508119 -0.9989833 0 0.04508131 -0.9992322 0 0.0391792 -0.9992322 0 0.03917896 0.9988937 0 -0.04702454 0.9988937 0 -0.04702454 0.9999423 0 0.01074242 0.9999423 0 0.01074242 0.1881667 0 -0.9821372 0.1881667 0 -0.9821371 0.01460272 0 -0.9998934 0.01460272 -1.33849e-7 -0.9998934 0.01460272 0 -0.9998934 0.01465064 0 -0.9998927 0.01465064 0 -0.9998927 0.01465064 0 -0.9998927 -0.1593077 0 -0.987229 -0.1593077 0 -0.987229 -0.1593077 0 -0.987229 -0.1591658 0 -0.9872519 -0.1591658 0 -0.9872519 -0.1591658 0 -0.9872519 -0.3284299 0 -0.9445284 -0.3284299 0 -0.9445284 -0.3284299 0 -0.9445284 -0.3283545 0 -0.9445547 -0.3283545 0 -0.9445547 -0.3283545 0 -0.9445547 -0.4872732 0 -0.8732496 -0.4872733 0 -0.8732497 -0.4872732 0 -0.8732496 -0.4872735 0 -0.8732495 -0.4872734 0 -0.8732495 -0.4872734 0 -0.8732495 -0.6313636 0 -0.775487 -0.6313636 0 -0.775487 -0.6313636 0 -0.775487 -0.6313738 0 -0.7754786 -0.6313738 0 -0.7754786 -0.6313738 0 -0.7754786 -0.7565816 0 -0.6538994 -0.7565816 0 -0.6538993 -0.7565816 -1.20007e-7 -0.6538994 -0.7566167 -1.61206e-7 -0.6538587 -0.7566167 0 -0.6538587 -0.7566167 0 -0.6538587 -0.8586568 0 -0.5125511 -0.8586568 0 -0.5125511 -0.8586568 0 -0.5125511 -0.8586346 0 -0.5125883 -0.8586345 0 -0.5125883 -0.8586345 0 -0.5125883 -0.9346445 0 -0.3555836 -0.9346446 0 -0.3555836 -0.9346445 0 -0.3555836 -0.9345754 0 -0.3557655 -0.9345754 0 -0.3557655 -0.9345754 0 -0.3557655 -0.9821374 0 -0.1881654 -0.9822002 0 -0.1878373 -0.9822002 -2.49487e-7 -0.1878373 -0.9822002 0 -0.1878373 -0.9998954 0 -0.01446294 -0.9998954 0 -0.01446294 -0.9998954 0 -0.01446294 -0.9998954 0 -0.01446294 -0.9998954 0 -0.01446294 -0.9998954 0 -0.01446294 -0.9872778 0 0.1590052 -0.9872778 0 0.1590052 -0.9872778 0 0.1590052 -0.9872626 0 0.1590998 -0.9872626 0 0.1590998 -0.9872626 0 0.1590998 -0.9445552 0 0.3283526 -0.9445552 0 0.3283526 -0.9445552 0 0.3283526 -0.9447135 0 0.3278969 -0.8731856 0 0.4873878 -0.8731857 0 0.4873878 -0.8731856 0 0.4873878 -0.8731819 0 0.4873946 -0.8731819 0 0.4873946 -0.8731819 0 0.4873946 -0.7753908 0 0.6314817 -0.7753909 0 0.6314817 -0.7753908 0 0.6314817 -0.7753305 0 0.6315559 -0.7753305 0 0.6315558 -0.7753305 0 0.6315558 -0.6539036 0 0.756578 -0.6539035 0 0.756578 -0.6539036 8.11353e-7 0.756578 -0.653899 -1.6448e-7 0.7565819 -0.653899 0 0.7565819 -0.653899 0 0.7565819 -0.5125825 0 0.8586381 -0.5125825 0 0.8586381 -0.5125825 0 0.8586381 -0.5126301 0 0.8586097 -0.5126301 0 0.8586096 -0.5126301 0 0.8586096 -0.3558992 0 0.9345244 -0.3558993 0 0.9345243 -0.2729551 0 0.9620268 -0.2729551 0 0.9620268 -0.2729551 0 0.9620268 -0.2730014 0 0.9620137 -0.2730014 0 0.9620137 -0.2730013 0 0.9620137 0.1881665 0 -0.9821372 0.01457017 0 -0.9998939 0.01457017 0 -0.9998939 0.01457017 0 -0.9998939 0.01490736 0 -0.9998889 -0.1592258 0 -0.9872422 -0.1592258 0 -0.9872422 -0.1592258 0 -0.9872422 -0.1592258 0 -0.9872422 -0.1592258 0 -0.9872422 -0.1592258 0 -0.9872422 -0.3284419 0 -0.9445242 -0.3284419 0 -0.9445242 -0.3284419 0 -0.9445242 -0.3284419 0 -0.9445242 -0.3284419 0 -0.9445242 -0.3284419 0 -0.9445242 -0.4875896 0 -0.873073 -0.6316729 0 -0.7752352 -0.6314132 0 -0.7754466 -0.6314132 0 -0.7754467 -0.6314132 0 -0.7754467 -0.7568231 0 -0.6536198 -0.8586979 0 -0.5124822 -0.8586978 0 -0.5124822 -0.8586979 0 -0.5124822 -0.8586488 0 -0.5125644 -0.8586488 0 -0.5125644 -0.8586488 0 -0.5125644 -0.9345242 0 -0.3558999 -0.9822002 0 -0.1878372 -0.9822002 0 -0.1878372 -0.9822002 0 -0.1878372 -0.9822002 0 -0.1878372 -0.9822002 -2.61488e-7 -0.1878372 -0.9822002 0 -0.1878372 -0.9998939 0 -0.01457089 -0.9998939 0 -0.01457089 -0.9998939 0 -0.01457089 -0.9998939 0 -0.01457089 -0.9998939 0 -0.01457089 -0.9998939 0 -0.01457089 -0.9872422 0 0.1592258 -0.9872422 0 0.1592258 -0.9872422 0 0.1592258 -0.9872422 0 0.1592258 -0.9872422 0 0.1592258 -0.9872422 0 0.1592258 -0.944603 0 0.3282154 -0.9446029 0 0.3282154 -0.944603 0 0.3282154 -0.9445558 0 0.3283512 -0.9445558 0 0.3283512 -0.9445558 0 0.3283512 -0.8730729 0 0.4875897 -0.7752352 0 0.6316727 -0.7754466 0 0.6314132 -0.7754467 0 0.6314132 -0.7754467 0 0.6314132 -0.6538738 0 0.7566038 -0.6538738 0 0.7566038 -0.6538738 0 0.7566038 -0.6538738 0 0.7566038 -0.6538738 0 0.7566038 -0.6538738 0 0.7566038 -0.5125651 0 0.8586484 -0.5125651 0 0.8586484 -0.5125651 0 0.8586484 -0.5125639 0 0.8586491 -0.5125639 0 0.8586491 -0.5125639 0 0.8586491 -0.3559 0 0.9345241 0.01465064 0 -0.9998927 0.01465064 -1.29527e-7 -0.9998927 0.01465064 0 -0.9998927 0.01460272 0 -0.9998934 0.01460272 0 -0.9998934 0.01460272 0 -0.9998934 -0.1592605 0 -0.9872367 -0.1592605 0 -0.9872366 -0.1592605 0 -0.9872367 -0.159213 0 -0.9872443 -0.159213 0 -0.9872443 -0.159213 0 -0.9872443 -0.3283396 0 -0.9445598 -0.3283396 0 -0.9445598 -0.3283396 0 -0.9445598 -0.3282185 0 -0.9446019 -0.3282185 0 -0.9446019 -0.3282185 0 -0.9446019 -0.4872734 0 -0.8732495 -0.4872735 0 -0.8732495 -0.4872734 0 -0.8732495 -0.4872733 0 -0.8732497 -0.4872732 0 -0.8732496 -0.4872732 0 -0.8732496 -0.6311036 0 -0.7756987 -0.6314853 0 -0.7753879 -0.6314853 0 -0.7753879 -0.6314853 0 -0.7753879 -0.7565818 0 -0.6538991 -0.7565819 0 -0.653899 -0.7565818 -1.20007e-7 -0.6538991 -0.7566165 -1.61192e-7 -0.653859 -0.7566165 0 -0.653859 -0.7566165 0 -0.653859 -0.858657 0 -0.5125508 -0.858657 0 -0.5125508 -0.858657 0 -0.5125508 -0.8586099 0 -0.5126298 -0.8586098 0 -0.5126298 -0.8586098 0 -0.5126298 -0.9346445 0 -0.3555835 -0.9346446 0 -0.3555835 -0.9346445 0 -0.3555835 -0.9346094 0 -0.3556759 -0.9346094 0 -0.3556759 -0.9346094 0 -0.3556759 -0.9821374 0 -0.1881653 -0.9822002 0 -0.1878374 -0.9822002 -1.5076e-7 -0.1878374 -0.9822002 0 -0.1878374 -0.9872626 0 0.1590998 -0.9872626 0 0.1590998 -0.9872626 0 0.1590998 -0.9872778 0 0.1590052 -0.9872778 0 0.1590052 -0.9872778 0 0.1590052 -0.9444923 0 0.3285335 -0.9444923 0 0.3285335 -0.9444923 0 0.3285335 -0.9447135 0 0.3278971 -0.8731391 0 0.4874712 -0.873139 0 0.4874712 -0.8731391 0 0.4874712 -0.8731817 0 0.4873949 -0.8731817 0 0.4873949 -0.8731817 0 0.4873949 -0.7753305 0 0.6315558 -0.7753305 0 0.6315559 -0.7753305 0 0.6315558 -0.7753908 0 0.6314817 -0.7753908 0 0.6314817 -0.7753908 0 0.6314817 -0.6538676 0 0.7566091 -0.6538676 0 0.7566091 -0.6538676 0 0.7566091 -0.6538987 -1.6448e-7 0.7565821 -0.6538988 0 0.756582 -0.6538988 0 0.756582 -0.5125827 0 0.8586379 -0.5125827 0 0.8586379 -0.5125827 0 0.8586379 -0.5126298 0 0.8586098 -0.5126299 0 0.8586097 -0.5126299 0 0.8586097 -0.2730014 0 0.9620137 -0.2730013 0 0.9620137 -0.2730014 0 0.9620137 -0.2729551 0 0.9620268 -0.2729551 0 0.9620268 -0.2729551 -6.11245e-7 0.9620268 0 1 -1.90536e-6 0 1 1.60819e-7 0 1 -2.47032e-7 0 1 -2.12403e-6 0 1 1.47866e-6 0 1 -2.33552e-7 0 1 -1.14463e-6 0 1 1.20245e-6 0 1 5.04142e-7 0 1 -5.76102e-7 0 1 0 0 1 -2.66271e-6 0 1 9.28909e-7 0 1 -2.50888e-7 0 1 -1.22442e-6 0 1 8.75164e-7 0 1 6.97114e-7 0 1 1.33888e-6 0 1 1.46666e-6 0 1 -1.38008e-6 0 1 -2.01395e-6 0 1 2.17132e-7 0 1 2.13947e-7 0 1 -1.25745e-6 0 1 2.10666e-7 0 1 -6.47976e-7 0 1 -3.52324e-7 0 1 3.42201e-6 0 1 0 0 1 -1.18873e-6 0 1 2.78298e-6 0 1 -6.25429e-7 0 1 3.80626e-6 0 1 2.18906e-6 0 1 -9.13926e-7 0 1 4.47829e-7 0 1 -1.60777e-7 0 1 3.16847e-7 0 1 0 0 1 2.14876e-7 0 1 -1.19596e-6 0 1 -1.21354e-7 0 1 4.40979e-7 0 1 -3.25648e-7 0 1 4.61152e-7 0 1 -2.46668e-7 0 1 1.47579e-7 0 1 -2.12445e-6 0 1 1.23999e-6 0 1 -1.55546e-7 0 1 7.75781e-7 0 1 3.71179e-7 0 1 -1.65614e-6 0 1 0 0 1 1.3879e-7 0 1 -1.97184e-7 0 1 -1.80677e-7 0 1 7.84096e-7 0 1 1.84529e-7 0 1 0 0 1 -1.58885e-7 0 1 0 0 1 0 0 1 0 0 1 -1.26567e-7 0 1 0 0 1 5.04839e-7 0 1 -1.24483e-7 0 1 -1.51636e-7 0 1 9.31398e-7 0 1 0 0 1 0 0 1 1.21086e-7 0 1 4.19702e-7 0 1 -1.67798e-7 0 1 -1.14665e-6 0 1 1.7239e-7 0 1 1.34574e-6 0 1 0 0 1 -1.71368e-7 0 1 3.95171e-6 0 1 -1.73336e-7 0 1 0 0 1 0 0 1 1.87748e-6 0 1 -1.05338e-6 0 1 0 0 1 0 0 1 2.15325e-7 0 1 0 0 1 0 0 1 0 0 1 0 0 1 0 0 1 0 0 1 0 0 1 1.05554e-6 0 -1 -4.44829e-7 0 -1 -1.24998e-6 0 -1 -1.08907e-6 0 -1 0 0 -1 1.94567e-6 0 -1 -3.20047e-7 0 -1 -6.47976e-7 0 -1 8.74633e-7 0 -1 -9.70244e-7 0 -1 1.14593e-6 0 -1 -9.09246e-7 0 -1 1.86418e-6 0 -1 -3.23712e-6 0 -1 1.91575e-6 0 -1 -1.74657e-6 0 -1 -6.25429e-7 0 -1 1.50544e-6 0 -1 2.78298e-6 0 -1 -1.05159e-6 0 -1 3.42201e-6 0 -1 -1.38744e-6 0 -1 0 0 -1 2.13947e-7 0 -1 2.17132e-7 0 -1 -5.52639e-7 0 -1 0 0 -1 -5.80244e-7 0 -1 2.79476e-6 0 -1 -4.47811e-7 0 -1 2.43163e-7 0 -1 -2.11505e-7 0 -1 -2.73983e-6 0 -1 3.29782e-7 0 -1 -4.05753e-6 0 -1 1.33888e-6 0 -1 2.31742e-6 0 -1 -7.9693e-7 0 -1 1.74188e-6 0 -1 6.85643e-7 0 -1 -2.63704e-7 0 -1 4.03872e-7 0 -1 0 0 -1 0 0 -1 -1.58885e-7 0 -1 0 0 -1 -1.36848e-7 0 -1 0 0 -1 0 0 -1 0 0 -1 0 0 -1 -2.53134e-7 0 -1 0 0 -1 -3.09913e-7 0 -1 0 0 -1 0 0 -1 3.08287e-6 0 -1 -8.80333e-7 0 -1 2.08377e-7 0 -1 -1.00964e-6 0 -1 0 0 -1 1.05554e-6 0 -1 -1.36265e-7 0 -1 0 0 -1 0 0 -1 0 0 -1 0 0 -1 0 0 -1 0 0 -1 0 0 -1 0 0 -1 0 0 -1 -2.05585e-7 0 -1 0 0 -1 0 0 -1 -1.21506e-7 0 -1 0 0 -1 0 0 -1 0 0 -1 0 0 -1 0 0 -1 -2.78564e-7 0 -1 -2.77312e-7 0 -1 7.89869e-7 0 -1 1.20245e-6 0 -1 -2.34359e-7 0 -1 -1.05016e-6 0 -1 1.47866e-6 0 -1 -2.12403e-6 0 -1 8.75164e-7 0 -1 -1.22442e-6 0 -1 9.99123e-7 0 -1 -2.64998e-7 0 -1 1.39395e-6 0 -1 -1.80677e-7 0 -1 1.7239e-7 0 -1 -1.14665e-6 0 -1 0 0 -1 -1.67798e-7 -0.9908885 0 0.134685 -0.9908885 0 0.134685 0 -1 0 0 -1 6.29422e-7 0 -1 0 0 -1 -6.35366e-7 0 -1 0 0 -1 0 0 -1 3.47198e-7 0 -1 -3.18681e-6 0 -1 5.60399e-7 0 -1 -1.22274e-6 0 -1 4.58514e-7 0 -1 -3.39215e-7 0 -1 -7.46232e-7 0 -1 -1.623e-7 0 -1 -1.59736e-7 0 -1 2.11641e-7 0 -1 2.79452e-6 0 -1 -8.98007e-7 0 -1 2.726e-6 0 -1 -1.0486e-6 0 -1 3.40967e-7 0 -1 4.45058e-7 0 -1 0 0 -1 0 0 -1 -2.88081e-6 0 -1 0 0 -1 -1.53491e-6 0 -1 2.48969e-6 0 -1 1.27084e-6 0 -1 -2.17146e-6 0 -1 -7.54865e-7 0 -1 5.41334e-7 0 -1 -1.08865e-6 0 -1 2.56977e-6 0 -1 2.10573e-6 0 -1 -1.54345e-6 0 -1 0 0 -1 0 0 1 0 0 1 0 0 1 3.14908e-7 0 1 0 0 1 3.45661e-7 0 1 5.60399e-7 0 1 -1.6432e-6 0 1 -4.38416e-7 0 1 -2.13947e-7 0 1 0 0 1 1.25745e-6 0 1 0 0 1 2.56977e-6 0 1 -3.95963e-7 0 1 5.41334e-7 0 1 -7.54865e-7 0 1 3.47198e-7 0 1 0 0 1 -2.14741e-6 0 1 2.69796e-6 0 1 -2.17146e-6 0 1 2.25928e-6 0 1 1.4588e-6 0 1 0 0 1 1.11591e-6 0 1 0 0 1 0 0 1 0 0 1 6.43108e-7 0 1 3.42722e-7 0 1 -1.34712e-6 0 1 3.50948e-7 0 1 -1.38409e-6 0 1 0 0 1 -1.53491e-6 -0.2728978 0 0.9620431 -0.2728977 0 0.9620432 -0.1881666 0 0.9821372 -0.1881746 0 0.9821356 -0.01452487 0 0.9998946 -0.01452487 0 0.9998946 -0.01452487 0 0.9998946 -0.01462072 0 0.9998931 -0.01462072 0 0.9998931 -0.01462072 0 0.9998931 0.1591044 0 0.9872618 0.1591044 0 0.9872618 0.1591044 0 0.9872618 0.1590015 0 0.9872784 0.1590015 0 0.9872784 0.1590015 0 0.9872784 0.3278939 0 0.9447146 0.328452 0 0.9445207 0.328452 0 0.9445207 0.328452 0 0.9445207 0.4873631 0 0.8731995 0.4873631 0 0.8731995 0.4873631 0 0.8731995 0.4873565 0 0.8732032 0.4873565 0 0.8732032 0.4873565 0 0.8732032 0.6313738 0 0.7754786 0.6313738 0 0.7754786 0.6313738 0 0.7754786 0.6314853 0 0.7753879 0.6314853 0 0.7753879 0.6314853 0 0.7753879 0.7566224 0 0.6538522 0.7566224 0 0.6538522 0.7566224 0 0.6538521 0.7565632 0 0.6539206 0.7565632 0 0.6539206 0.7565632 0 0.6539206 0.858603 0 0.5126412 0.858603 0 0.5126412 0.858603 0 0.5126412 0.8585985 0 0.5126487 0.8585985 0 0.5126487 0.8585985 0 0.5126487 0.9345249 0 0.3558979 0.9345239 0 0.3559007 0.9821373 0 0.1881664 0.982137 0 0.1881679 0.9998926 0 0.01466244 0.9998926 0 0.01466244 0.9998926 0 0.01466244 0.9998926 0 0.01466244 0.9998926 0 0.01466244 0.9998926 0 0.01466244 0.9872449 0 -0.1592094 0.9872449 0 -0.1592094 0.9872449 0 -0.1592094 0.9872452 0 -0.1592081 0.9872452 0 -0.1592081 0.9872452 0 -0.1592081 0.9446035 0 -0.3282139 0.9446035 0 -0.3282139 0.9446035 0 -0.3282139 0.9447125 0 -0.3278998 0.8732879 0 -0.4872048 0.8732898 0 -0.4872013 0.7753943 0 -0.6314774 0.7753943 0 -0.6314774 0.7753943 0 -0.6314774 0.7753875 0 -0.6314858 0.7753875 0 -0.6314858 0.7753875 0 -0.6314858 0.6539816 0 -0.7565105 0.6539816 0 -0.7565105 0.6539816 0 -0.7565105 0.6539814 0 -0.7565107 0.6539814 0 -0.7565107 0.6539814 0 -0.7565107 0.512708 0 -0.8585631 0.512708 0 -0.8585631 0.512708 0 -0.8585631 0.5125432 0 -0.8586614 0.5125432 0 -0.8586614 0.5125432 0 -0.8586614 0.355585 0 -0.934644 0.355585 0 -0.9346439 0.355585 0 -0.934644 0.3556745 0 -0.93461 0.3556745 0 -0.93461 0.3556745 0 -0.93461 -0.1881665 0 0.9821372 -0.01457017 0 0.9998939 -0.01457017 0 0.9998939 -0.01457017 0 0.9998939 -0.01490736 0 0.9998889 0.1592258 0 0.9872422 0.1592258 0 0.9872422 0.1592258 0 0.9872422 0.1592258 0 0.9872422 0.1592258 0 0.9872422 0.1592258 0 0.9872422 0.3284419 0 0.9445242 0.3284419 0 0.9445242 0.3284419 0 0.9445242 0.3284419 0 0.9445242 0.3284419 0 0.9445242 0.3284419 0 0.9445242 0.4875896 0 0.873073 0.6316729 0 0.7752352 0.6314132 0 0.7754466 0.6314132 0 0.7754467 0.6314132 0 0.7754467 0.7568231 0 0.6536198 0.8586979 0 0.5124822 0.8586978 0 0.5124822 0.8586979 0 0.5124822 0.8586488 0 0.5125644 0.8586488 0 0.5125644 0.8586488 0 0.5125644 0.9345242 0 0.3558999 0.9822002 0 0.1878372 0.9822002 0 0.1878372 0.9822002 0 0.1878372 0.9822002 0 0.1878372 0.9822002 -2.61488e-7 0.1878372 0.9822002 0 0.1878372 0.9998939 0 0.01457089 0.9998939 0 0.01457089 0.9998939 0 0.01457089 0.9998939 0 0.01457089 0.9998939 0 0.01457089 0.9998939 0 0.01457089 0.9872422 0 -0.1592258 0.9872422 0 -0.1592258 0.9872422 0 -0.1592258 0.9872422 0 -0.1592258 0.9872422 0 -0.1592258 0.9872422 0 -0.1592258 0.944603 0 -0.3282154 0.9446029 0 -0.3282154 0.944603 0 -0.3282154 0.9445558 0 -0.3283512 0.9445558 0 -0.3283512 0.9445558 0 -0.3283512 0.8730729 0 -0.4875897 0.7752352 0 -0.6316727 0.7754466 0 -0.6314132 0.7754467 0 -0.6314132 0.7754467 0 -0.6314132 0.6538738 0 -0.7566038 0.6538738 0 -0.7566038 0.6538738 0 -0.7566038 0.6538738 0 -0.7566038 0.6538738 0 -0.7566038 0.6538738 0 -0.7566038 0.5125651 0 -0.8586484 0.5125651 0 -0.8586484 0.5125651 0 -0.8586484 0.5125639 0 -0.8586491 0.5125639 0 -0.8586491 0.5125639 0 -0.8586491 0.3559 0 -0.9345241 -0.187837 0 0.9822003 -0.187837 0 0.9822003 -0.187837 0 0.9822003 -0.1881747 0 0.9821356 -0.01462072 0 0.9998931 -0.01462072 0 0.9998931 -0.01462072 0 0.9998931 -0.01452487 0 0.9998946 -0.01452487 0 0.9998946 -0.01452487 0 0.9998946 0.1592936 0 0.9872313 0.1592936 0 0.9872313 0.1592936 0 0.9872313 0.1591909 0 0.9872479 0.1591909 0 0.9872479 0.1591909 0 0.9872479 0.3278937 0 0.9447147 0.3283616 0 0.9445521 0.3283616 0 0.9445521 0.3283616 0 0.9445521 0.487321 0 0.873223 0.487321 0 0.873223 0.487321 0 0.873223 0.4873567 0 0.873203 0.4873567 0 0.873203 0.4873567 0 0.873203 0.6314853 0 0.7753879 0.6314852 0 0.7753879 0.6314853 0 0.7753879 0.6313738 0 0.7754786 0.6313738 0 0.7754786 0.6313738 0 0.7754786 0.7565596 0 0.6539247 0.7565596 0 0.6539247 0.7565596 0 0.6539247 0.7565633 0 0.6539205 0.7565633 0 0.6539205 0.7565633 0 0.6539205 0.8586274 0 0.5126002 0.8586274 0 0.5126002 0.8586274 0 0.5126002 0.8585986 0 0.5126485 0.8585986 0 0.5126485 0.8585986 0 0.5126485 0.9345249 0 0.355898 0.9345239 0 0.3559007 0.9998926 0 0.01466244 0.9998926 0 0.01466244 0.9998926 0 0.01466244 0.9998926 0 0.01466244 0.9998926 0 0.01466244 0.9998926 0 0.01466244 0.9872372 0 -0.1592568 0.9872372 0 -0.1592568 0.9872372 0 -0.1592568 0.9872452 0 -0.1592081 0.9872452 0 -0.1592081 0.9872452 0 -0.1592081 0.9445562 0 -0.32835 0.9445562 0 -0.32835 0.9445562 0 -0.32835 0.9445554 0 -0.3283523 0.9445554 -3.11379e-7 -0.3283523 0.9445554 0 -0.3283523 0.8732878 0 -0.4872049 0.8732898 0 -0.4872012 0.7753942 0 -0.6314776 0.7753942 0 -0.6314776 0.7753942 0 -0.6314776 0.7753877 0 -0.6314857 0.7753877 0 -0.6314857 0.7753877 0 -0.6314857 0.6539814 0 -0.7565107 0.6539813 0 -0.7565107 0.6539814 0 -0.7565107 0.6539816 0 -0.7565105 0.6539816 0 -0.7565105 0.6539816 0 -0.7565105 0.5125432 0 -0.8586614 0.5125432 0 -0.8586614 0.5125432 0 -0.8586614 0.512708 0 -0.8585631 0.512708 0 -0.8585631 0.512708 0 -0.8585631 0.3556745 0 -0.93461 0.3556745 0 -0.93461 0.3556745 0 -0.93461 0.355585 0 -0.9346439 0.355585 0 -0.934644 0.355585 0 -0.934644 -0.344806 0 0.938674 -0.3443923 0 0.9388259 -0.3443923 0 0.9388259 -0.3443923 0 0.9388259 -0.481121 0 0.8766542 -0.481121 0 0.8766543 -0.481121 0 0.8766542 -0.4811733 0 0.8766255 -0.4811733 3.30474e-7 0.8766255 -0.4811733 0 0.8766255 -0.6071094 0 0.7946183 -0.6071095 0 0.7946183 -0.6071095 0 0.7946183 -0.6071596 0 0.79458 -0.6071596 0 0.79458 -0.6071596 0 0.79458 -0.7193292 0 0.6946694 -0.7193292 0 0.6946694 -0.7193292 0 0.6946694 -0.7193092 0 0.6946901 -0.7193092 0 0.6946901 -0.7193092 0 0.6946901 -0.8150825 0 0.579345 -0.8153463 0 0.5789737 -0.8153463 2.308e-7 0.5789737 -0.8153463 0 0.5789737 -0.8928382 0 0.4503777 -0.8928382 0 0.4503777 -0.8928382 0 0.4503777 -0.8928382 0 0.4503777 -0.8928382 0 0.4503777 -0.8928382 0 0.4503777 -0.9502701 0 0.3114268 -0.9502621 0 0.3114513 0.9922742 0 0.1240639 0.9922744 0 0.1240633 0.999828 0 0.01855039 0.9998281 0 0.01855027 -0.9953466 0.003014743 0.09631359 -0.9953465 0.0030151 0.09631365 0 1 -1.55316e-6 0 1 -7.01155e-7 0 1 -1.75966e-7 0 1 5.10874e-6 0 1 -4.18766e-6 0 1 0 0 1 7.05954e-7 0 1 -1.53385e-6 0 1 2.0779e-6 0 1 1.53504e-6 0 1 0 0 1 0 0 1 8.61029e-7 0 1 0 0 1 5.7396e-7 0 1 -6.0393e-7 0 1 0 0 1 2.24585e-6 0 1 -3.7124e-7 0 1 0 0 1 4.72026e-7 0 1 1.28272e-6 0 1 -2.42101e-6 0 1 1.40342e-6 0 1 0 0 1 0 0 1 -1.20078e-7 0 1 -4.43293e-7 0 1 6.46239e-6 0 1 4.75513e-7 0 1 1.56115e-6 0 1 -2.77084e-7 0 1 2.37111e-7 0 1 0 0 1 0 0 1 5.14725e-7 0 1 0 0 1 1.87558e-7 0 1 1.80373e-7 0 1 4.59108e-7 0 1 -5.05854e-7 0 1 4.43296e-7 0 1 2.7704e-7 0 1 -1.75071e-7 0 1 -1.45928e-6 0 1 -5.27007e-7 0 1 8.81963e-7 0 1 -2.01562e-6 0 1 1.18639e-6 0 1 0 0 1 0 0 1 1.49162e-6 0 1 -2.1759e-6 0 1 1.3549e-7 0 1 -1.21857e-6 0 1 -2.19696e-6 0 1 1.98678e-6 0 1 -1.17414e-6 0 1 -1.16409e-6 0 1 1.0433e-6 0.9953511 0 -0.09631401 0.9953511 0 -0.09631413 0 -1 1.7103e-6 0 -1 4.72026e-7 0 -1 -5.59831e-7 0 -1 -8.69613e-7 0 -1 -7.64514e-7 0 -1 7.27577e-7 0 -1 1.38457e-7 0 -1 -5.40079e-7 0 -1 -4.18766e-6 0 -1 3.79033e-6 0 -1 2.37111e-7 0 -1 -8.91389e-7 0 -1 1.0433e-6 0 -1 -1.77385e-6 0 -1 -6.61689e-7 0 -1 -1.17414e-6 0 -1 -1.45928e-6 0 -1 4.45986e-7 0 -1 1.66331e-6 0 -1 -2.42101e-6 0 -1 6.11474e-7 0 -1 -1.82933e-6 0 -1 2.18513e-7 0 -1 9.09623e-7 0 -1 -7.73349e-7 0 -1 3.42084e-7 0 -1 4.74916e-7 0 -1 -2.65272e-7 0 -1 6.46239e-6 0 -1 -2.22319e-6 0 -1 1.39068e-7 0 -1 0 0 -1 0 0 -1 -8.88136e-7 0 -1 0 0 -1 0 0 -1 -1.38542e-7 0 -1 0 0 -1 -2.7307e-6 0 -1 1.46097e-6 0 -1 1.98678e-6 0 -1 7.49101e-7 0 -1 -9.98102e-7 0 -1 6.96718e-7 0 -1 -6.80926e-7 0 -1 3.49825e-7 0 -1 2.83355e-7 0 -1 -2.04189e-6 0 -1 -9.23653e-7 0 -1 7.03323e-7 0 -1 0 0 -1 -6.97259e-7 0 -1 1.7918e-7 0 -1 -2.3731e-6 0 -1 1.05085e-6 0 -1 -1.74157e-7 0 -1 -2.19724e-7 0 -1 0 -0.09636211 0 -0.9953464 -0.09636759 -1.04964e-5 -0.9953458 -0.9821668 0 -0.1880117 -0.9821668 0 -0.1880118 -0.9821668 0 -0.1880118 -0.9821711 0 -0.1879895 -0.9821711 0 -0.1879895 -0.9821711 0 -0.1879895 -0.9998974 0 -0.01432472 -0.9998974 0 -0.01432663 -0.9872438 0 0.1592159 -0.9872438 0 0.1592159 -0.9872438 0 0.1592159 -0.9872472 1.20301e-7 0.1591948 -0.9872472 0 0.1591948 -0.9872472 0 0.1591948 -0.9445976 0 0.3282308 -0.9445976 0 0.3282308 -0.9445976 0 0.3282308 -0.9446919 0 0.3279591 -0.9446919 0 0.3279591 -0.9446919 0 0.3279591 -0.8733232 0 0.4871413 -0.8733232 0 0.4871413 -0.8733232 0 0.4871413 -0.8733232 0 0.4871413 -0.8733232 0 0.4871413 -0.8733232 0 0.4871413 -0.775224 0 0.6316865 -0.6538537 0 0.7566211 -0.6538537 0 0.7566211 -0.6538537 0 0.7566211 -0.6536762 0 0.7567744 -0.5125411 0 0.8586629 -0.5125411 0 0.8586629 -0.5125411 0 0.8586629 -0.5124587 0 0.8587119 -0.5124588 0 0.858712 -0.5124588 0 0.858712 -0.3555325 0 0.934664 -0.1880917 0 0.9821515 -0.1880917 -1.8163e-7 0.9821515 -0.1880917 0 0.9821515 -0.1880917 -1.80313e-7 0.9821515 -0.1880917 0 0.9821515 -0.1880917 0 0.9821515 -0.01451802 0 0.9998946 -0.01451802 0 0.9998946 -0.01451802 0 0.9998946 -0.01478552 0 0.9998907 -0.01478552 0 0.9998907 -0.01478558 0 0.9998907 0.1591887 0 0.9872482 0.1591887 0 0.9872482 0.1591887 0 0.9872482 0.1591887 0 0.9872482 0.1591887 0 0.9872482 0.1591887 0 0.9872482 0.3283074 0 0.944571 0.3283075 0 0.944571 0.3283075 0 0.944571 0.3281886 0 0.9446123 0.3281886 0 0.9446123 0.3281885 0 0.9446123 0.4873537 0 0.8732047 0.4873537 0 0.8732047 0.4873538 0 0.8732047 0.4873537 0 0.8732047 0.4873537 0 0.8732047 0.4873538 0 0.8732047 0.6314964 0 0.7753788 0.6314964 1.53861e-7 0.7753788 0.6314964 0 0.7753788 0.6314652 -1.37712e-7 0.7754043 0.6314652 -6.21603e-7 0.7754043 0.6314652 0 0.7754043 0.7565851 0 0.6538953 0.7565851 0 0.6538953 0.7565851 0 0.6538953 0.7566532 0 0.6538165 0.7566532 0 0.6538165 0.7566531 0 0.6538165 0.8587378 0 0.5124153 0.8585271 0 0.5127683 0.8585271 0 0.5127683 0.8585271 0 0.5127683 0.9346727 0 0.3555094 0.9821621 0 0.1880368 0.9821621 0 0.1880368 0.9821621 0 0.1880368 0.9821668 0 0.1880119 0.9821668 -5.49668e-7 0.1880119 0.9821668 0 0.1880119 0.9998905 0 0.01480662 0.9998905 0 0.01480662 0.9998905 1.99942e-7 0.01480662 0.9998974 0 0.01432538 0.9872472 0 -0.1591946 0.9872472 0 -0.1591946 0.9872472 0 -0.1591946 0.9872438 1.20297e-7 -0.1592158 0.9872438 0 -0.1592158 0.9872438 0 -0.1592158 0.9446916 0 -0.3279601 0.9446916 0 -0.3279601 0.9446916 0 -0.3279601 0.9446916 0 -0.3279601 0.9446916 0 -0.3279601 0.9446916 0 -0.3279601 0.8732532 0 -0.4872668 0.8732532 0 -0.4872668 0.8732532 0 -0.4872668 0.8732532 0 -0.4872668 0.8732532 0 -0.4872668 0.8732532 0 -0.4872668 0.7755271 0 -0.6313145 0.775527 0 -0.6313145 0.775527 2.45657e-7 -0.6313145 0.775251 0 -0.6316534 0.6535996 0 -0.7568405 0.6538535 0 -0.7566212 0.6538535 0 -0.7566211 0.6538535 0 -0.7566211 0.5126112 0 -0.8586209 0.5126112 0 -0.8586209 0.5126112 0 -0.8586209 0.5126442 0 -0.8586012 0.5126441 0 -0.8586012 0.5126441 0 -0.8586012 0.355739 0 -0.9345854 0.355739 2.24878e-7 -0.9345854 0.355739 0 -0.9345853 0.3557972 2.21371e-7 -0.9345633 0.3557972 0 -0.9345632 0.3557972 0 -0.9345633 0.1881288 0 -0.9821444 0.1881288 0 -0.9821444 0.1881288 0 -0.9821444 0.1879579 0 -0.9821772 0.1879579 0 -0.9821772 0.1879579 0 -0.9821771 0.01467746 0 -0.9998924 0.01467746 0 -0.9998924 0.01467746 0 -0.9998924 0.01467746 0 -0.9998924 0.01467746 0 -0.9998924 0.01467746 0 -0.9998924 -0.1593129 0 -0.9872282 -0.1593129 0 -0.9872282 -0.159313 0 -0.9872282 -0.1592066 0 -0.9872453 -0.1592066 0 -0.9872454 -0.1592066 0 -0.9872453 -0.328262 0 -0.9445868 -0.328262 0 -0.9445868 -0.328262 0 -0.9445868 -0.3281574 0 -0.9446232 -0.3281574 0 -0.9446232 -0.3281574 0 -0.9446232 -0.4873865 0 -0.8731864 -0.4873865 0 -0.8731864 -0.4873865 0 -0.8731864 -0.4873537 0 -0.8732047 -0.4873537 0 -0.8732047 -0.4873538 0 -0.8732047 -0.6314156 0 -0.7754447 -0.6314156 0 -0.7754447 -0.6314156 1.71882e-7 -0.7754447 -0.6316356 0 -0.7752655 -0.7568312 0 -0.6536104 -0.7565464 0 -0.6539402 -0.7565463 0 -0.6539402 -0.7565464 0 -0.6539402 -0.8586149 0 -0.5126214 -0.8586148 0 -0.5126214 -0.8586149 0 -0.5126214 -0.8586533 0 -0.5125568 -0.8586534 0 -0.5125569 -0.8586533 0 -0.5125568 -0.9346727 0 -0.3555094 -0.9821825 0 -0.1879299 -0.9821825 -1.67733e-7 -0.1879299 -0.9821825 0 -0.1879299 -0.9821825 1.69042e-7 -0.1879299 -0.9821825 0 -0.1879299 -0.9821825 0 -0.1879299 -0.9998969 0 -0.01436656 -0.9998969 0 -0.0143646 -0.9872522 0 0.1591635 -0.9872523 0 0.1591635 -0.9872522 0 0.1591635 -0.9872523 0 0.1591635 -0.9872522 0 0.1591635 -0.9872522 0 0.1591635 -0.9445602 0 0.3283387 -0.9445602 0 0.3283387 -0.9445601 0 0.3283387 -0.944593 0 0.3282442 -0.944593 0 0.3282442 -0.944593 0 0.3282442 -0.8733029 0 0.4871777 -0.8733029 0 0.4871777 -0.8733029 0 0.4871777 -0.8731946 0 0.4873719 -0.8731945 0 0.4873719 -0.8731945 0 0.4873719 -0.6538964 0 0.7565842 -0.6538963 0 0.7565842 -0.6538964 0 0.7565842 -0.653864 0 0.7566122 -0.6538641 0 0.7566121 -0.653864 0 0.7566122 -0.5126778 0 0.8585812 -0.5126778 0 0.8585812 -0.5126778 0 0.8585812 -0.5126778 0 0.8585812 -0.5126778 0 0.8585812 -0.5126778 0 0.8585812 -0.1878889 0 0.9821903 -0.1878889 -1.20956e-7 0.9821903 -0.187889 0 0.9821903 -0.1878889 0 0.9821903 -0.1878889 -5.84004e-7 0.9821903 -0.187889 0 0.9821903 -0.01440864 0 0.9998963 -0.01427525 0 0.9998981 0.1591316 0 0.9872574 0.1591316 0 0.9872574 0.1591315 0 0.9872574 0.1593091 0 0.9872288 0.159309 0 0.9872289 0.1593091 0 0.9872288 0.3279632 0 0.9446905 0.3279632 0 0.9446906 0.3279632 0 0.9446906 0.3282967 0 0.9445748 0.3282967 0 0.9445748 0.3282967 0 0.9445748 0.4872875 0 0.8732417 0.4872875 0 0.8732417 0.4872875 0 0.8732417 0.4871799 0 0.8733016 0.4871799 0 0.8733016 0.4871799 0 0.8733016 0.6316354 0 0.7752656 0.6313441 0 0.7755029 0.6313441 0 0.7755029 0.6313441 0 0.7755029 0.7564895 0 0.654006 0.7564895 0 0.654006 0.7564895 0 0.654006 0.7564895 0 0.654006 0.7564895 0 0.654006 0.7564895 0 0.654006 0.8586501 0 0.5125623 0.8586501 0 0.5125623 0.8586501 0 0.5125623 0.8586501 0 0.5125623 0.8586501 0 0.5125623 0.8586501 0 0.5125623 0.93459 0 0.355727 0.93459 2.24485e-7 0.3557269 0.93459 0 0.355727 0.9345729 2.18017e-7 0.3557717 0.9345729 0 0.3557718 0.9345729 0 0.3557718 0.9821826 0 0.1879293 0.9821826 -1.68868e-7 0.1879293 0.9821826 0 0.1879293 0.9821826 -1.67653e-7 0.1879293 0.9821826 0 0.1879293 0.9821826 0 0.1879293 0.9998969 0 0.0143662 0.9872405 0 -0.1592367 0.9872405 0 -0.1592367 0.9872405 0 -0.1592367 0.9872447 0 -0.1592102 0.9872448 0 -0.1592102 0.9872447 0 -0.1592102 0.9445915 0 -0.3282484 0.9445915 0 -0.3282484 0.9445915 2.58679e-7 -0.3282484 0.9445928 0 -0.3282445 0.9445928 0 -0.3282445 0.9445928 0 -0.3282445 0.8732413 0 -0.4872882 0.8732413 0 -0.4872881 0.8732413 0 -0.4872881 0.8732095 0 -0.4873451 0.8732095 0 -0.4873452 0.8732094 0 -0.4873452 0.7752777 0 -0.6316207 0.7751709 0 -0.6317516 0.65393 0 -0.7565552 0.65393 0 -0.7565552 0.65393 0 -0.7565551 0.6538535 0 -0.7566212 0.6538535 0 -0.7566211 0.5125819 0 -0.8586385 0.5125819 0 -0.8586385 0.5125819 0 -0.8586385 0.5125819 0 -0.8586385 0.5125819 0 -0.8586385 0.5125819 0 -0.8586385 0.3555327 0 -0.9346638 0.1881242 0 -0.9821453 0.1881242 0 -0.9821453 0.1881242 0 -0.9821453 0.1878888 0 -0.9821903 0.1878888 -5.84004e-7 -0.9821903 0.1878888 0 -0.9821903 0.01427525 0 -0.9998981 0.01474416 0 -0.9998914 0.01474416 0 -0.9998914 0.01474416 0 -0.9998914 -0.1592618 0 -0.9872364 -0.1592618 0 -0.9872364 -0.1592619 5.69851e-7 -0.9872364 -0.159321 0 -0.9872269 -0.159321 0 -0.9872269 -0.159321 0 -0.9872269 -0.3281155 0 -0.9446377 -0.3281155 0 -0.9446377 -0.3281155 0 -0.9446377 -0.3281155 0 -0.9446377 -0.3281155 0 -0.9446377 -0.3281155 0 -0.9446377 -0.4868866 0 -0.8734652 -0.4873052 0 -0.8732317 -0.4873052 0 -0.8732317 -0.4873052 0 -0.8732317 -0.6316357 0 -0.7752653 -0.7565461 0 -0.6539403 -0.7565462 0 -0.6539403 -0.7565462 2.62914e-7 -0.6539403 -0.7564892 0 -0.6540063 -0.7564892 0 -0.6540064 -0.7564892 0 -0.6540064 -0.8586149 0 -0.5126214 -0.8586148 0 -0.5126214 -0.85865 0 -0.5125625 -0.85865 0 -0.5125625 -0.85865 0 -0.5125625 -0.9346559 0 -0.3555538 -0.004202425 -0.9990479 -0.0434249 -0.004202425 -0.9990479 -0.0434249 -0.004202187 -0.9990479 -0.0434249 -0.003787517 -0.9992313 -0.03901809 -0.003787517 -0.9992313 -0.03901809 -0.003787577 -0.9992313 -0.03901809 -0.011298 -0.9930699 -0.1169808 -0.011298 -0.99307 -0.1169808 -0.01129829 -0.9930699 -0.1169807 -0.01569938 -0.9862858 -0.1642987 -0.0157001 -0.9862858 -0.1642987 -0.01569914 -0.9862858 -0.1642985 -0.02000427 -0.9781273 -0.2070434 -0.02000379 -0.9781273 -0.2070435 -0.02089852 -0.9762837 -0.2154847 -0.02089869 -0.9762836 -0.2154846 -0.02089858 -0.9762837 -0.2154847 -0.01260221 -0.9914441 -0.1299229 -0.01260238 -0.991444 -0.1299228 -0.01260209 -0.9914441 -0.1299229 -0.02660161 -0.9612722 -0.2743142 -0.02660143 -0.9612721 -0.2743142 -0.02660119 -0.9612722 -0.2743142 -0.03120028 -0.9455112 -0.3240915 -0.03119939 -0.9455112 -0.3240916 -0.03119981 -0.9455112 -0.3240916 -0.02899998 -0.9537175 -0.2993025 -0.02900058 -0.9537175 -0.2993025 -0.0290004 -0.9537175 -0.2993025 -0.03690046 -0.9238781 -0.3809037 -0.0368995 -0.9238782 -0.3809039 -0.03689962 -0.9238781 -0.3809038 -0.03849953 -0.9170562 -0.3968951 -0.03849935 -0.9170562 -0.3968951 -0.03849977 -0.9170562 -0.3968951 -0.04589897 -0.878793 -0.4749909 -0.04589921 -0.8787929 -0.4749909 -0.04589927 -0.878793 -0.4749909 -0.04450201 -0.8870004 -0.4596194 -0.0445019 -0.8870004 -0.4596194 -0.04450196 -0.8870004 -0.4596194 -0.05179345 -0.8434116 -0.5347659 -0.05179351 -0.8434115 -0.5347658 -0.05179345 -0.8434115 -0.5347659 -0.05249208 -0.8387302 -0.5420116 -0.05249208 -0.8387302 -0.5420116 -0.05930042 -0.7880029 -0.612809 -0.05930072 -0.788003 -0.612809 -0.05930113 -0.788003 -0.612809 -0.0586254 -0.7935951 -0.6056153 -0.06810045 -0.7071247 -0.7038018 -0.06810033 -0.7071247 -0.7038019 -0.06810021 -0.7071247 -0.7038019 -0.06459331 -0.7366851 -0.673144 -0.06459313 -0.7366851 -0.6731441 -0.06459331 -0.7366851 -0.673144 -0.07109826 -0.6751111 -0.7342821 -0.07109826 -0.675111 -0.7342821 -0.07109779 -0.675111 -0.7342821 -0.07889348 -0.5735855 -0.8153377 -0.07889354 -0.5735855 -0.8153377 -0.07889366 -0.5735855 -0.8153377 -0.07540553 -0.6148008 -0.7850695 -0.07540547 -0.6148008 -0.7850695 -0.07540553 -0.6148008 -0.7850694 -0.08079582 -0.5442023 -0.8350544 -0.08079576 -0.5442023 -0.8350545 -0.08079594 -0.5442023 -0.8350544 -0.08730024 -0.4225992 -0.9021024 -0.08730006 -0.4225992 -0.9021024 -0.08730012 -0.4225993 -0.9021024 -0.08394998 -0.4766473 -0.875077 -0.08840364 -0.3984404 -0.912924 -0.08840346 -0.3984404 -0.912924 -0.0884034 -0.3984404 -0.912924 -0.09300392 -0.2588132 -0.9614396 -0.09300363 -0.2588132 -0.9614397 -0.09300392 -0.2588132 -0.9614396 -0.09030592 -0.3248086 -0.9414587 -0.09030586 -0.3248085 -0.9414586 -0.09030592 -0.3248086 -0.9414587 -0.09350275 -0.241716 -0.9658316 -0.09350275 -0.241716 -0.9658316 -0.09350323 -0.241716 -0.9658315 -0.09599572 -0.08719587 -0.9915552 -0.09599566 -0.08719587 -0.9915552 -0.09599572 -0.08719587 -0.9915552 -0.09599477 -0.08741712 -0.9915359 -0.9983585 0.002999782 0.05719548 -0.9983586 0.002999603 0.05719548 -0.9983586 0.002999961 0.05719554 -0.9986011 0.002999603 0.05279165 -0.9986011 0.002999722 0.05279159 -0.9986011 0.00300002 0.05279171 -0.9995469 0.002900481 -0.02996063 -0.9995469 0.002900123 -0.02996063 -0.999547 0.002900004 -0.02996063 -0.9994025 0.003002226 -0.03443461 -0.9994025 0.003002285 -0.03443461 -0.9994025 0.003002226 -0.03443461 -0.9936087 0.00290054 -0.1128426 -0.9936087 0.002900362 -0.1128425 -0.9936088 0.00290066 -0.1128425 -0.99261 0.002999603 -0.1213115 -0.99261 0.00300008 -0.1213115 -0.99261 0.003000378 -0.1213115 -0.9832953 0.002900063 -0.1819946 -0.9832953 0.002900302 -0.1819947 -0.9832953 0.002900063 -0.1819947 -0.9724562 0.00309956 -0.2330657 -0.9724561 0.003099322 -0.2330657 -0.9724562 0.003099322 -0.2330657 -0.9782543 0.002899527 -0.207389 -0.9782543 0.002899825 -0.2073889 -0.9782543 0.002899706 -0.2073889 -0.9512013 0.002799332 -0.3085584 -0.9512013 0.00279951 -0.3085584 -0.9512013 0.002799153 -0.3085585 -0.9564043 0.002600848 -0.2920342 -0.9564045 0.002600252 -0.2920339 -0.9564043 0.002600312 -0.2920346 -0.9205145 0.002799749 -0.3906984 -0.9205147 0.002799928 -0.3906981 -0.9205148 0.002800107 -0.3906977 -0.9273804 0.002700209 -0.3741102 -0.9273804 0.00270015 -0.3741102 -0.9273804 0.00270003 -0.3741102 -0.8871094 0.002498388 -0.4615524 -0.8871095 0.002498388 -0.4615525 -0.8871095 0.002498388 -0.4615525 -0.8911997 0.002499461 -0.4536045 -0.8912 0.002499461 -0.453604 -0.8911994 0.002500355 -0.4536049 -0.8432189 0.002400279 -0.5375651 -0.8432189 0.002400159 -0.5375651 -0.8432189 0.002400159 -0.5375651 -0.8482704 0.002399802 -0.5295581 -0.8482705 0.00240004 -0.5295578 -0.8482702 0.002399325 -0.5295584 -0.7985675 0.002200663 -0.6019014 -0.7985674 0.002200603 -0.6019014 -0.7985675 0.002200603 -0.6019014 -0.7721984 0.002499938 -0.6353766 -0.7721984 0.002499938 -0.6353766 -0.7721984 0.002499878 -0.6353766 -0.7429933 0.001999795 -0.669296 -0.7429933 0.001999676 -0.6692959 -0.7429933 0.002000093 -0.669296 -0.688514 0.001899838 -0.7252206 -0.6885141 0.001899719 -0.7252205 -0.6885142 0.0018996 -0.7252204 -0.650008 0.002102255 -0.7599245 -0.650008 0.002102196 -0.7599245 -0.650008 0.002102315 -0.7599247 -0.6225348 0.001600384 -0.7825906 -0.6225349 0.001600384 -0.7825903 -0.6225351 0.001600384 -0.7825903 -0.5595471 0.001398503 -0.8287974 -0.5595471 0.001398444 -0.8287973 -0.5595473 0.001398503 -0.8287972 -0.508013 0.001596748 -0.861348 -0.5080131 0.001596808 -0.8613479 -0.5080131 0.001596748 -0.8613479 -0.4853639 0.001199722 -0.8743115 -0.4853637 0.001199364 -0.8743116 -0.4853635 0.001199424 -0.8743116 -0.4148918 9.98987e-4 -0.9098703 -0.4148893 9.9971e-4 -0.9098715 -0.4148868 9.99607e-4 -0.9098725 -0.3507964 9.99842e-4 -0.9364513 -0.3507964 0.001000046 -0.9364513 -0.3507962 0.001000285 -0.9364514 -0.3341758 6.99851e-4 -0.9425106 -0.3341758 6.99634e-4 -0.9425105 -0.3341758 6.99755e-4 -0.9425106 -0.2605754 5.00797e-4 -0.9654534 -0.2605691 4.99456e-4 -0.9654551 -0.2606093 5.01555e-4 -0.9654443 -0.182983 3.66737e-4 -0.983116 -0.1740841 1.99825e-4 -0.9847308 -0.1740841 1.99977e-4 -0.9847308 -0.1740842 1.99964e-4 -0.9847307 0.9317767 0 -0.3630322 0.9317768 3.48478e-7 -0.3630319 0.9317767 5.00037e-7 -0.3630321 0.7740612 9.85893e-5 -0.6331109 0.7740611 9.85052e-5 -0.6331111 0.7740612 9.86173e-5 -0.633111 0.2919479 0 -0.9564343 0.291948 0 -0.9564342 0.291948 0 -0.9564343 0.1387053 0 -0.9903338 0.1387053 0 -0.9903338 0.1387053 0 -0.9903337 0.1469246 -1.00268e-4 -0.9891477 0.1469246 -1.00588e-4 -0.9891478 0.1469246 -1.00329e-4 -0.9891478 -0.01789629 9.99048e-5 -0.9998399 -0.01789635 9.9916e-5 -0.9998399 -0.01789617 9.99532e-5 -0.9998399 -0.009486913 0 -0.9999551 -0.009486973 0 -0.9999551 -0.009486973 0 -0.9999551 0.232257 -9.0065e-4 -0.9726541 0.2323019 -9.00128e-4 -0.9726433 0.2323027 -9.00335e-4 -0.9726431 0.3084616 -9.07901e-7 -0.9512369 0.3084613 -1.16974e-6 -0.9512369 0.3084617 -6.31243e-7 -0.9512368 0.4376937 -3.09094e-7 -0.8991242 0.4376935 -5.56436e-7 -0.8991242 0.4376934 -5.07571e-7 -0.8991243 0.38951 -8.01023e-4 -0.9210219 0.3895116 -8.00668e-4 -0.9210213 0.3895086 -8.00149e-4 -0.9210225 0.4607827 -3.57046e-7 -0.8875131 0.4607827 -3.4578e-7 -0.8875131 0.4607827 -4.1722e-7 -0.8875131 0.5358094 5.08634e-6 -0.844339 0.5358094 5.0207e-6 -0.844339 0.5358093 5.03718e-6 -0.844339 0.5733496 -3.03969e-4 -0.8193108 0.5733497 -3.04067e-4 -0.8193108 0.5733497 -3.04087e-4 -0.8193107 0.6014232 0 -0.7989307 0.6014232 0 -0.7989307 0.6014232 0 -0.7989307 0.6682319 2.08354e-6 -0.7439532 0.6682318 1.97464e-6 -0.7439532 0.6682319 2.05177e-6 -0.7439531 0.6944904 -2.54779e-4 -0.719502 0.7250257 0 -0.6887218 0.7250255 0 -0.688722 0.7250259 -1.62814e-7 -0.6887217 0.7821831 1.21868e-7 -0.6230488 0.782183 1.30269e-7 -0.6230489 0.7821831 -1.31853e-7 -0.6230487 0.8213561 -9.8997e-5 -0.5704159 0.8213564 -1.002e-4 -0.5704153 0.8213569 -1.00505e-4 -0.5704148 0.8289651 8.49275e-7 -0.5593004 0.8289656 0 -0.5592997 0.8289647 -3.25378e-7 -0.559301 0.8743991 4.04495e-7 -0.4852076 0.874399 5.45755e-7 -0.4852076 0.8743991 2.03028e-7 -0.4852075 0.9096372 -9.30167e-7 -0.4154038 0.9096369 7.22812e-7 -0.4154043 0.9096366 9.45758e-7 -0.4154049 0.9005952 -1.00076e-4 -0.434659 0.9005951 -1.0032e-4 -0.434659 0.9005953 -1.00359e-4 -0.434659 0.8634193 3.00593e-4 -0.5044869 0.8634194 2.99844e-4 -0.5044867 0.8634194 2.99526e-4 -0.504487 0.9908024 0 -0.1353175 0.9908023 2.62466e-7 -0.1353175 0.9908023 0 -0.1353175 0.9908052 -1.56553e-7 -0.1352968 0.9908052 0 -0.1352969 0.9908052 1.29681e-7 -0.1352968 0.977113 0 -0.2127214 0.9771129 1.68206e-7 -0.2127212 0.977113 0 -0.2127212 0.9771409 0 -0.2125932 0.9771409 0 -0.2125931 0.9771409 0 -0.2125933 0.9656394 -4.74366e-7 -0.259886 0.9656394 -1.13647e-6 -0.2598859 0.9656394 1.05449e-6 -0.2598859 0.9574588 -1.00559e-4 -0.28857 0.9574588 -1.0038e-4 -0.2885699 0.9574588 -9.94861e-5 -0.2885701 0.9535873 -4.62407e-7 -0.3011168 0.9535873 -3.36471e-7 -0.3011167 0.9535874 -6.10278e-7 -0.3011167 0.9303392 0 -0.3667004 0.9303392 -2.87044e-7 -0.3667002 0.9303393 -1.93832e-7 -0.3667 -0.0260995 0.9624799 -0.270095 -0.02609938 0.9624799 -0.270095 -0.0260995 0.96248 -0.270095 -0.003792583 0.9992308 -0.03903287 -0.003792524 0.9992308 -0.03903287 -0.003792524 0.9992308 -0.03903287 -0.003787934 0.9992322 -0.03899484 -0.003787815 0.9992322 -0.03899484 -0.003787875 0.9992322 -0.03899484 -0.01129549 0.9930732 -0.1169531 -0.01129579 0.9930732 -0.1169531 -0.01129591 0.9930732 -0.1169531 -0.01210546 0.9920003 -0.1256541 -0.01210564 0.9920003 -0.1256541 -0.01210552 0.9920003 -0.1256541 -0.01880079 0.9807806 -0.1942068 -0.01880139 0.9807804 -0.1942068 -0.01880079 0.9807806 -0.1942068 -0.01999777 0.9781613 -0.2068828 -0.01999825 0.9781613 -0.2068828 -0.01999866 0.9781613 -0.2068828 -0.02659744 0.9612262 -0.2744754 -0.02659738 0.9612262 -0.2744755 -0.03329813 0.9382033 -0.344479 -0.03329843 0.9382033 -0.344479 -0.03329825 0.9382033 -0.3444791 -0.03149908 0.9455036 -0.3240848 -0.03149914 0.9455036 -0.3240848 -0.03149843 0.9455035 -0.3240849 -0.04010206 0.9081034 -0.4168214 -0.04010218 0.9081034 -0.4168214 -0.0401023 0.9081034 -0.4168214 -0.03840011 0.9170573 -0.3969022 -0.03840035 0.9170573 -0.3969022 -0.03840047 0.9170573 -0.3969022 -0.04709786 0.8724787 -0.4863771 -0.04709732 0.8724787 -0.4863772 -0.0470975 0.8724787 -0.4863772 -0.0460996 0.878567 -0.4753893 -0.04609853 0.8785669 -0.4753894 -0.04609924 0.878567 -0.4753893 -0.05340778 0.831418 -0.5530749 -0.0534079 0.831418 -0.5530748 -0.05340784 0.831418 -0.5530748 -0.05250072 0.8384079 -0.5425087 -0.0525009 0.838408 -0.5425087 -0.05250054 0.8384079 -0.5425088 -0.06255918 0.7602766 -0.6465802 -0.0598033 0.7875567 -0.6133336 -0.05980312 0.7875568 -0.6133337 -0.05980318 0.7875568 -0.6133337 -0.06510186 0.7369364 -0.6728198 -0.06510198 0.7369364 -0.6728199 -0.06510168 0.7369364 -0.6728199 -0.07329475 0.6494509 -0.7568629 -0.07329481 0.6494509 -0.7568629 -0.07139986 0.6749505 -0.7344004 -0.0713998 0.6749505 -0.7344004 -0.07140016 0.6749505 -0.7344004 -0.07590293 0.6152994 -0.7846308 -0.07590276 0.6152994 -0.7846308 -0.07590287 0.6152994 -0.7846308 -0.08209788 0.522499 -0.8486784 -0.0820977 0.5224989 -0.8486783 -0.08209764 0.522499 -0.8486784 -0.08107936 0.5444093 -0.834892 -0.08470141 0.4768028 -0.87492 -0.08470207 0.4768028 -0.8749198 -0.08470207 0.4768028 -0.8749199 -0.08899831 0.3826768 -0.9195857 -0.08899837 0.3826768 -0.9195857 -0.08899819 0.3826768 -0.9195857 -0.08850091 0.3984431 -0.9129134 -0.08850085 0.3984431 -0.9129134 -0.08850103 0.3984431 -0.9129133 -0.09109508 0.3251973 -0.9412484 -0.09109437 0.3251973 -0.9412484 -0.09109455 0.3251974 -0.9412484 -0.09369832 0.2336424 -0.9677975 -0.09369838 0.2336423 -0.9677975 -0.09369832 0.2336423 -0.9677975 -0.09359818 0.2418623 -0.9657858 -0.09359818 0.2418623 -0.9657858 -0.09359812 0.2418623 -0.9657858 -0.09500283 0.1649109 -0.9817225 -0.09500288 0.1649108 -0.9817224 -0.09500175 0.1649109 -0.9817225 -0.0959981 0.07842606 -0.9922872 -0.09599792 0.07842606 -0.9922872 -0.09599786 0.07842606 -0.9922872 -0.09599959 0.07846623 -0.9922839 -0.09599959 0.07846623 -0.9922838 -0.09599965 0.07846623 -0.9922839</float_array>
          <technique_common>
            <accessor source="#calf_dyn-mesh-normals-array" count="6588" stride="3">
              <param name="X" type="float"/>
              <param name="Y" type="float"/>
              <param name="Z" type="float"/>
            </accessor>
          </technique_common>
        </source>
        <vertices id="calf_dyn-mesh-vertices">
          <input semantic="POSITION" source="#calf_dyn-mesh-positions"/>
        </vertices>
        <triangles count="6032">
          <input semantic="VERTEX" source="#calf_dyn-mesh-vertices" offset="0"/>
          <input semantic="NORMAL" source="#calf_dyn-mesh-normals" offset="1"/>
          <p>0 0 1 0 2 0 3 1 4 1 5 1 6 0 7 0 8 0 9 2 10 2 11 2 12 3 13 4 14 5 2 6 9 6 0 6 0 7 9 8 11 9 0 10 11 11 15 12 15 13 11 13 16 13 16 14 17 15 18 16 16 17 8 18 19 19 6 20 8 20 20 20 20 21 8 22 16 23 20 2 16 2 21 2 22 24 23 24 19 24 19 25 23 25 24 25 19 26 24 26 16 26 16 27 24 27 25 27 26 28 27 28 18 28 18 29 27 29 28 29 18 30 28 30 16 30 16 31 28 32 29 33 30 34 31 34 29 34 29 35 31 35 32 35 29 36 32 36 16 36 16 37 32 37 33 37 34 38 35 38 33 38 33 39 35 39 36 39 33 40 36 40 16 40 16 41 36 41 12 41 16 42 12 42 15 42 15 43 12 43 14 43 37 39 38 39 25 39 25 38 38 38 39 38 25 44 39 44 16 44 16 45 39 45 40 45 41 35 42 35 40 35 40 34 42 34 43 34 40 30 43 30 16 30 16 46 43 46 44 46 45 47 46 48 44 49 44 50 46 50 47 50 44 30 47 30 16 30 16 51 47 51 3 51 16 52 3 52 17 52 17 1 3 1 5 1 23 53 22 54 48 55 23 56 48 57 49 58 49 59 48 59 50 59 49 60 50 60 51 60 51 61 50 61 52 61 51 62 52 62 53 62 53 63 52 63 54 63 53 64 54 64 55 64 55 65 54 65 56 65 55 66 56 66 57 66 57 67 56 67 58 67 57 68 58 68 59 68 59 69 58 70 60 71 59 72 60 72 61 72 61 73 60 73 62 73 61 74 62 74 63 74 63 75 62 75 64 75 63 76 64 76 65 76 65 77 64 78 66 79 65 80 66 81 67 82 67 83 66 83 68 83 67 84 68 85 69 86 69 87 68 87 70 87 69 88 70 88 71 88 71 89 70 89 72 89 71 90 72 90 73 90 73 91 72 91 74 91 73 92 74 92 75 92 75 93 74 94 76 95 75 96 76 97 77 98 77 99 76 100 78 101 77 102 78 102 79 102 79 103 78 103 80 103 79 104 80 104 81 104 81 105 80 105 82 105 81 106 82 106 83 106 83 107 82 107 84 107 83 108 84 108 85 108 85 109 84 110 86 111 85 112 86 112 87 112 87 113 86 113 88 113 87 114 88 114 89 114 89 115 88 115 90 115 89 116 90 116 91 116 91 117 90 117 92 117 91 118 92 118 93 118 93 119 92 119 94 119 93 120 94 120 95 120 95 121 94 122 96 123 95 124 96 125 97 126 97 127 96 128 98 129 97 130 98 130 99 130 99 131 98 131 100 131 99 132 100 132 101 132 101 133 100 133 102 133 101 134 102 134 103 134 103 135 102 136 104 137 103 138 104 139 105 140 105 141 104 141 106 141 105 142 106 142 107 142 107 143 106 144 108 145 107 146 108 147 109 148 109 149 108 149 110 149 109 150 110 150 111 150 111 151 110 151 112 151 111 152 112 152 113 152 113 153 112 154 114 155 113 156 114 156 115 156 115 157 114 158 116 159 115 160 116 160 117 160 7 161 6 161 118 161 7 162 118 163 119 164 119 165 118 165 120 165 119 165 120 165 121 165 121 166 120 166 122 166 121 166 122 166 123 166 123 167 122 167 124 167 123 168 124 168 125 168 125 169 124 169 126 169 125 170 126 170 127 170 127 171 126 171 128 171 127 172 128 172 129 172 129 173 128 174 130 175 129 176 130 177 131 178 131 179 130 179 132 179 131 180 132 180 133 180 133 181 132 181 134 181 133 182 134 182 135 182 135 183 134 184 136 185 135 186 136 187 137 188 137 83 136 83 138 83 137 83 138 83 139 83 139 189 138 189 140 189 139 190 140 190 141 190 141 191 140 191 142 191 141 191 142 191 143 191 143 192 142 192 144 192 143 193 144 194 145 195 145 196 144 197 146 198 145 199 146 200 147 201 147 202 146 202 148 202 147 202 148 202 149 202 149 203 148 203 150 203 149 204 150 204 151 204 151 205 150 205 152 205 151 206 152 206 153 206 153 207 152 207 154 207 153 208 154 209 155 210 155 211 154 211 156 211 155 212 156 212 157 212 157 213 156 213 158 213 157 214 158 214 159 214 159 215 158 215 160 215 159 216 160 216 161 216 161 217 160 217 162 217 161 218 162 218 163 218 163 219 162 219 164 219 163 220 164 220 165 220 165 221 164 222 166 223 165 224 166 225 167 226 167 227 166 227 168 227 167 228 168 228 169 228 169 229 168 229 170 229 169 230 170 230 171 230 171 231 170 231 172 231 171 232 172 232 173 232 173 233 172 233 174 233 173 233 174 233 175 233 175 234 174 234 176 234 175 235 176 235 177 235 177 236 176 236 178 236 177 237 178 238 179 239 179 240 178 240 180 240 179 241 180 241 181 241 181 242 180 242 182 242 181 242 182 242 183 242 183 243 182 243 184 243 183 244 184 245 185 246 185 247 184 247 186 247 185 248 186 248 187 248 5 161 4 161 188 161 5 249 188 250 189 251 189 252 188 252 190 252 189 252 190 252 191 252 191 253 190 253 192 253 191 253 192 253 193 253 193 254 192 254 194 254 193 254 194 254 195 254 195 255 194 255 196 255 195 256 196 256 197 256 197 257 196 257 198 257 197 258 198 258 199 258 199 259 198 260 200 261 199 262 200 262 201 262 201 263 200 263 202 263 201 263 202 263 203 263 203 264 202 264 204 264 203 265 204 265 205 265 205 266 204 267 206 268 205 269 206 270 207 271 207 272 206 272 208 272 207 272 208 272 209 272 209 190 208 190 210 190 209 273 210 273 211 273 211 274 210 274 212 274 211 275 212 275 213 275 213 276 212 277 214 278 213 279 214 280 215 281 215 282 214 283 216 284 215 285 216 286 217 287 217 288 216 288 218 288 217 289 218 290 219 291 219 292 218 292 220 292 219 293 220 293 221 293 221 294 220 294 222 294 221 295 222 295 223 295 223 296 222 296 224 296 223 297 224 298 225 299 225 300 224 300 226 300 225 301 226 301 227 301 227 302 226 302 228 302 227 302 228 302 229 302 229 303 228 303 230 303 229 304 230 304 231 304 231 305 230 305 232 305 231 306 232 306 233 306 233 307 232 307 234 307 233 307 234 307 235 307 235 308 234 122 236 309 235 310 236 311 237 312 237 313 236 313 238 313 237 313 238 313 239 313 239 314 238 314 240 314 239 315 240 315 241 315 241 316 240 316 242 316 241 316 242 316 243 316 243 317 242 318 244 319 243 320 244 321 245 322 245 323 244 323 246 323 245 323 246 323 247 323 247 324 246 324 248 324 247 325 248 326 249 239 249 327 248 327 250 327 249 328 250 328 251 328 251 329 250 329 252 329 251 330 252 330 253 330 253 331 252 332 254 333 253 334 254 334 255 334 255 335 254 336 256 337 255 338 256 338 257 338 46 339 45 339 258 339 46 340 258 340 259 340 259 341 258 341 260 341 259 342 260 342 261 342 261 343 260 344 262 345 261 346 262 346 263 346 263 347 262 347 264 347 263 63 264 63 265 63 265 65 264 65 266 65 265 348 266 348 267 348 267 349 266 349 268 349 267 67 268 67 269 67 269 350 268 350 270 350 269 351 270 352 271 353 271 354 270 354 272 354 271 73 272 73 273 73 273 355 272 355 274 355 273 356 274 356 275 356 275 357 274 358 276 359 275 360 276 361 277 362 277 83 276 83 278 83 277 363 278 363 279 363 279 364 278 364 280 364 279 365 280 365 281 365 281 366 280 366 282 366 281 367 282 367 283 367 283 368 282 368 284 368 283 368 284 368 285 368 285 369 284 94 286 370 285 371 286 371 287 371 287 372 286 100 288 373 287 374 288 375 289 376 289 377 288 377 290 377 289 103 290 103 291 103 291 378 290 378 292 378 291 379 292 379 293 379 293 380 292 380 294 380 293 107 294 107 295 107 295 381 294 382 296 383 295 384 296 385 297 386 297 387 296 387 298 387 297 388 298 388 299 388 299 115 298 115 300 115 299 389 300 389 301 389 301 390 300 390 302 390 301 391 302 391 303 391 303 119 302 119 304 119 303 392 304 392 305 392 305 308 304 122 306 393 305 394 306 395 307 396 307 397 306 397 308 397 307 398 308 398 309 398 309 399 308 399 310 399 309 400 310 400 311 400 311 401 310 401 312 401 311 402 312 402 313 402 313 403 312 404 314 405 313 406 314 407 315 408 315 409 314 410 316 411 315 141 316 141 317 141 317 412 316 412 318 412 317 413 318 413 319 413 319 414 318 414 320 414 319 415 320 415 321 415 321 329 320 329 322 329 321 416 322 416 323 416 323 417 322 417 324 417 323 418 324 418 325 418 325 419 324 158 326 420 325 421 326 421 327 421 27 422 26 423 328 424 27 425 328 426 329 427 329 428 328 428 330 428 329 429 330 429 331 429 331 430 330 431 332 432 331 253 332 253 333 253 333 63 332 63 334 63 333 347 334 347 335 347 335 65 334 65 336 65 335 348 336 348 337 348 337 67 336 67 338 67 337 349 338 349 339 349 339 433 338 434 340 435 339 350 340 350 341 350 341 73 340 73 342 73 341 354 342 354 343 354 343 436 342 436 344 436 343 437 344 437 345 437 345 438 344 439 346 440 345 441 346 442 347 443 347 444 346 444 348 444 347 445 348 445 349 445 349 446 348 446 350 446 349 447 350 447 351 447 351 448 350 448 352 448 351 449 352 449 353 449 353 368 352 368 354 368 353 368 354 368 355 368 355 371 354 371 356 371 355 450 356 451 357 98 357 372 356 100 358 373 357 374 358 375 359 376 359 103 358 103 360 103 359 377 360 377 361 377 361 379 360 379 362 379 361 378 362 378 363 378 363 107 362 107 364 107 363 380 364 380 365 380 365 381 364 382 366 383 365 384 366 385 367 386 367 388 366 388 368 388 367 387 368 387 369 387 369 452 368 452 370 452 369 116 370 116 371 116 371 391 370 391 372 391 371 390 372 390 373 390 373 392 372 392 374 392 373 119 374 119 375 119 375 453 374 454 376 455 375 456 376 311 377 312 377 457 376 457 378 457 377 458 378 458 379 458 379 459 378 459 380 459 379 315 380 315 381 315 381 402 380 402 382 402 381 401 382 401 383 401 383 460 382 461 384 462 383 463 384 464 385 465 385 141 384 141 386 141 385 466 386 467 387 468 387 469 386 470 388 471 387 472 388 473 389 474 389 475 388 475 390 475 389 476 390 476 391 476 391 477 390 477 392 477 391 478 392 478 393 478 393 418 392 418 394 418 393 417 394 417 395 417 395 419 394 158 396 420 395 421 396 421 397 421 31 340 30 340 398 340 31 479 398 480 399 481 399 482 398 482 400 482 399 428 400 428 401 428 401 61 400 61 402 61 401 61 402 61 403 61 403 63 402 63 404 63 403 63 404 63 405 63 405 348 404 348 406 348 405 65 406 65 407 65 407 483 406 483 408 483 407 484 408 484 409 484 409 485 408 485 410 485 409 486 410 487 411 488 411 489 410 489 412 489 411 490 412 490 413 490 413 491 412 491 414 491 413 181 414 181 415 181 415 492 414 493 416 494 415 495 416 270 417 271 417 496 416 496 418 496 417 445 418 445 419 445 419 87 418 87 420 87 419 497 420 497 421 497 421 498 420 498 422 498 421 499 422 499 423 499 423 91 422 91 424 91 423 91 424 91 425 91 425 500 424 500 426 500 425 501 426 451 427 98 427 502 426 502 428 502 427 374 428 375 429 376 429 503 428 503 430 503 429 377 430 377 431 377 431 504 430 504 432 504 431 505 432 505 433 505 433 506 432 506 434 506 433 380 434 380 435 380 435 507 434 508 436 509 435 510 436 510 437 510 437 511 436 511 438 511 437 387 438 387 439 387 439 512 438 512 440 512 439 116 440 116 441 116 441 513 440 513 442 513 441 117 442 117 443 117 443 514 442 514 444 514 443 119 444 119 445 119 445 515 444 516 446 517 445 518 446 519 447 312 447 520 446 520 448 520 447 458 448 458 449 458 449 131 448 131 450 131 449 131 450 131 451 131 451 521 450 521 452 521 451 522 452 522 453 522 453 523 452 524 454 525 453 526 454 527 455 528 455 529 454 530 456 531 455 532 456 532 457 532 457 413 456 413 458 413 457 533 458 534 459 535 459 536 458 536 460 536 459 415 460 415 461 415 461 537 460 537 462 537 461 537 462 537 463 537 463 418 462 418 464 418 463 538 464 539 465 540 465 419 464 158 466 541 465 542 466 542 467 542 35 543 34 543 468 543 35 544 468 545 469 481 469 342 468 342 470 342 469 60 470 60 471 60 471 546 470 546 472 546 471 546 472 546 473 546 473 63 472 63 474 63 473 63 474 63 475 63 475 348 474 348 476 348 475 547 476 547 477 547 477 548 476 548 478 548 477 549 478 549 479 549 479 550 478 551 480 552 479 553 480 554 481 555 481 556 480 556 482 556 481 490 482 490 483 490 483 557 482 557 484 557 483 75 484 75 485 75 485 558 484 559 486 560 485 561 486 562 487 563 487 564 486 564 488 564 487 445 488 445 489 445 489 565 488 565 490 565 489 566 490 566 491 566 491 499 490 499 492 499 491 89 492 89 493 89 493 567 492 567 494 567 493 568 494 569 495 570 495 369 494 94 496 571 495 96 496 451 497 98 497 372 496 100 498 572 497 573 498 375 499 376 499 574 498 574 500 574 499 575 500 575 501 575 501 105 500 105 502 105 501 206 502 206 503 206 503 576 502 576 504 576 503 577 504 578 505 579 505 510 504 510 506 510 505 580 506 581 507 582 507 387 506 387 508 387 507 387 508 387 509 387 509 115 508 115 510 115 509 583 510 583 511 583 511 117 510 117 512 117 511 117 512 117 513 117 513 584 512 584 514 584 513 585 514 585 515 585 515 586 514 587 516 588 515 589 516 590 517 591 517 458 516 458 518 458 517 397 518 397 519 397 519 592 518 592 520 592 519 593 520 593 521 593 521 231 520 231 522 231 521 134 522 134 523 134 523 594 522 136 524 595 523 596 524 597 525 598 525 141 524 141 526 141 525 142 526 142 527 142 527 599 526 599 528 599 527 600 528 601 529 535 529 475 528 475 530 475 529 149 530 149 531 149 531 602 530 602 532 602 531 602 532 602 533 602 533 418 532 418 534 418 533 603 534 604 535 540 535 419 534 158 536 605 535 606 536 606 537 606 14 543 13 543 538 543 14 56 538 57 539 58 539 59 538 59 540 59 539 60 540 60 541 60 541 62 540 62 542 62 541 61 542 61 543 61 543 64 542 64 544 64 543 63 544 63 545 63 545 607 544 607 546 607 545 348 546 348 547 348 547 608 546 608 548 608 547 549 548 549 549 549 549 609 548 610 550 611 549 612 550 613 551 614 551 74 550 74 552 74 551 73 552 73 553 73 553 615 552 615 554 615 553 491 554 491 555 491 555 616 554 617 556 618 555 619 556 620 557 621 557 622 556 623 558 624 557 445 558 445 559 445 559 625 558 625 560 625 559 626 560 626 561 626 561 627 560 627 562 627 561 499 562 499 563 499 563 92 562 92 564 92 563 91 564 91 565 91 565 93 564 94 566 95 565 96 566 97 567 98 567 102 566 102 568 102 567 628 568 629 569 376 569 104 568 104 570 104 569 103 570 103 571 103 571 106 570 106 572 106 571 105 572 105 573 105 573 108 572 108 574 108 573 107 574 107 575 107 575 630 574 630 576 630 575 510 576 510 577 510 577 631 576 631 578 631 577 387 578 387 579 387 579 115 578 115 580 115 579 116 580 116 581 116 581 118 580 118 582 118 581 117 582 117 583 117 583 120 582 120 584 120 583 119 584 119 585 119 585 632 584 633 586 634 585 635 586 636 587 312 587 127 586 128 588 129 587 130 588 130 589 130 589 637 588 637 590 637 589 638 590 638 591 638 591 134 590 134 592 134 591 133 592 133 593 133 593 639 592 640 594 641 593 642 594 643 595 598 595 142 594 142 596 142 595 141 596 141 597 141 597 644 596 644 598 644 597 146 598 147 599 148 599 149 598 149 600 149 599 150 600 150 601 150 601 645 600 645 602 645 601 537 602 537 603 537 603 646 602 647 604 648 603 418 604 418 605 418 605 649 604 649 606 649 605 542 606 542 607 542 42 340 41 340 608 340 42 479 608 480 609 481 609 342 608 342 610 342 609 650 610 650 611 650 611 61 610 61 612 61 611 61 612 61 613 61 613 63 612 63 614 63 613 63 614 63 615 63 615 348 614 348 616 348 615 65 616 65 617 65 617 651 616 651 618 651 617 652 618 652 619 652 619 350 618 350 620 350 619 653 620 654 621 655 621 656 620 656 622 656 621 657 622 657 623 657 623 557 622 557 624 557 623 75 624 75 625 75 625 658 624 659 626 660 625 661 626 662 627 621 627 83 626 83 628 83 627 663 628 663 629 663 629 565 628 565 630 565 629 626 630 626 631 626 631 89 630 89 632 89 631 664 632 664 633 664 633 91 632 91 634 91 633 91 634 91 635 91 635 369 634 94 636 665 635 500 636 500 637 500 637 372 636 100 638 373 637 502 638 502 639 502 639 377 638 377 640 377 639 503 640 503 641 503 641 505 640 505 642 505 641 504 642 504 643 504 643 380 642 380 644 380 643 506 644 506 645 506 645 109 644 110 646 666 645 667 646 668 647 669 647 113 646 113 648 113 647 670 648 670 649 670 649 115 648 115 650 115 649 671 650 671 651 671 651 117 650 117 652 117 651 513 652 513 653 513 653 119 652 119 654 119 653 514 654 514 655 514 655 308 654 122 656 672 655 673 656 674 657 675 657 397 656 397 658 397 657 676 658 676 659 676 659 131 658 131 660 131 659 131 660 131 661 131 661 134 660 134 662 134 661 677 662 677 663 677 663 678 662 679 664 680 663 681 664 682 665 683 665 409 664 410 666 684 665 685 666 686 667 687 667 413 666 413 668 413 667 533 668 534 669 535 669 688 668 688 670 688 669 689 670 689 671 689 671 537 670 537 672 537 671 537 672 537 673 537 673 418 672 418 674 418 673 538 674 539 675 540 675 419 674 158 676 541 675 542 676 542 677 542 38 340 37 340 678 340 38 690 678 57 679 58 679 59 678 59 680 59 679 428 680 428 681 428 681 546 680 546 682 546 681 546 682 546 683 546 683 63 682 63 684 63 683 63 684 63 685 63 685 691 684 691 686 691 685 65 686 65 687 65 687 67 686 67 688 67 687 692 688 692 689 692 689 550 688 551 690 552 689 553 690 554 691 555 691 656 690 656 692 656 691 693 692 693 693 693 693 491 692 491 694 491 693 181 694 181 695 181 695 558 694 559 696 560 695 561 696 562 697 563 697 564 696 564 698 564 697 445 698 445 699 445 699 565 698 565 700 565 699 566 700 566 701 566 701 499 700 499 702 499 701 89 702 89 703 89 703 694 702 694 704 694 703 695 704 696 705 697 705 369 704 94 706 571 705 96 706 451 707 98 707 372 706 100 708 572 707 573 708 375 709 376 709 698 708 698 710 698 709 699 710 699 711 699 711 105 710 105 712 105 711 206 712 206 713 206 713 576 712 576 714 576 713 577 714 578 715 579 715 510 714 510 716 510 715 580 716 581 717 582 717 387 716 387 718 387 717 387 718 387 719 387 719 115 718 115 720 115 719 583 720 583 721 583 721 117 720 117 722 117 721 117 722 117 723 117 723 700 722 700 724 700 723 701 724 701 725 701 725 702 724 703 726 704 725 705 726 706 727 588 727 458 726 458 728 458 727 397 728 397 729 397 729 707 728 707 730 707 729 638 730 638 731 638 731 134 730 134 732 134 731 231 732 231 733 231 733 594 732 136 734 595 733 596 734 597 735 598 735 142 734 142 736 142 735 141 736 141 737 141 737 413 736 413 738 413 737 708 738 709 739 710 739 149 738 149 740 149 739 475 740 475 741 475 741 602 740 602 742 602 741 602 742 602 743 602 743 418 742 418 744 418 743 603 744 604 745 540 745 711 744 711 746 711 745 542 746 542 747 542 2 161 1 161 748 161 2 162 748 163 749 164 749 165 748 165 750 165 749 165 750 165 751 165 751 166 750 166 752 166 751 166 752 166 753 166 753 712 752 712 754 712 753 713 754 713 755 713 755 170 754 170 756 170 755 169 756 169 757 169 757 171 756 171 758 171 757 172 758 172 759 172 759 173 758 174 760 175 759 176 760 177 761 178 761 714 760 714 762 714 761 715 762 715 763 715 763 716 762 716 764 716 763 717 764 717 765 717 765 718 764 719 766 720 765 721 766 722 767 723 767 83 766 83 768 83 767 83 768 83 769 83 769 189 768 189 770 189 769 190 770 190 771 190 771 191 770 191 772 191 771 191 772 191 773 191 773 192 772 192 774 192 773 193 774 194 775 195 775 196 774 197 776 198 775 199 776 200 777 201 777 202 776 202 778 202 777 202 778 202 779 202 779 203 778 203 780 203 779 204 780 204 781 204 781 205 780 205 782 205 781 206 782 206 783 206 783 724 782 724 784 724 783 725 784 726 785 727 785 728 784 728 786 728 785 729 786 729 787 729 787 214 786 214 788 214 787 213 788 213 789 213 789 216 788 216 790 216 789 215 790 215 791 215 791 730 790 730 792 730 791 731 792 731 793 731 793 732 792 732 794 732 793 733 794 733 795 733 795 221 794 222 796 223 795 224 796 225 797 226 797 228 796 228 798 228 797 227 798 227 799 227 799 229 798 229 800 229 799 230 800 230 801 230 801 232 800 232 802 232 801 231 802 231 803 231 803 233 802 233 804 233 803 233 804 233 805 233 805 235 804 235 806 235 805 234 806 234 807 234 807 236 806 236 808 236 807 237 808 238 809 239 809 240 808 240 810 240 809 241 810 241 811 241 811 242 810 242 812 242 811 242 812 242 813 242 813 734 812 734 814 734 813 735 814 736 815 737 815 738 814 738 816 738 815 542 816 542 817 542 818 739 187 740 186 741 817 742 816 743 819 744 467 745 466 745 820 745 820 746 466 747 821 748 820 749 821 750 822 751 822 752 821 752 823 752 824 753 607 753 606 753 537 753 536 753 825 753 825 754 536 754 826 754 827 755 677 755 676 755 822 756 828 756 9 756 829 757 825 757 822 757 822 758 825 758 826 758 822 759 826 760 820 761 257 753 256 753 830 753 830 762 256 763 831 764 397 765 396 766 823 767 823 768 396 768 832 768 823 769 832 769 822 769 822 770 832 770 830 770 822 771 830 771 833 771 833 772 830 772 831 772 833 770 831 770 834 770 835 773 836 773 833 773 606 754 829 754 824 754 824 757 829 757 822 757 824 752 822 752 819 752 819 774 822 775 9 776 819 777 9 778 817 779 837 757 833 757 838 757 838 780 833 781 836 782 838 783 836 784 746 785 746 786 836 786 747 786 327 768 326 768 834 768 834 787 326 763 839 764 834 769 839 769 833 769 833 752 839 752 827 752 833 788 827 789 835 790 835 791 827 792 676 793 840 756 841 756 833 756 186 794 840 795 818 796 818 797 840 798 833 799 818 752 833 752 842 752 842 757 833 757 837 757 842 783 837 800 116 785 116 786 837 786 117 786 843 801 11 801 844 801 845 802 846 802 844 802 844 803 846 803 847 803 844 804 847 804 848 804 822 801 849 801 844 801 844 805 849 805 850 805 850 806 851 806 844 806 844 807 851 807 852 807 844 808 852 808 853 808 853 801 854 801 844 801 844 809 854 809 855 809 844 810 855 810 856 810 857 801 844 801 858 801 858 801 844 801 859 801 856 801 860 801 844 801 844 811 860 811 861 811 844 812 861 812 862 812 862 801 863 801 844 801 844 813 863 813 864 813 844 814 864 814 845 814 848 815 865 815 844 815 844 816 865 816 866 816 844 817 866 817 859 817 857 818 867 818 844 818 844 819 867 819 868 819 844 820 868 820 869 820 870 821 871 821 844 821 844 822 871 822 872 822 844 823 872 823 843 823 869 801 873 801 844 801 844 824 873 824 874 824 844 825 874 825 870 825 799 826 801 826 9 826 9 827 773 827 775 827 775 826 777 826 9 826 9 828 777 828 779 828 9 826 779 826 781 826 781 826 783 826 9 826 9 826 783 826 785 826 9 826 785 826 787 826 787 826 789 826 9 826 9 826 789 826 791 826 9 829 791 829 793 829 817 826 9 826 815 826 815 830 9 830 813 830 9 831 2 831 749 831 793 826 795 826 9 826 9 832 795 832 797 832 9 833 797 833 799 833 801 826 803 826 9 826 9 826 803 826 805 826 9 834 805 834 807 834 749 835 751 835 9 835 9 826 751 826 753 826 9 836 753 836 755 836 755 826 757 826 9 826 9 837 757 837 759 837 9 838 759 838 761 838 761 826 763 826 9 826 9 839 763 839 765 839 9 840 765 840 767 840 767 826 769 826 9 826 9 826 769 826 771 826 9 841 771 841 773 841 807 842 809 842 9 842 9 843 809 843 811 843 9 826 811 826 813 826 16 844 11 844 875 844 875 844 11 844 843 844 875 845 843 846 876 847 876 848 843 849 872 850 876 851 872 851 877 851 877 851 872 851 871 851 877 852 871 852 878 852 878 853 871 853 870 853 878 854 870 854 879 854 879 854 870 854 874 854 879 855 874 856 880 857 880 858 874 858 873 858 880 859 873 860 881 861 881 862 873 863 869 864 881 865 869 865 882 865 882 866 869 867 868 868 882 869 868 869 883 869 883 870 868 870 867 870 883 871 867 871 884 871 884 872 867 872 857 872 884 873 857 873 885 873 885 874 857 874 858 874 885 875 858 876 886 877 886 878 858 879 859 880 886 881 859 881 887 881 887 882 859 882 866 882 887 883 866 883 888 883 888 884 866 884 865 884 888 885 865 886 889 887 889 888 865 889 848 890 889 891 848 892 890 893 890 894 848 894 847 894 890 895 847 895 891 895 891 896 847 896 846 896 891 897 846 898 892 899 892 900 846 901 845 902 892 903 845 904 893 905 893 906 845 907 864 908 893 909 864 909 894 909 894 910 864 910 863 910 894 911 863 911 895 911 895 911 863 911 862 911 895 912 862 912 896 912 896 913 862 914 861 915 896 916 861 916 897 916 897 917 861 917 860 917 897 918 860 918 898 918 898 919 860 919 856 919 898 920 856 920 899 920 899 920 856 920 855 920 899 921 855 921 900 921 900 922 855 922 854 922 900 923 854 924 901 925 901 926 854 927 853 928 901 929 853 929 902 929 902 929 853 929 852 929 902 930 852 931 903 932 903 933 852 934 851 935 903 936 851 937 904 938 904 939 851 940 850 941 904 942 850 943 905 944 905 945 850 946 849 947 905 948 849 948 833 948 833 948 849 948 822 948 890 949 891 949 906 949 906 950 891 950 892 950 898 826 899 826 906 826 906 951 899 951 900 951 900 826 901 826 906 826 906 952 901 952 902 952 906 953 902 953 903 953 903 954 904 954 906 954 906 955 904 955 905 955 906 956 905 956 833 956 876 826 906 826 875 826 875 826 906 826 16 826 885 826 886 826 906 826 906 957 886 957 887 957 892 826 893 826 906 826 906 958 893 958 894 958 906 959 894 959 895 959 895 826 896 826 906 826 906 960 896 960 897 960 906 961 897 961 898 961 887 962 888 962 906 962 906 963 888 963 889 963 906 964 889 964 890 964 876 826 877 826 906 826 906 965 877 965 878 965 906 966 878 966 879 966 882 967 883 967 906 967 906 968 883 968 884 968 906 826 884 826 885 826 879 826 880 826 906 826 906 969 880 969 881 969 906 970 881 970 882 970 158 971 156 971 907 971 907 801 150 801 148 801 148 972 146 972 907 972 907 801 146 801 144 801 907 973 144 973 142 973 6 974 907 974 118 974 118 975 907 975 120 975 156 976 154 976 907 976 907 801 154 801 152 801 907 801 152 801 150 801 142 801 140 801 907 801 907 801 140 801 138 801 907 977 138 977 136 977 126 801 907 801 128 801 128 978 907 978 130 978 126 801 124 801 907 801 907 979 124 979 122 979 907 801 122 801 120 801 182 980 907 980 184 980 184 801 907 801 186 801 182 801 180 801 907 801 907 981 180 981 178 981 907 982 178 982 176 982 176 983 174 983 907 983 907 801 174 801 172 801 907 984 172 984 170 984 170 801 168 801 907 801 907 985 168 985 166 985 907 986 166 986 164 986 136 801 134 801 907 801 907 987 134 987 132 987 907 988 132 988 130 988 164 801 162 801 907 801 907 989 162 989 160 989 907 801 160 801 158 801 0 990 15 990 908 990 0 991 908 991 909 991 909 992 908 992 910 992 909 993 910 993 911 993 911 994 910 995 912 996 911 997 912 998 913 999 913 1000 912 1000 914 1000 913 1001 914 1001 915 1001 915 1002 914 1002 916 1002 915 1003 916 1003 917 1003 917 1004 916 1005 918 1006 917 1007 918 1008 919 1009 919 1010 918 1011 920 1012 919 1013 920 1014 921 1015 921 1016 920 1016 922 1016 921 1017 922 1017 923 1017 923 1018 922 1018 924 1018 923 1019 924 1019 925 1019 925 1020 924 1020 926 1020 925 1021 926 1021 927 1021 927 1022 926 1022 928 1022 927 1023 928 1023 929 1023 929 1024 928 1025 930 1026 929 1025 930 1027 931 1028 931 1029 930 1029 932 1029 931 1030 932 1030 933 1030 933 1031 932 1031 934 1031 933 1032 934 1032 935 1032 935 1033 934 1033 936 1033 935 1034 936 1034 937 1034 937 1035 936 1035 938 1035 937 1036 938 1036 939 1036 939 1037 938 1037 940 1037 939 1038 940 1038 941 1038 941 1039 940 1040 942 1041 941 1042 942 1042 943 1042 943 1043 942 1043 944 1043 943 1044 944 1044 945 1044 945 1045 944 1045 946 1045 945 1046 946 1046 947 1046 947 1047 946 1047 948 1047 947 1048 948 1048 949 1048 949 1049 948 1049 950 1049 949 1050 950 1051 951 1052 951 1053 950 1054 952 1055 951 1056 952 1057 953 1058 953 1059 952 1060 954 1061 953 1062 954 1063 955 1064 955 1065 954 1065 956 1065 955 1066 956 1066 957 1066 957 1067 956 1067 958 1067 957 1068 958 1068 959 1068 959 1069 958 1069 960 1069 959 1070 960 1070 961 1070 961 1071 960 1071 962 1071 961 1072 962 1072 963 1072 963 1073 962 1073 964 1073 963 1074 964 1074 965 1074 965 1075 964 1075 966 1075 965 1076 966 1077 967 1078 967 1079 966 1079 968 1079 967 1080 968 1080 969 1080 969 1081 968 1081 970 1081 969 1082 970 1083 971 1084 971 1085 970 1085 972 1085 971 1086 972 1086 973 1086 973 1087 972 1087 824 1087 973 1088 824 1088 819 1088 1 801 0 801 748 801 748 801 0 801 909 801 748 1089 909 1089 750 1089 750 801 909 801 911 801 750 801 911 801 752 801 752 1090 911 1090 913 1090 752 1091 913 1091 754 1091 754 1092 913 1092 915 1092 754 801 915 801 756 801 756 1093 915 1093 917 1093 756 801 917 801 758 801 758 1094 917 1094 919 1094 758 1095 919 1095 760 1095 760 801 919 801 921 801 760 1096 921 1096 762 1096 762 1097 921 1097 923 1097 762 1098 923 1098 764 1098 764 801 923 801 925 801 764 1099 925 1099 766 1099 766 801 925 801 927 801 766 1100 927 1100 768 1100 768 801 927 801 929 801 768 1101 929 1101 770 1101 770 801 929 801 931 801 770 1102 931 1102 772 1102 772 801 931 801 933 801 772 801 933 801 774 801 774 801 933 801 935 801 774 801 935 801 776 801 776 801 935 801 937 801 776 801 937 801 778 801 778 801 937 801 939 801 778 1103 939 1103 780 1103 780 1104 939 1104 941 1104 819 801 816 801 973 801 973 1105 816 1105 814 1105 973 801 814 801 971 801 971 1106 814 1106 812 1106 971 801 812 801 969 801 969 1107 812 1107 810 1107 969 1108 810 1108 967 1108 967 1109 810 1109 808 1109 967 1110 808 1110 965 1110 965 1111 808 1111 806 1111 965 801 806 801 963 801 963 801 806 801 804 801 963 801 804 801 961 801 961 1112 804 1112 802 1112 961 801 802 801 959 801 959 1113 802 1113 800 1113 959 801 800 801 957 801 957 801 800 801 798 801 957 801 798 801 955 801 955 1114 798 1114 796 1114 955 1115 796 1115 953 1115 953 801 796 801 794 801 953 1116 794 1116 951 1116 951 1117 794 1117 792 1117 951 801 792 801 949 801 949 801 792 801 790 801 949 1118 790 1118 947 1118 947 1119 790 1119 788 1119 947 801 788 801 945 801 945 801 788 801 786 801 945 801 786 801 943 801 943 801 786 801 784 801 943 801 784 801 941 801 941 801 784 801 782 801 941 801 782 801 780 801 607 826 824 826 605 826 605 1120 824 1120 972 1120 605 826 972 826 603 826 603 1121 972 1121 970 1121 603 1122 970 1122 601 1122 601 1123 970 1123 968 1123 601 1124 968 1124 599 1124 599 1125 968 1125 966 1125 599 1126 966 1126 597 1126 597 826 966 826 964 826 597 826 964 826 595 826 595 826 964 826 962 826 595 1127 962 1127 593 1127 593 826 962 826 960 826 593 1128 960 1128 591 1128 591 1129 960 1129 958 1129 591 826 958 826 589 826 589 826 958 826 956 826 589 826 956 826 587 826 587 826 956 826 954 826 587 1130 954 1130 585 1130 585 1131 954 1131 952 1131 585 1132 952 1132 583 1132 583 1133 952 1133 950 1133 583 1134 950 1134 581 1134 581 826 950 826 948 826 581 1135 948 1135 579 1135 579 826 948 826 946 826 579 826 946 826 577 826 577 826 946 826 944 826 577 1136 944 1136 575 1136 575 826 944 826 942 826 575 1137 942 1137 573 1137 573 1138 942 1138 940 1138 15 1139 14 1139 908 1139 908 1140 14 1140 539 1140 908 1141 539 1141 910 1141 910 1142 539 1142 541 1142 910 1143 541 1143 912 1143 912 1144 541 1144 543 1144 912 1145 543 1145 914 1145 914 1146 543 1146 545 1146 914 826 545 826 916 826 916 1147 545 1147 547 1147 916 826 547 826 918 826 918 1148 547 1148 549 1148 918 826 549 826 920 826 920 1149 549 1149 551 1149 920 826 551 826 922 826 922 826 551 826 553 826 922 826 553 826 924 826 924 826 553 826 555 826 924 1150 555 1150 926 1150 926 1151 555 1151 557 1151 926 1152 557 1152 928 1152 928 1153 557 1153 559 1153 928 826 559 826 930 826 930 1154 559 1154 561 1154 930 826 561 826 932 826 932 826 561 826 563 826 932 826 563 826 934 826 934 826 563 826 565 826 934 826 565 826 936 826 936 1155 565 1155 567 1155 936 826 567 826 938 826 938 826 567 826 569 826 938 826 569 826 940 826 940 1156 569 1156 571 1156 940 826 571 826 573 826 25 991 24 991 974 991 25 1157 974 1157 975 1157 975 1158 974 1159 976 1160 975 993 976 993 977 993 977 1161 976 1162 978 1163 977 1164 978 1165 979 999 979 1000 978 1000 980 1000 979 1001 980 1001 981 1001 981 1003 980 1003 982 1003 981 1003 982 1003 983 1003 983 1166 982 1167 984 1168 983 1169 984 1008 985 1009 985 1170 984 1171 986 1172 985 1173 986 1174 987 1175 987 1176 986 1176 988 1176 987 1177 988 1177 989 1177 989 1178 988 1178 990 1178 989 1019 990 1019 991 1019 991 1179 990 1179 992 1179 991 1180 992 1180 993 1180 993 1181 992 1181 994 1181 993 1182 994 1182 995 1182 995 1024 994 1025 996 1026 995 1183 996 1184 997 1185 997 1030 996 1030 998 1030 997 1186 998 1186 999 1186 999 1187 998 1187 1000 1187 999 1032 1000 1032 1001 1032 1001 1188 1000 1188 1002 1188 1001 1189 1002 1189 1003 1189 1003 1190 1002 1190 1004 1190 1003 1191 1004 1191 1005 1191 1005 1192 1004 1192 1006 1192 1005 1192 1006 1192 1007 1192 1007 1193 1006 1040 1008 1194 1007 1195 1008 1196 1009 1197 1009 1043 1008 1043 1010 1043 1009 1044 1010 1044 1011 1044 1011 1198 1010 1198 1012 1198 1011 1199 1012 1199 1013 1199 1013 1200 1012 1201 1014 1202 1013 1203 1014 1204 1015 1205 1015 1206 1014 1206 1016 1206 1015 1207 1016 1207 1017 1207 1017 1208 1016 1209 1018 1210 1017 1211 1018 1212 1019 1058 1019 1213 1018 1214 1020 1215 1019 1216 1020 1217 1021 1218 1021 1219 1020 1219 1022 1219 1021 1220 1022 1220 1023 1220 1023 1221 1022 1221 1024 1221 1023 1222 1024 1222 1025 1222 1025 1223 1024 1223 1026 1223 1025 1224 1026 1224 1027 1224 1027 1225 1026 1225 1028 1225 1027 1072 1028 1072 1029 1072 1029 1226 1028 1226 1030 1226 1029 1227 1030 1227 1031 1227 1031 1228 1030 1229 1032 1230 1031 1231 1032 1232 1033 1233 1033 1234 1032 1234 1034 1234 1033 1235 1034 1235 1035 1235 1035 1236 1034 1236 1036 1236 1035 1237 1036 1238 1037 1239 1037 1085 1036 1085 1038 1085 1037 1086 1038 1086 1039 1086 1039 1240 1038 1240 837 1240 1039 1088 837 1088 838 1088 37 801 25 801 678 801 678 1241 25 1241 975 1241 678 801 975 801 680 801 680 801 975 801 977 801 680 801 977 801 682 801 682 801 977 801 979 801 682 1242 979 1242 684 1242 684 1243 979 1243 981 1243 684 801 981 801 686 801 686 1244 981 1244 983 1244 686 1245 983 1245 688 1245 688 801 983 801 985 801 688 801 985 801 690 801 690 801 985 801 987 801 690 801 987 801 692 801 692 801 987 801 989 801 692 801 989 801 694 801 694 801 989 801 991 801 694 1246 991 1246 696 1246 696 1247 991 1247 993 1247 696 1248 993 1248 698 1248 698 801 993 801 995 801 698 1249 995 1249 700 1249 700 801 995 801 997 801 700 1250 997 1250 702 1250 702 801 997 801 999 801 702 1251 999 1251 704 1251 704 801 999 801 1001 801 704 1252 1001 1252 706 1252 706 801 1001 801 1003 801 706 1253 1003 1253 708 1253 708 801 1003 801 1005 801 708 1254 1005 1254 710 1254 710 801 1005 801 1007 801 838 801 746 801 1039 801 1039 1255 746 1255 744 1255 1039 801 744 801 1037 801 1037 1256 744 1256 742 1256 1037 1257 742 1257 1035 1257 1035 1258 742 1258 740 1258 1035 801 740 801 1033 801 1033 1259 740 1259 738 1259 1033 801 738 801 1031 801 1031 1260 738 1260 736 1260 1031 801 736 801 1029 801 1029 1261 736 1261 734 1261 1029 801 734 801 1027 801 1027 1262 734 1262 732 1262 1027 801 732 801 1025 801 1025 1263 732 1263 730 1263 1025 801 730 801 1023 801 1023 801 730 801 728 801 1023 801 728 801 1021 801 1021 801 728 801 726 801 1021 1264 726 1264 1019 1264 1019 1265 726 1265 724 1265 1019 1266 724 1266 1017 1266 1017 801 724 801 722 801 1017 801 722 801 1015 801 1015 801 722 801 720 801 1015 801 720 801 1013 801 1013 1267 720 1267 718 1267 1013 801 718 801 1011 801 1011 1268 718 1268 716 1268 1011 1269 716 1269 1009 1269 1009 1270 716 1270 714 1270 1009 1271 714 1271 1007 1271 1007 1272 714 1272 712 1272 1007 801 712 801 710 801 24 1273 23 1273 974 1273 974 1140 23 1140 49 1140 974 826 49 826 976 826 976 826 49 826 51 826 976 826 51 826 978 826 978 826 51 826 53 826 978 826 53 826 980 826 980 1274 53 1274 55 1274 980 826 55 826 982 826 982 1275 55 1275 57 1275 982 826 57 826 984 826 984 1276 57 1276 59 1276 984 826 59 826 986 826 986 826 59 826 61 826 986 1277 61 1277 988 1277 988 1278 61 1278 63 1278 988 1279 63 1279 990 1279 990 826 63 826 65 826 990 826 65 826 992 826 992 826 65 826 67 826 992 826 67 826 994 826 994 1280 67 1280 69 1280 994 1281 69 1281 996 1281 996 1154 69 1154 71 1154 996 1282 71 1282 998 1282 998 1283 71 1283 73 1283 998 1284 73 1284 1000 1284 1000 1285 73 1285 75 1285 1000 826 75 826 1002 826 1002 1155 75 1155 77 1155 1002 826 77 826 1004 826 1004 1286 77 1286 79 1286 1004 826 79 826 1006 826 79 1287 81 1287 1006 1287 1006 826 81 826 83 826 1006 1288 83 1288 1008 1288 1008 826 83 826 85 826 1008 1289 85 1289 1010 1289 1010 826 85 826 87 826 1010 1290 87 1290 1012 1290 1012 826 87 826 89 826 1012 1291 89 1291 1014 1291 1014 826 89 826 91 826 1014 826 91 826 1016 826 1016 826 91 826 93 826 1016 1292 93 1292 1018 1292 1018 826 93 826 95 826 1018 1293 95 1293 1020 1293 1020 826 95 826 97 826 1020 1294 97 1294 1022 1294 1022 826 97 826 99 826 1022 1295 99 1295 1024 1295 1024 826 99 826 101 826 1024 1296 101 1296 1026 1296 1026 826 101 826 103 826 1026 1297 103 1297 1028 1297 1028 826 103 826 105 826 1028 1298 105 1298 1030 1298 1030 1299 105 1299 107 1299 1030 1300 107 1300 1032 1300 1032 1301 107 1301 109 1301 1032 1302 109 1302 1034 1302 1034 1303 109 1303 111 1303 1034 1304 111 1304 1036 1304 1036 826 111 826 113 826 1036 1305 113 1305 1038 1305 1038 1306 113 1306 115 1306 1038 826 115 826 837 826 837 826 115 826 117 826 40 1307 39 1307 1040 1307 40 1157 1040 1157 1041 1157 1041 1308 1040 1309 1042 1310 1041 993 1042 993 1043 993 1043 1311 1042 1312 1044 1313 1043 1314 1044 1165 1045 999 1045 1315 1044 1315 1046 1315 1045 1001 1046 1001 1047 1001 1047 1316 1046 1316 1048 1316 1047 1003 1048 1003 1049 1003 1049 1317 1048 1318 1050 1319 1049 1320 1050 1321 1051 1322 1051 1323 1050 1324 1052 1325 1051 1326 1052 1327 1053 1175 1053 1017 1052 1017 1054 1017 1053 1017 1054 1017 1055 1017 1055 1328 1054 1328 1056 1328 1055 1329 1056 1329 1057 1329 1057 1330 1056 1330 1058 1330 1057 1330 1058 1330 1059 1330 1059 1182 1058 1182 1060 1182 1059 1182 1060 1182 1061 1182 1061 1331 1060 1332 1062 1333 1061 1334 1062 1334 1063 1334 1063 1335 1062 1335 1064 1335 1063 1336 1064 1336 1065 1336 1065 1337 1064 1337 1066 1337 1065 1032 1066 1032 1067 1032 1067 1189 1066 1189 1068 1189 1067 1338 1068 1338 1069 1338 1069 1191 1068 1191 1070 1191 1069 1036 1070 1036 1071 1036 1071 1339 1070 1339 1072 1339 1071 1340 1072 1340 1073 1340 1073 1341 1072 1342 1074 1343 1073 1042 1074 1042 1075 1042 1075 1344 1074 1345 1076 1346 1075 1347 1076 1347 1077 1347 1077 1199 1076 1199 1078 1199 1077 1046 1078 1046 1079 1046 1079 1348 1078 1348 1080 1348 1079 1048 1080 1048 1081 1048 1081 1349 1080 1350 1082 1351 1081 1352 1082 1352 1083 1352 1083 1353 1082 1354 1084 1355 1083 1356 1084 1212 1085 1058 1085 1357 1084 1358 1086 1359 1085 1360 1086 1361 1087 1362 1087 1219 1086 1219 1088 1219 1087 1363 1088 1363 1089 1363 1089 1364 1088 1364 1090 1364 1089 1068 1090 1068 1091 1068 1091 1070 1090 1070 1092 1070 1091 1365 1092 1365 1093 1365 1093 1366 1092 1366 1094 1366 1093 1072 1094 1072 1095 1072 1095 1227 1094 1227 1096 1227 1095 1227 1096 1227 1097 1227 1097 1367 1096 1368 1098 1369 1097 1370 1098 1232 1099 1233 1099 1371 1098 1371 1100 1371 1099 1372 1100 1372 1101 1372 1101 1373 1100 1237 1102 1374 1101 1375 1102 1376 1103 1377 1103 1378 1102 1378 1104 1378 1103 1086 1104 1086 1105 1086 1105 1088 1104 1088 836 1088 1105 1379 836 1379 835 1379 1073 801 640 801 1071 801 1071 801 640 801 638 801 1071 1380 638 1380 1069 1380 1069 1381 638 1381 636 1381 1069 1382 636 1382 1067 1382 1067 801 636 801 634 801 1067 1383 634 1383 1065 1383 1065 801 634 801 632 801 1065 1384 632 1384 1063 1384 1063 801 632 801 630 801 1063 1385 630 1385 1061 1385 1061 801 630 801 628 801 1061 1386 628 1386 1059 1386 1059 801 628 801 626 801 1059 1387 626 1387 1057 1387 1057 801 626 801 624 801 1057 1388 624 1388 1055 1388 1055 1389 624 1389 622 1389 1055 1390 622 1390 1053 1390 1053 1391 622 1391 620 1391 1053 1392 620 1392 1051 1392 1051 1393 620 1393 618 1393 1051 1394 618 1394 1049 1394 1049 1395 618 1395 616 1395 1049 1396 616 1396 1047 1396 1047 1397 616 1397 614 1397 1047 801 614 801 1045 801 1045 1398 614 1398 612 1398 1045 801 612 801 1043 801 1043 1399 612 1399 610 1399 1043 1400 610 1400 1041 1400 1041 1401 610 1401 608 1401 1041 801 608 801 40 801 40 1402 608 1402 41 1402 835 801 676 801 1105 801 1105 1403 676 1403 674 1403 1105 801 674 801 1103 801 1103 1404 674 1404 672 1404 1103 801 672 801 1101 801 1101 1405 672 1405 670 1405 1101 1406 670 1406 1099 1406 1099 1407 670 1407 668 1407 1099 1408 668 1408 1097 1408 1097 1409 668 1409 666 1409 1097 801 666 801 1095 801 1095 1410 666 1410 664 1410 1095 801 664 801 1093 801 1093 801 664 801 662 801 1093 801 662 801 1091 801 1091 1263 662 1263 660 1263 1091 801 660 801 1089 801 1089 801 660 801 658 801 1089 801 658 801 1087 801 1087 1411 658 1411 656 1411 1087 801 656 801 1085 801 1085 1412 656 1412 654 1412 1085 801 654 801 1083 801 1083 801 654 801 652 801 1083 1413 652 1413 1081 1413 1081 1414 652 1414 650 1414 1081 801 650 801 1079 801 1079 801 650 801 648 801 1079 801 648 801 1077 801 1077 801 648 801 646 801 1077 1269 646 1269 1075 1269 1075 1415 646 1415 644 1415 1075 801 644 801 1073 801 1073 1416 644 1416 642 1416 1073 801 642 801 640 801 39 826 38 826 1040 826 1040 1417 38 1417 679 1417 1040 1418 679 1418 1042 1418 1042 826 679 826 681 826 1042 826 681 826 1044 826 1044 1144 681 1144 683 1144 1044 826 683 826 1046 826 1046 1419 683 1419 685 1419 1046 1420 685 1420 1048 1420 1048 1421 685 1421 687 1421 1048 826 687 826 1050 826 1050 1422 687 1422 689 1422 1050 1423 689 1423 1052 1423 1052 1424 689 1424 691 1424 1052 826 691 826 1054 826 1054 1278 691 1278 693 1278 1054 826 693 826 1056 826 1056 826 693 826 695 826 1056 826 695 826 1058 826 1058 1425 695 1425 697 1425 1058 1426 697 1426 1060 1426 1060 1280 697 1280 699 1280 1060 826 699 826 1062 826 1062 1427 699 1427 701 1427 1062 826 701 826 1064 826 1064 826 701 826 703 826 1064 826 703 826 1066 826 1066 826 703 826 705 826 1066 826 705 826 1068 826 1068 1428 705 1428 707 1428 1068 826 707 826 1070 826 1070 826 707 826 709 826 1070 826 709 826 1072 826 709 826 711 826 1072 826 1072 826 711 826 713 826 1072 1429 713 1429 1074 1429 1074 1430 713 1430 715 1430 1074 826 715 826 1076 826 1076 826 715 826 717 826 1076 1290 717 1290 1078 1290 1078 1431 717 1431 719 1431 1078 1432 719 1432 1080 1432 1080 826 719 826 721 826 1080 1433 721 1433 1082 1433 1082 826 721 826 723 826 1082 1292 723 1292 1084 1292 1084 826 723 826 725 826 1084 826 725 826 1086 826 1086 826 725 826 727 826 1086 1434 727 1434 1088 1434 1088 1435 727 1435 729 1435 1088 826 729 826 1090 826 1090 826 729 826 731 826 1090 1436 731 1436 1092 1436 1092 1437 731 1437 733 1437 1092 1438 733 1438 1094 1438 1094 826 733 826 735 826 1094 1298 735 1298 1096 1298 1096 826 735 826 737 826 1096 826 737 826 1098 826 1098 1439 737 1439 739 1439 1098 1440 739 1440 1100 1440 1100 826 739 826 741 826 1100 1123 741 1123 1102 1123 1102 1441 741 1441 743 1441 1102 826 743 826 1104 826 1104 1442 743 1442 745 1442 1104 826 745 826 836 826 836 1443 745 1443 747 1443 44 1307 43 1307 1106 1307 44 1157 1106 1157 1107 1157 1107 1308 1106 1309 1108 1310 1107 1444 1108 1445 1109 1446 1109 1311 1108 1312 1110 1313 1109 1314 1110 1165 1111 999 1111 1447 1110 1447 1112 1447 1111 1001 1112 1001 1113 1001 1113 1003 1112 1003 1114 1003 1113 1448 1114 1448 1115 1448 1115 1317 1114 1318 1116 1319 1115 1320 1116 1321 1117 1322 1117 1323 1116 1324 1118 1325 1117 1449 1118 1450 1119 1451 1119 1452 1118 1452 1120 1452 1119 1017 1120 1017 1121 1017 1121 1453 1120 1453 1122 1453 1121 1454 1122 1454 1123 1454 1123 1330 1122 1330 1124 1330 1123 1330 1124 1330 1125 1330 1125 1182 1124 1182 1126 1182 1125 1182 1126 1182 1127 1182 1127 1455 1126 1456 1128 1457 1127 1334 1128 1334 1129 1334 1129 1335 1128 1335 1130 1335 1129 1336 1130 1336 1131 1336 1131 1032 1130 1032 1132 1032 1131 1458 1132 1458 1133 1458 1133 1189 1132 1189 1134 1189 1133 1459 1134 1459 1135 1459 1135 1191 1134 1191 1136 1191 1135 1036 1136 1036 1137 1036 1137 1339 1136 1339 1138 1339 1137 1460 1138 1460 1139 1460 1139 1042 1138 1042 1140 1042 1139 1461 1140 1462 1141 1463 1141 1344 1140 1345 1142 1346 1141 1464 1142 1464 1143 1464 1143 1199 1142 1199 1144 1199 1143 1046 1144 1046 1145 1046 1145 1200 1144 1201 1146 1465 1145 1466 1146 1466 1147 1466 1147 1352 1146 1352 1148 1352 1147 1352 1148 1352 1149 1352 1149 1353 1148 1354 1150 1355 1149 1356 1150 1212 1151 1058 1151 1467 1150 1468 1152 1469 1151 1470 1152 1471 1153 1472 1153 1473 1152 1473 1154 1473 1153 1474 1154 1474 1155 1474 1155 1364 1154 1364 1156 1364 1155 1475 1156 1475 1157 1475 1157 1476 1156 1476 1158 1476 1157 1365 1158 1365 1159 1365 1159 1366 1158 1366 1160 1366 1159 1072 1160 1072 1161 1072 1161 1227 1160 1227 1162 1227 1161 1227 1162 1227 1163 1227 1163 1367 1162 1368 1164 1369 1163 1370 1164 1232 1165 1233 1165 1477 1164 1477 1166 1477 1165 1235 1166 1235 1167 1235 1167 1373 1166 1237 1168 1374 1167 1478 1168 1479 1169 1480 1169 1086 1168 1086 1170 1086 1169 1481 1170 1481 1171 1481 1171 1482 1170 1482 827 1482 1171 1482 827 1482 839 1482 839 801 326 801 1171 801 1171 1483 326 1483 324 1483 1171 801 324 801 1169 801 1169 1484 324 1484 322 1484 1169 801 322 801 1167 801 1167 801 322 801 320 801 1167 801 320 801 1165 801 1165 1485 320 1485 318 1485 1165 801 318 801 1163 801 1163 1486 318 1486 316 1486 1163 801 316 801 1161 801 1161 801 316 801 314 801 1161 801 314 801 1159 801 1159 801 314 801 312 801 1159 801 312 801 1157 801 1157 801 312 801 310 801 1157 801 310 801 1155 801 1155 1487 310 1487 308 1487 1155 801 308 801 1153 801 1153 801 308 801 306 801 1153 801 306 801 1151 801 1151 1488 306 1488 304 1488 1151 801 304 801 1149 801 1149 801 304 801 302 801 1149 801 302 801 1147 801 1147 801 302 801 300 801 1147 801 300 801 1145 801 1145 801 300 801 298 801 1145 801 298 801 1143 801 1143 801 298 801 296 801 1143 1489 296 1489 1141 1489 1141 801 296 801 294 801 1141 1490 294 1490 1139 1490 294 1491 292 1491 1139 1491 1139 801 292 801 290 801 1139 1492 290 1492 1137 1492 1137 1493 290 1493 288 1493 1137 1494 288 1494 1135 1494 1135 1495 288 1495 286 1495 1135 1496 286 1496 1133 1496 1133 801 286 801 284 801 1133 1497 284 1497 1131 1497 1131 801 284 801 282 801 1131 1498 282 1498 1129 1498 1129 801 282 801 280 801 1129 1499 280 1499 1127 1499 1127 801 280 801 278 801 1127 1500 278 1500 1125 1500 1125 801 278 801 276 801 1125 801 276 801 1123 801 1123 801 276 801 274 801 1123 1501 274 1501 1121 1501 1121 801 274 801 272 801 1121 801 272 801 1119 801 1119 801 272 801 270 801 1119 801 270 801 1117 801 1117 801 270 801 268 801 1117 801 268 801 1115 801 1115 1502 268 1502 266 1502 1115 1503 266 1503 1113 1503 1113 1504 266 1504 264 1504 1113 801 264 801 1111 801 1111 1505 264 1505 262 1505 1111 1090 262 1090 1109 1090 1109 801 262 801 260 801 1109 1506 260 1506 1107 1506 1107 1507 260 1507 258 1507 1107 1508 258 1508 44 1508 44 1509 258 1509 45 1509 677 826 827 826 675 826 675 1510 827 1510 1170 1510 675 826 1170 826 673 826 673 1511 1170 1511 1168 1511 673 826 1168 826 671 826 671 1512 1168 1512 1166 1512 671 826 1166 826 669 826 669 826 1166 826 1164 826 669 1513 1164 1513 667 1513 667 1300 1164 1300 1162 1300 667 1514 1162 1514 665 1514 665 1298 1162 1298 1160 1298 665 1515 1160 1515 663 1515 663 826 1160 826 1158 826 663 1516 1158 1516 661 1516 661 826 1158 826 1156 826 661 1517 1156 1517 659 1517 659 1518 1156 1518 1154 1518 659 1519 1154 1519 657 1519 657 826 1154 826 1152 826 657 1520 1152 1520 655 1520 655 826 1152 826 1150 826 655 826 1150 826 653 826 653 826 1150 826 1148 826 653 826 1148 826 651 826 651 1521 1148 1521 1146 1521 651 1522 1146 1522 649 1522 649 826 1146 826 1144 826 649 826 1144 826 647 826 647 1290 1144 1290 1142 1290 647 826 1142 826 645 826 645 826 1142 826 1140 826 645 826 1140 826 643 826 643 826 1140 826 1138 826 43 826 42 826 1106 826 1106 826 42 826 609 826 1106 826 609 826 1108 826 1108 826 609 826 611 826 1108 1523 611 1523 1110 1523 1110 1524 611 1524 613 1524 1110 1525 613 1525 1112 1525 1112 826 613 826 615 826 1112 826 615 826 1114 826 1114 1526 615 1526 617 1526 1114 1527 617 1527 1116 1527 1116 1528 617 1528 619 1528 1116 826 619 826 1118 826 1118 1149 619 1149 621 1149 1118 826 621 826 1120 826 1120 826 621 826 623 826 1120 826 623 826 1122 826 1122 826 623 826 625 826 1122 826 625 826 1124 826 1124 826 625 826 627 826 1124 1529 627 1529 1126 1529 1126 1530 627 1530 629 1530 1126 826 629 826 1128 826 1128 826 629 826 631 826 1128 826 631 826 1130 826 1130 826 631 826 633 826 1130 826 633 826 1132 826 1132 826 633 826 635 826 1132 826 635 826 1134 826 1134 826 635 826 637 826 1134 826 637 826 1136 826 1136 826 637 826 639 826 1136 826 639 826 1138 826 1138 1531 639 1531 641 1531 1138 1532 641 1532 643 1532 12 1307 36 1307 1172 1307 12 990 1172 990 1173 990 1173 1308 1172 1309 1174 1533 1173 1534 1174 1534 1175 1534 1175 1311 1174 1312 1176 1535 1175 1536 1176 1537 1177 1538 1177 1315 1176 1315 1178 1315 1177 1539 1178 1539 1179 1539 1179 1003 1178 1003 1180 1003 1179 1003 1180 1003 1181 1003 1181 1540 1180 1318 1182 1541 1181 1542 1182 1543 1183 1544 1183 1170 1182 1171 1184 1172 1183 1173 1184 1174 1185 1175 1185 1545 1184 1545 1186 1545 1185 1546 1186 1546 1187 1546 1187 1019 1186 1019 1188 1019 1187 1178 1188 1178 1189 1178 1189 1547 1188 1547 1190 1547 1189 1548 1190 1548 1191 1548 1191 1182 1190 1182 1192 1182 1191 1181 1192 1181 1193 1181 1193 1549 1192 1550 1194 1551 1193 1552 1194 1553 1195 1554 1195 1186 1194 1186 1196 1186 1195 1030 1196 1030 1197 1030 1197 1187 1196 1187 1198 1187 1197 1032 1198 1032 1199 1032 1199 1034 1198 1034 1200 1034 1199 1555 1200 1555 1201 1555 1201 1036 1200 1036 1202 1036 1201 1035 1202 1035 1203 1035 1203 1192 1202 1192 1204 1192 1203 1192 1204 1192 1205 1192 1205 1042 1204 1042 1206 1042 1205 1556 1206 1556 1207 1556 1207 1043 1206 1043 1208 1043 1207 1044 1208 1044 1209 1044 1209 1046 1208 1046 1210 1046 1209 1557 1210 1557 1211 1557 1211 1200 1210 1201 1212 1202 1211 1203 1212 1204 1213 1205 1213 1558 1212 1558 1214 1558 1213 1049 1214 1049 1215 1049 1215 1353 1214 1354 1216 1559 1215 1560 1216 1561 1217 1562 1217 1563 1216 1564 1218 1565 1217 1566 1218 1567 1219 1568 1219 1569 1218 1569 1220 1569 1219 1570 1220 1570 1221 1570 1221 1364 1220 1364 1222 1364 1221 1571 1222 1571 1223 1571 1223 1572 1222 1572 1224 1572 1223 1573 1224 1573 1225 1573 1225 1366 1224 1366 1226 1366 1225 1574 1226 1574 1227 1574 1227 1227 1226 1227 1228 1227 1227 1226 1228 1226 1229 1226 1229 1367 1228 1368 1230 1575 1229 1576 1230 1577 1231 1578 1231 1371 1230 1371 1232 1371 1231 1579 1232 1579 1233 1579 1233 1373 1232 1237 1234 1580 1233 1236 1234 1236 1235 1236 1235 1581 1234 1581 1236 1581 1235 1582 1236 1582 1237 1582 1237 1088 1236 1088 825 1088 1237 1240 825 1240 829 1240 829 801 606 801 1237 801 1237 801 606 801 604 801 1237 801 604 801 1235 801 1235 1583 604 1583 602 1583 1235 801 602 801 1233 801 1233 1584 602 1584 600 1584 1233 801 600 801 1231 801 1231 1585 600 1585 598 1585 1231 801 598 801 1229 801 1229 1111 598 1111 596 1111 1229 801 596 801 1227 801 1227 801 596 801 594 801 1227 1586 594 1586 1225 1586 1225 801 594 801 592 801 1225 801 592 801 1223 801 1223 1263 592 1263 590 1263 1223 801 590 801 1221 801 1221 801 590 801 588 801 1221 1587 588 1587 1219 1587 1219 1114 588 1114 586 1114 1219 801 586 801 1217 801 1217 801 586 801 584 801 1217 801 584 801 1215 801 1215 801 584 801 582 801 1215 801 582 801 1213 801 1213 801 582 801 580 801 1213 801 580 801 1211 801 1211 801 580 801 578 801 1211 801 578 801 1209 801 1209 1268 578 1268 576 1268 1209 801 576 801 1207 801 1207 801 576 801 574 801 1207 1588 574 1588 1205 1588 574 1589 572 1589 1205 1589 1205 801 572 801 570 801 1205 1590 570 1590 1203 1590 1203 801 570 801 568 801 1203 801 568 801 1201 801 1201 801 568 801 566 801 1201 1591 566 1591 1199 1591 1199 1592 566 1592 564 1592 1199 801 564 801 1197 801 1197 801 564 801 562 801 1197 1593 562 1593 1195 1593 1195 801 562 801 560 801 1195 1594 560 1594 1193 1594 1193 801 560 801 558 801 1193 1595 558 1595 1191 1595 1191 801 558 801 556 801 1191 1596 556 1596 1189 1596 1189 801 556 801 554 801 1189 801 554 801 1187 801 1187 1597 554 1597 552 1597 1187 1598 552 1598 1185 1598 1185 1599 552 1599 550 1599 1185 801 550 801 1183 801 1183 1600 550 1600 548 1600 1183 1601 548 1601 1181 1601 1181 1602 548 1602 546 1602 1181 1396 546 1396 1179 1396 1179 801 546 801 544 801 1179 801 544 801 1177 801 1177 1603 544 1603 542 1603 1177 801 542 801 1175 801 1175 1604 542 1604 540 1604 1175 801 540 801 1173 801 1173 1605 540 1605 538 1605 1173 1606 538 1606 12 1606 12 1607 538 1607 13 1607 537 1608 825 1608 535 1608 535 1609 825 1609 1236 1609 535 826 1236 826 533 826 533 1610 1236 1610 1234 1610 533 826 1234 826 531 826 531 826 1234 826 1232 826 531 826 1232 826 529 826 529 1611 1232 1611 1230 1611 529 1126 1230 1126 527 1126 527 1300 1230 1300 1228 1300 527 826 1228 826 525 826 525 826 1228 826 1226 826 525 1612 1226 1612 523 1612 523 826 1226 826 1224 826 523 1613 1224 1613 521 1613 521 1614 1224 1614 1222 1614 521 1615 1222 1615 519 1615 519 826 1222 826 1220 826 519 1519 1220 1519 517 1519 517 826 1220 826 1218 826 517 1616 1218 1616 515 1616 515 826 1218 826 1216 826 515 826 1216 826 513 826 513 826 1216 826 1214 826 513 826 1214 826 511 826 511 826 1214 826 1212 826 511 826 1212 826 509 826 509 826 1212 826 1210 826 509 826 1210 826 507 826 507 826 1210 826 1208 826 507 1136 1208 1136 505 1136 505 1617 1208 1617 1206 1617 505 1137 1206 1137 503 1137 503 826 1206 826 1204 826 36 1139 35 1139 1172 1139 1172 1618 35 1618 469 1618 1172 826 469 826 1174 826 1174 1619 469 1619 471 1619 1174 826 471 826 1176 826 1176 826 471 826 473 826 1176 826 473 826 1178 826 1178 1274 473 1274 475 1274 1178 826 475 826 1180 826 1180 1620 475 1620 477 1620 1180 826 477 826 1182 826 1182 1621 477 1621 479 1621 1182 826 479 826 1184 826 1184 826 479 826 481 826 1184 826 481 826 1186 826 1186 1622 481 1622 483 1622 1186 826 483 826 1188 826 1188 1623 483 1623 485 1623 1188 1624 485 1624 1190 1624 1190 1425 485 1425 487 1425 1190 1625 487 1625 1192 1625 1192 1626 487 1626 489 1626 1192 1627 489 1627 1194 1627 1194 826 489 826 491 826 1194 826 491 826 1196 826 1196 826 491 826 493 826 1196 826 493 826 1198 826 1198 1628 493 1628 495 1628 1198 826 495 826 1200 826 1200 826 495 826 497 826 1200 826 497 826 1202 826 1202 1629 497 1629 499 1629 1202 826 499 826 1204 826 1204 1630 499 1630 501 1630 1204 826 501 826 503 826 33 1307 32 1307 1238 1307 33 1157 1238 1157 1239 1157 1239 1308 1238 1309 1240 1310 1239 993 1240 993 1241 993 1241 1311 1240 1312 1242 1313 1241 1314 1242 1165 1243 999 1243 1315 1242 1315 1244 1315 1243 1001 1244 1001 1245 1001 1245 1003 1244 1003 1246 1003 1245 1316 1246 1316 1247 1316 1247 1317 1246 1318 1248 1319 1247 1320 1248 1321 1249 1322 1249 1323 1248 1324 1250 1325 1249 1326 1250 1327 1251 1175 1251 1017 1250 1017 1252 1017 1251 1017 1252 1017 1253 1017 1253 1453 1252 1453 1254 1453 1253 1631 1254 1631 1255 1631 1255 1330 1254 1330 1256 1330 1255 1330 1256 1330 1257 1330 1257 1182 1256 1182 1258 1182 1257 1182 1258 1182 1259 1182 1259 1331 1258 1332 1260 1333 1259 1334 1260 1334 1261 1334 1261 1335 1260 1335 1262 1335 1261 1336 1262 1336 1263 1336 1263 1032 1262 1032 1264 1032 1263 1337 1264 1337 1265 1337 1265 1632 1264 1632 1266 1632 1265 1034 1266 1034 1267 1034 1267 1191 1266 1191 1268 1191 1267 1036 1268 1036 1269 1036 1269 1339 1268 1339 1270 1339 1269 1340 1270 1340 1271 1340 1271 1042 1270 1042 1272 1042 1271 1633 1272 1634 1273 1635 1273 1344 1272 1345 1274 1346 1273 1347 1274 1347 1275 1347 1275 1199 1274 1199 1276 1199 1275 1046 1276 1046 1277 1046 1277 1200 1276 1201 1278 1465 1277 1636 1278 1636 1279 1636 1279 1352 1278 1352 1280 1352 1279 1637 1280 1051 1281 1052 1281 1353 1280 1354 1282 1355 1281 1356 1282 1212 1283 1058 1283 1467 1282 1468 1284 1469 1283 1470 1284 1471 1285 1472 1285 1473 1284 1473 1286 1473 1285 1066 1286 1066 1287 1066 1287 1221 1286 1221 1288 1221 1287 1638 1288 1638 1289 1638 1289 1070 1288 1070 1290 1070 1289 1365 1290 1365 1291 1365 1291 1366 1290 1366 1292 1366 1291 1072 1292 1072 1293 1072 1293 1227 1292 1227 1294 1227 1293 1227 1294 1227 1295 1227 1295 1367 1294 1368 1296 1369 1295 1370 1296 1232 1297 1233 1297 1477 1296 1477 1298 1477 1297 1235 1298 1235 1299 1235 1299 1373 1298 1237 1300 1374 1299 1375 1300 1376 1301 1377 1301 1086 1300 1086 1302 1086 1301 1378 1302 1378 1303 1378 1303 1379 1302 1379 820 1379 1303 1088 820 1088 826 1088 1271 1639 500 1639 1269 1639 1269 801 500 801 498 801 1269 1640 498 1640 1267 1640 1267 801 498 801 496 801 1267 1382 496 1382 1265 1382 1265 801 496 801 494 801 1265 1641 494 1641 1263 1641 1263 1642 494 1642 492 1642 1263 1643 492 1643 1261 1643 1261 801 492 801 490 801 1261 1644 490 1644 1259 1644 1259 801 490 801 488 801 1259 1645 488 1645 1257 1645 1257 801 488 801 486 801 1257 1387 486 1387 1255 1387 1255 801 486 801 484 801 1255 801 484 801 1253 801 1253 801 484 801 482 801 1253 801 482 801 1251 801 1251 1646 482 1646 480 1646 1251 801 480 801 1249 801 1249 1647 480 1647 478 1647 1249 801 478 801 1247 801 1247 1502 478 1502 476 1502 1247 801 476 801 1245 801 1245 1648 476 1648 474 1648 1245 801 474 801 1243 801 1243 1649 474 1649 472 1649 1243 801 472 801 1241 801 1241 1650 472 1650 470 1650 1241 1400 470 1400 1239 1400 1239 1605 470 1605 468 1605 1239 801 468 801 33 801 33 1607 468 1607 34 1607 826 801 536 801 1303 801 1303 1105 536 1105 534 1105 1303 801 534 801 1301 801 1301 1651 534 1651 532 1651 1301 801 532 801 1299 801 1299 1652 532 1652 530 1652 1299 801 530 801 1297 801 1297 801 530 801 528 801 1297 801 528 801 1295 801 1295 801 528 801 526 801 1295 801 526 801 1293 801 1293 1261 526 1261 524 1261 1293 801 524 801 1291 801 1291 801 524 801 522 801 1291 801 522 801 1289 801 1289 801 522 801 520 801 1289 801 520 801 1287 801 1287 1653 520 1653 518 1653 1287 801 518 801 1285 801 1285 1411 518 1411 516 1411 1285 1264 516 1264 1283 1264 1283 1412 516 1412 514 1412 1283 801 514 801 1281 801 1281 801 514 801 512 801 1281 801 512 801 1279 801 1279 801 512 801 510 801 1279 801 510 801 1277 801 1277 801 510 801 508 801 1277 801 508 801 1275 801 1275 801 508 801 506 801 1275 801 506 801 1273 801 1273 801 506 801 504 801 1273 801 504 801 1271 801 1271 801 504 801 502 801 1271 801 502 801 500 801 32 1139 31 1139 1238 1139 1238 1417 31 1417 399 1417 1238 1418 399 1418 1240 1418 1240 1654 399 1654 401 1654 1240 826 401 826 1242 826 1242 1655 401 1655 403 1655 1242 1656 403 1656 1244 1656 1244 1657 403 1657 405 1657 1244 826 405 826 1246 826 1246 1658 405 1658 407 1658 1246 1527 407 1527 1248 1527 1248 826 407 826 409 826 1248 826 409 826 1250 826 1250 1659 409 1659 411 1659 1250 1660 411 1660 1252 1660 1252 1622 411 1622 413 1622 1252 826 413 826 1254 826 1254 1661 413 1661 415 1661 1254 826 415 826 1256 826 1256 826 415 826 417 826 1256 1625 417 1625 1258 1625 1258 1626 417 1626 419 1626 1258 826 419 826 1260 826 1260 1427 419 1427 421 1427 1260 1662 421 1662 1262 1662 1262 826 421 826 423 826 1262 826 423 826 1264 826 1264 1663 423 1663 425 1663 1264 826 425 826 1266 826 1266 1664 425 1664 427 1664 1266 826 427 826 1268 826 1268 826 427 826 429 826 1268 1665 429 1665 1270 1665 429 1287 431 1287 1270 1287 1270 826 431 826 433 826 1270 1429 433 1429 1272 1429 1272 1666 433 1666 435 1666 1272 1667 435 1667 1274 1667 1274 1668 435 1668 437 1668 1274 1669 437 1669 1276 1669 1276 826 437 826 439 826 1276 1432 439 1432 1278 1432 1278 826 439 826 441 826 1278 1433 441 1433 1280 1433 1280 826 441 826 443 826 1280 826 443 826 1282 826 1282 826 443 826 445 826 1282 1670 445 1670 1284 1670 1284 1671 445 1671 447 1671 1284 1672 447 1672 1286 1672 1286 1435 447 1435 449 1435 1286 1673 449 1673 1288 1673 1288 1674 449 1674 451 1674 1288 1675 451 1675 1290 1675 1290 826 451 826 453 826 1290 1676 453 1676 1292 1676 1292 826 453 826 455 826 1292 826 455 826 1294 826 1294 1677 455 1677 457 1677 1294 1300 457 1300 1296 1300 1296 1126 457 1126 459 1126 1296 826 459 826 1298 826 1298 1678 459 1678 461 1678 1298 1679 461 1679 1300 1679 1300 1680 461 1680 463 1680 1300 826 463 826 1302 826 1302 1681 463 1681 465 1681 1302 1682 465 1682 820 1682 820 1683 465 1683 467 1683 29 1307 28 1307 1304 1307 29 1157 1304 1157 1305 1157 1305 1684 1304 1685 1306 1686 1305 993 1306 993 1307 993 1307 1311 1306 1312 1308 1313 1307 1314 1308 1165 1309 999 1309 1315 1308 1315 1310 1315 1309 1687 1310 1687 1311 1687 1311 1448 1310 1448 1312 1448 1311 1003 1312 1003 1313 1003 1313 1317 1312 1318 1314 1319 1313 1320 1314 1321 1315 1322 1315 1688 1314 1689 1316 1690 1315 1326 1316 1327 1317 1175 1317 1017 1316 1017 1318 1017 1317 1452 1318 1452 1319 1452 1319 1691 1318 1691 1320 1691 1319 1329 1320 1329 1321 1329 1321 1330 1320 1330 1322 1330 1321 1330 1322 1330 1323 1330 1323 1182 1322 1182 1324 1182 1323 1182 1324 1182 1325 1182 1325 1331 1324 1332 1326 1333 1325 1692 1326 1693 1327 1694 1327 1335 1326 1335 1328 1335 1327 1336 1328 1336 1329 1336 1329 1458 1328 1458 1330 1458 1329 1032 1330 1032 1331 1032 1331 1695 1330 1695 1332 1695 1331 1034 1332 1034 1333 1034 1333 1191 1332 1191 1334 1191 1333 1036 1334 1036 1335 1036 1335 1696 1334 1696 1336 1696 1335 1340 1336 1340 1337 1340 1337 1697 1336 1698 1338 1699 1337 1042 1338 1042 1339 1042 1339 1700 1338 1701 1340 1702 1339 1347 1340 1347 1341 1347 1341 1199 1340 1199 1342 1199 1341 1046 1342 1046 1343 1046 1343 1703 1342 1703 1344 1703 1343 1048 1344 1048 1345 1048 1345 1352 1344 1352 1346 1352 1345 1352 1346 1352 1347 1352 1347 1353 1346 1354 1348 1355 1347 1356 1348 1212 1349 1058 1349 1357 1348 1358 1350 1359 1349 1360 1350 1361 1351 1362 1351 1704 1350 1704 1352 1704 1351 1363 1352 1363 1353 1363 1353 1705 1352 1705 1354 1705 1353 1638 1354 1638 1355 1638 1355 1070 1354 1070 1356 1070 1355 1706 1356 1706 1357 1706 1357 1366 1356 1366 1358 1366 1357 1072 1358 1072 1359 1072 1359 1227 1358 1227 1360 1227 1359 1227 1360 1227 1361 1227 1361 1367 1360 1368 1362 1369 1361 1370 1362 1232 1363 1233 1363 1371 1362 1371 1364 1371 1363 1372 1364 1372 1365 1372 1365 1707 1364 1708 1366 1709 1365 1375 1366 1376 1367 1377 1367 1481 1366 1481 1368 1481 1367 1086 1368 1086 1369 1086 1369 1482 1368 1482 823 1482 1369 1482 823 1482 821 1482 30 1710 29 1710 398 1710 398 1711 29 1711 1305 1711 398 801 1305 801 400 801 400 1506 1305 1506 1307 1506 400 801 1307 801 402 801 402 1712 1307 1712 1309 1712 402 801 1309 801 404 801 404 1713 1309 1713 1311 1713 404 801 1311 801 406 801 406 1714 1311 1714 1313 1714 406 801 1313 801 408 801 408 801 1313 801 1315 801 408 801 1315 801 410 801 410 801 1315 801 1317 801 410 1715 1317 1715 412 1715 412 1390 1317 1390 1319 1390 412 1716 1319 1716 414 1716 414 1717 1319 1717 1321 1717 414 1718 1321 1718 416 1718 416 801 1321 801 1323 801 416 801 1323 801 418 801 418 801 1323 801 1325 801 418 1719 1325 1719 420 1719 420 801 1325 801 1327 801 420 1720 1327 1720 422 1720 422 801 1327 801 1329 801 422 1721 1329 1721 424 1721 424 801 1329 801 1331 801 424 1722 1331 1722 426 1722 426 801 1331 801 1333 801 426 1723 1333 1723 428 1723 428 801 1333 801 1335 801 428 1724 1335 1724 430 1724 430 801 1335 801 1337 801 821 801 466 801 1369 801 1369 1725 466 1725 464 1725 1369 801 464 801 1367 801 1367 801 464 801 462 801 1367 801 462 801 1365 801 1365 1726 462 1726 460 1726 1365 801 460 801 1363 801 1363 1259 460 1259 458 1259 1363 801 458 801 1361 801 1361 1409 458 1409 456 1409 1361 801 456 801 1359 801 1359 1410 456 1410 454 1410 1359 801 454 801 1357 801 1357 801 454 801 452 801 1357 801 452 801 1355 801 1355 801 452 801 450 801 1355 801 450 801 1353 801 1353 801 450 801 448 801 1353 801 448 801 1351 801 1351 801 448 801 446 801 1351 801 446 801 1349 801 1349 801 446 801 444 801 1349 801 444 801 1347 801 1347 1727 444 1727 442 1727 1347 801 442 801 1345 801 1345 801 442 801 440 801 1345 1728 440 1728 1343 1728 1343 801 440 801 438 801 1343 1729 438 1729 1341 1729 1341 801 438 801 436 801 1341 801 436 801 1339 801 1339 801 436 801 434 801 1339 801 434 801 1337 801 1337 1416 434 1416 432 1416 1337 1730 432 1730 430 1730 28 1731 27 1731 1304 1731 1304 1732 27 1732 329 1732 1304 1733 329 1733 1306 1733 1306 1654 329 1654 331 1654 1306 1734 331 1734 1308 1734 1308 826 331 826 333 826 1308 826 333 826 1310 826 1310 1735 333 1735 335 1735 1310 826 335 826 1312 826 1312 1736 335 1736 337 1736 1312 826 337 826 1314 826 1314 1422 337 1422 339 1422 1314 1737 339 1737 1316 1737 1316 1659 339 1659 341 1659 1316 826 341 826 1318 826 1318 1738 341 1738 343 1738 1318 826 343 826 1320 826 1320 826 343 826 345 826 1320 826 345 826 1322 826 1322 826 345 826 347 826 1322 1739 347 1739 1324 1739 1324 1740 347 1740 349 1740 1324 826 349 826 1326 826 1326 826 349 826 351 826 1326 1741 351 1741 1328 1741 1328 826 351 826 353 826 1328 826 353 826 1330 826 1330 826 353 826 355 826 1330 1742 355 1742 1332 1742 1332 826 355 826 357 826 1332 826 357 826 1334 826 1334 1743 357 1743 359 1743 1334 826 359 826 1336 826 359 1744 361 1744 1336 1744 1336 826 361 826 363 826 1336 826 363 826 1338 826 1338 826 363 826 365 826 1338 1745 365 1745 1340 1745 1340 826 365 826 367 826 1340 1746 367 1746 1342 1746 1342 826 367 826 369 826 1342 1747 369 1747 1344 1747 1344 826 369 826 371 826 1344 826 371 826 1346 826 1346 826 371 826 373 826 1346 1748 373 1748 1348 1748 1348 826 373 826 375 826 1348 1749 375 1749 1350 1749 1350 1750 375 1750 377 1750 1350 1751 377 1751 1352 1751 1352 1752 377 1752 379 1752 1352 1753 379 1753 1354 1753 1354 826 379 826 381 826 1354 1754 381 1754 1356 1754 1356 826 381 826 383 826 1356 1755 383 1755 1358 1755 1358 826 383 826 385 826 1358 1756 385 1756 1360 1756 1360 826 385 826 387 826 1360 1757 387 1757 1362 1757 1362 826 387 826 389 826 1362 1758 389 1758 1364 1758 1364 1759 389 1759 391 1759 1364 1760 391 1760 1366 1760 1366 826 391 826 393 826 1366 826 393 826 1368 826 1368 1761 393 1761 395 1761 1368 826 395 826 823 826 823 1762 395 1762 397 1762 18 1763 17 1763 1370 1763 18 1764 1370 1764 1371 1764 1371 1765 1370 1765 1372 1765 1371 1685 1372 1766 1373 1767 1373 1768 1372 1769 1374 1770 1373 1771 1374 1772 1375 1773 1375 1774 1374 1774 1376 1774 1375 1775 1376 1775 1377 1775 1377 1776 1376 1776 1378 1776 1377 1777 1378 1777 1379 1777 1379 1778 1378 1779 1380 1780 1379 1781 1380 1782 1381 1783 1381 1784 1380 1785 1382 1786 1381 1787 1382 1788 1383 1789 1383 1790 1382 1790 1384 1790 1383 1791 1384 1791 1385 1791 1385 1792 1384 1792 1386 1792 1385 1793 1386 1793 1387 1793 1387 1794 1386 1794 1388 1794 1387 1795 1388 1795 1389 1795 1389 1796 1388 1797 1390 1798 1389 1799 1390 1799 1391 1799 1391 1331 1390 1332 1392 1800 1391 1801 1392 1802 1393 1803 1393 1804 1392 1804 1394 1804 1393 1805 1394 1805 1395 1805 1395 1806 1394 1806 1396 1806 1395 1807 1396 1807 1397 1807 1397 1808 1396 1808 1398 1808 1397 1809 1398 1809 1399 1809 1399 1810 1398 1810 1400 1810 1399 1811 1400 1811 1401 1811 1401 1812 1400 1812 1402 1812 1401 1340 1402 1340 1403 1340 1403 1042 1402 1042 1404 1042 1403 1042 1404 1042 1405 1042 1405 1813 1404 1813 1406 1813 1405 1347 1406 1347 1407 1347 1407 1814 1406 1814 1408 1814 1407 1815 1408 1815 1409 1815 1409 1816 1408 1817 1410 1818 1409 1466 1410 1466 1411 1466 1411 1819 1410 1819 1412 1819 1411 1820 1412 1820 1413 1820 1413 1821 1412 1822 1414 1823 1413 1824 1414 1825 1415 1826 1415 1827 1414 1828 1416 1829 1415 1830 1416 1831 1417 1472 1417 1832 1416 1833 1418 1834 1417 1363 1418 1363 1419 1363 1419 1835 1418 1835 1420 1835 1419 1836 1420 1836 1421 1836 1421 1837 1420 1837 1422 1837 1421 1838 1422 1838 1423 1838 1423 1839 1422 1839 1424 1839 1423 1839 1424 1839 1425 1839 1425 1840 1424 1840 1426 1840 1425 1841 1426 1841 1427 1841 1427 1842 1426 1842 1428 1842 1427 1843 1428 1844 1429 1845 1429 1846 1428 1846 1430 1846 1429 1372 1430 1372 1431 1372 1431 1847 1430 1848 1432 1849 1431 1850 1432 1851 1433 1852 1433 1853 1432 1853 1434 1853 1433 1481 1434 1481 1435 1481 1435 1854 1434 1854 830 1854 1435 1855 830 1855 832 1855 832 1856 396 1856 1435 1856 1435 1857 396 1857 394 1857 1435 801 394 801 1433 801 1433 1858 394 1858 392 1858 1433 801 392 801 1431 801 1431 1859 392 1859 390 1859 1431 801 390 801 1429 801 1429 1860 390 1860 388 1860 1429 1861 388 1861 1427 1861 1427 1486 388 1486 386 1486 1427 801 386 801 1425 801 1425 801 386 801 384 801 1425 801 384 801 1423 801 1423 1862 384 1862 382 1862 1423 801 382 801 1421 801 1421 1863 382 1863 380 1863 1421 801 380 801 1419 801 1419 1864 380 1864 378 1864 1419 801 378 801 1417 801 1417 801 378 801 376 801 1417 801 376 801 1415 801 1415 801 376 801 374 801 1415 801 374 801 1413 801 1413 1865 374 1865 372 1865 1413 1866 372 1866 1411 1866 1411 1867 372 1867 370 1867 1411 1868 370 1868 1409 1868 1409 801 370 801 368 801 1409 801 368 801 1407 801 1407 801 368 801 366 801 1407 1869 366 1869 1405 1869 1405 801 366 801 364 801 1405 1870 364 1870 1403 1870 364 1871 362 1871 1403 1871 1403 801 362 801 360 801 1403 1872 360 1872 1401 1872 1401 1873 360 1873 358 1873 1401 1874 358 1874 1399 1874 1399 801 358 801 356 801 1399 1875 356 1875 1397 1875 1397 801 356 801 354 801 1397 1876 354 1876 1395 1876 1395 801 354 801 352 801 1395 1643 352 1643 1393 1643 1393 801 352 801 350 801 1393 1877 350 1877 1391 1877 1391 801 350 801 348 801 1391 1878 348 1878 1389 1878 1389 801 348 801 346 801 1389 1879 346 1879 1387 1879 1387 801 346 801 344 801 1387 801 344 801 1385 801 1385 801 344 801 342 801 1385 1880 342 1880 1383 1880 1383 801 342 801 340 801 1383 801 340 801 1381 801 1381 1881 340 1881 338 1881 1381 801 338 801 1379 801 1379 1882 338 1882 336 1882 1379 801 336 801 1377 801 1377 1883 336 1883 334 1883 1377 801 334 801 1375 801 1375 1884 334 1884 332 1884 1375 1885 332 1885 1373 1885 1373 1886 332 1886 330 1886 1373 801 330 801 1371 801 1371 1887 330 1887 328 1887 1371 801 328 801 18 801 18 801 328 801 26 801 257 826 830 826 255 826 255 1510 830 1510 1434 1510 255 1888 1434 1888 253 1888 253 1889 1434 1889 1432 1889 253 1890 1432 1890 251 1890 251 1891 1432 1891 1430 1891 251 1892 1430 1892 249 1892 249 1893 1430 1893 1428 1893 249 1894 1428 1894 247 1894 247 826 1428 826 1426 826 247 826 1426 826 245 826 245 826 1426 826 1424 826 245 826 1424 826 243 826 243 1895 1424 1895 1422 1895 243 1896 1422 1896 241 1896 241 826 1422 826 1420 826 241 1897 1420 1897 239 1897 239 826 1420 826 1418 826 239 1898 1418 1898 237 1898 237 826 1418 826 1416 826 237 826 1416 826 235 826 235 826 1416 826 1414 826 235 826 1414 826 233 826 233 826 1414 826 1412 826 233 1899 1412 1899 231 1899 231 826 1412 826 1410 826 231 826 1410 826 229 826 229 826 1410 826 1408 826 229 1900 1408 1900 227 1900 227 826 1408 826 1406 826 227 826 1406 826 225 826 225 1901 1406 1901 1404 1901 225 1902 1404 1902 223 1902 223 826 1404 826 1402 826 17 1903 5 1903 1370 1903 1370 1904 5 1904 189 1904 1370 826 189 826 1372 826 1372 826 189 826 191 826 1372 826 191 826 1374 826 1374 1905 191 1905 193 1905 1374 1906 193 1906 1376 1906 1376 1907 193 1907 195 1907 1376 826 195 826 1378 826 1378 1908 195 1908 197 1908 1378 1909 197 1909 1380 1909 1380 1910 197 1910 199 1910 1380 826 199 826 1382 826 1382 1911 199 1911 201 1911 1382 826 201 826 1384 826 1384 1912 201 1912 203 1912 1384 1913 203 1913 1386 1913 1386 1914 203 1914 205 1914 1386 826 205 826 1388 826 1388 1915 205 1915 207 1915 1388 826 207 826 1390 826 1390 1916 207 1916 209 1916 1390 826 209 826 1392 826 1392 826 209 826 211 826 1392 826 211 826 1394 826 1394 826 211 826 213 826 1394 826 213 826 1396 826 1396 826 213 826 215 826 1396 1917 215 1917 1398 1917 1398 1918 215 1918 217 1918 1398 1919 217 1919 1400 1919 1400 1920 217 1920 219 1920 1400 1921 219 1921 1402 1921 1402 1922 219 1922 221 1922 1402 826 221 826 223 826 3 1923 47 1923 1436 1923 3 1924 1436 1924 1437 1924 1437 1925 1436 1926 1438 1927 1437 1928 1438 1929 1439 1930 1439 1931 1438 1932 1440 1933 1439 1934 1440 1935 1441 1936 1441 1775 1440 1775 1442 1775 1441 1774 1442 1774 1443 1774 1443 1003 1442 1003 1444 1003 1443 1937 1444 1937 1445 1937 1445 1938 1444 1939 1446 1940 1445 1941 1446 1942 1447 1943 1447 1944 1446 1945 1448 1946 1447 1787 1448 1788 1449 1789 1449 1947 1448 1947 1450 1947 1449 1948 1450 1948 1451 1948 1451 1949 1450 1949 1452 1949 1451 1950 1452 1950 1453 1950 1453 1951 1452 1951 1454 1951 1453 1952 1454 1952 1455 1952 1455 1953 1454 1954 1456 1955 1455 1956 1456 1956 1457 1956 1457 1957 1456 1958 1458 1959 1457 1334 1458 1334 1459 1334 1459 1805 1458 1805 1460 1805 1459 1804 1460 1804 1461 1804 1461 1960 1460 1960 1462 1960 1461 1961 1462 1961 1463 1961 1463 1809 1462 1809 1464 1809 1463 1808 1464 1808 1465 1808 1465 1811 1464 1811 1466 1811 1465 1810 1466 1810 1467 1810 1467 1340 1466 1340 1468 1340 1467 1812 1468 1812 1469 1812 1469 1042 1468 1042 1470 1042 1469 1042 1470 1042 1471 1042 1471 1962 1470 1962 1472 1962 1471 1963 1472 1963 1473 1963 1473 1814 1472 1814 1474 1814 1473 1815 1474 1815 1475 1815 1475 1964 1474 1965 1476 1966 1475 1967 1476 1968 1477 1969 1477 1970 1476 1970 1478 1970 1477 1971 1478 1971 1479 1971 1479 1972 1478 1973 1480 1974 1479 1975 1480 1976 1481 1977 1481 1978 1480 1358 1482 1979 1481 1980 1482 1981 1483 1982 1483 1473 1482 1473 1484 1473 1483 1983 1484 1983 1485 1983 1485 1836 1484 1836 1486 1836 1485 1835 1486 1835 1487 1835 1487 1838 1486 1838 1488 1838 1487 1837 1488 1837 1489 1837 1489 1839 1488 1839 1490 1839 1489 1839 1490 1839 1491 1839 1491 1840 1490 1840 1492 1840 1491 1841 1492 1841 1493 1841 1493 1984 1492 1984 1494 1984 1493 1985 1494 1986 1495 1987 1495 1477 1494 1477 1496 1477 1495 1988 1496 1988 1497 1988 1497 1989 1496 1990 1498 1991 1497 1992 1498 1993 1499 1994 1499 1481 1498 1481 1500 1481 1499 1853 1500 1853 1501 1853 1501 1854 1500 1854 834 1854 1501 1855 834 1855 831 1855 1469 801 220 801 1467 801 1467 1995 220 1995 218 1995 1467 1996 218 1996 1465 1996 1465 801 218 801 216 801 1465 801 216 801 1463 801 1463 801 216 801 214 801 1463 801 214 801 1461 801 1461 801 214 801 212 801 1461 1997 212 1997 1459 1997 1459 801 212 801 210 801 1459 1998 210 1998 1457 1998 1457 801 210 801 208 801 1457 1999 208 1999 1455 1999 1455 801 208 801 206 801 1455 2000 206 2000 1453 2000 1453 2001 206 2001 204 2001 1453 2002 204 2002 1451 2002 1451 2003 204 2003 202 2003 1451 2004 202 2004 1449 2004 1449 2005 202 2005 200 2005 1449 2006 200 2006 1447 2006 1447 801 200 801 198 801 1447 2007 198 2007 1445 2007 1445 2008 198 2008 196 2008 1445 2009 196 2009 1443 2009 1443 2010 196 2010 194 2010 1443 801 194 801 1441 801 1441 2011 194 2011 192 2011 1441 801 192 801 1439 801 1439 801 192 801 190 801 1439 801 190 801 1437 801 1437 801 190 801 188 801 1437 801 188 801 3 801 3 801 188 801 4 801 831 801 256 801 1501 801 1501 2012 256 2012 254 2012 1501 801 254 801 1499 801 1499 2013 254 2013 252 2013 1499 2014 252 2014 1497 2014 1497 801 252 801 250 801 1497 801 250 801 1495 801 1495 2015 250 2015 248 2015 1495 2016 248 2016 1493 2016 1493 2017 248 2017 246 2017 1493 801 246 801 1491 801 1491 801 246 801 244 801 1491 801 244 801 1489 801 1489 2018 244 2018 242 2018 1489 801 242 801 1487 801 1487 2019 242 2019 240 2019 1487 801 240 801 1485 801 1485 801 240 801 238 801 1485 801 238 801 1483 801 1483 2020 238 2020 236 2020 1483 801 236 801 1481 801 1481 801 236 801 234 801 1481 801 234 801 1479 801 1479 2021 234 2021 232 2021 1479 801 232 801 1477 801 1477 2022 232 2022 230 2022 1477 801 230 801 1475 801 1475 2023 230 2023 228 2023 1475 801 228 801 1473 801 1473 801 228 801 226 801 1473 801 226 801 1471 801 1471 801 226 801 224 801 1471 801 224 801 1469 801 1469 801 224 801 222 801 1469 801 222 801 220 801 327 2024 834 2024 325 2024 325 2025 834 2025 1500 2025 325 826 1500 826 323 826 323 2026 1500 2026 1498 2026 323 826 1498 826 321 826 321 2027 1498 2027 1496 2027 321 826 1496 826 319 826 319 826 1496 826 1494 826 319 826 1494 826 317 826 317 826 1494 826 1492 826 317 2028 1492 2028 315 2028 315 826 1492 826 1490 826 315 2029 1490 2029 313 2029 313 826 1490 826 1488 826 313 2030 1488 2030 311 2030 311 2031 1488 2031 1486 2031 311 2032 1486 2032 309 2032 309 826 1486 826 1484 826 309 2033 1484 2033 307 2033 307 826 1484 826 1482 826 307 1520 1482 1520 305 1520 305 826 1482 826 1480 826 305 2034 1480 2034 303 2034 303 826 1480 826 1478 826 303 2035 1478 2035 301 2035 301 826 1478 826 1476 826 301 2036 1476 2036 299 2036 299 826 1476 826 1474 826 299 826 1474 826 297 826 297 826 1474 826 1472 826 297 2037 1472 2037 295 2037 295 2038 1472 2038 1470 2038 295 826 1470 826 293 826 293 826 1470 826 1468 826 47 2039 46 2039 1436 2039 1436 2040 46 2040 259 2040 1436 826 259 826 1438 826 1438 2041 259 2041 261 2041 1438 826 261 826 1440 826 1440 2042 261 2042 263 2042 1440 826 263 826 1442 826 1442 2043 263 2043 265 2043 1442 2044 265 2044 1444 2044 1444 2045 265 2045 267 2045 1444 826 267 826 1446 826 1446 2046 267 2046 269 2046 1446 826 269 826 1448 826 1448 2047 269 2047 271 2047 1448 826 271 826 1450 826 1450 826 271 826 273 826 1450 2048 273 2048 1452 2048 1452 2049 273 2049 275 2049 1452 2050 275 2050 1454 2050 1454 2051 275 2051 277 2051 1454 2052 277 2052 1456 2052 1456 2053 277 2053 279 2053 1456 826 279 826 1458 826 1458 2054 279 2054 281 2054 1458 826 281 826 1460 826 1460 2055 281 2055 283 2055 1460 826 283 826 1462 826 1462 826 283 826 285 826 1462 826 285 826 1464 826 1464 2056 285 2056 287 2056 1464 826 287 826 1466 826 1466 826 287 826 289 826 1466 826 289 826 1468 826 1468 1744 289 1744 291 1744 1468 826 291 826 293 826 19 990 8 990 1502 990 19 991 1502 991 1503 991 1503 2057 1502 1309 1504 2058 1503 2059 1504 2059 1505 2059 1505 2060 1504 1312 1506 2061 1505 2062 1506 2063 1507 2064 1507 1315 1506 1315 1508 1315 1507 1539 1508 1539 1509 1539 1509 1003 1508 1003 1510 1003 1509 1002 1510 1002 1511 1002 1511 1540 1510 1318 1512 2065 1511 2066 1512 2067 1513 2068 1513 2069 1512 1324 1514 2070 1513 2071 1514 2072 1515 2073 1515 2074 1514 2074 1516 2074 1515 2075 1516 2075 1517 2075 1517 1453 1516 1453 1518 1453 1517 2076 1518 2076 1519 2076 1519 1179 1518 1179 1520 1179 1519 2077 1520 2077 1521 2077 1521 1182 1520 1182 1522 1182 1521 2078 1522 2078 1523 2078 1523 1024 1522 1025 1524 1026 1523 1025 1524 1027 1525 1028 1525 1029 1524 1029 1526 1029 1525 1030 1526 1030 1527 1030 1527 1032 1526 1032 1528 1032 1527 1031 1528 1031 1529 1031 1529 1189 1528 1189 1530 1189 1529 2079 1530 2079 1531 2079 1531 1191 1530 1191 1532 1191 1531 1190 1532 1190 1533 1190 1533 1192 1532 1192 1534 1192 1533 2080 1534 2080 1535 2080 1535 1042 1534 1042 1536 1042 1535 2081 1536 2082 1537 2083 1537 1043 1536 1043 1538 1043 1537 1044 1538 1044 1539 1044 1539 1199 1538 1199 1540 1199 1539 2084 1540 2084 1541 2084 1541 2085 1540 1201 1542 2086 1541 2087 1542 2088 1543 2089 1543 1349 1542 1350 1544 1351 1543 1049 1544 1049 1545 1049 1545 2090 1544 1354 1546 2091 1545 2092 1546 2093 1547 2094 1547 2095 1546 2096 1548 2097 1547 2098 1548 1567 1549 1568 1549 1219 1548 1219 1550 1219 1549 2099 1550 2099 1551 2099 1551 1221 1550 1221 1552 1221 1551 2100 1552 2100 1553 2100 1553 1070 1552 1070 1554 1070 1553 1069 1554 1069 1555 1069 1555 1072 1554 1072 1556 1072 1555 1071 1556 1071 1557 1071 1557 1227 1556 1227 1558 1227 1557 2101 1558 2101 1559 2101 1559 2102 1558 2103 1560 2104 1559 2105 1560 2106 1561 2107 1561 1234 1560 1234 1562 1234 1561 2108 1562 2108 1563 2108 1563 2109 1562 2110 1564 2111 1563 1081 1564 1081 1565 1081 1565 1581 1564 1581 1566 1581 1565 1582 1566 1582 1567 1582 1567 1088 1566 1088 818 1088 1567 1087 818 1087 842 1087 842 801 116 801 1567 801 1567 2112 116 2112 114 2112 1567 801 114 801 1565 801 1565 2113 114 2113 112 2113 1565 801 112 801 1563 801 1563 2114 112 2114 110 2114 1563 801 110 801 1561 801 1561 1585 110 1585 108 1585 1561 801 108 801 1559 801 1559 1111 108 1111 106 1111 1559 801 106 801 1557 801 1557 801 106 801 104 801 1557 801 104 801 1555 801 1555 801 104 801 102 801 1555 801 102 801 1553 801 1553 801 102 801 100 801 1553 801 100 801 1551 801 1551 2115 100 2115 98 2115 1551 801 98 801 1549 801 1549 801 98 801 96 801 1549 801 96 801 1547 801 1547 801 96 801 94 801 1547 801 94 801 1545 801 1545 2116 94 2116 92 2116 1545 2117 92 2117 1543 2117 1543 1414 92 1414 90 1414 1543 801 90 801 1541 801 1541 801 90 801 88 801 1541 801 88 801 1539 801 1539 1268 88 1268 86 1268 1539 801 86 801 1537 801 1537 1270 86 1270 84 1270 1537 801 84 801 1535 801 84 801 82 801 1535 801 1535 801 82 801 80 801 1535 1590 80 1590 1533 1590 1533 2118 80 2118 78 2118 1533 2119 78 2119 1531 2119 1531 2120 78 2120 76 2120 1531 1591 76 1591 1529 1591 1529 1592 76 1592 74 1592 1529 1641 74 1641 1527 1641 1527 2121 74 2121 72 2121 1527 2122 72 2122 1525 2122 1525 801 72 801 70 801 1525 2123 70 2123 1523 2123 1523 801 70 801 68 801 1523 2124 68 2124 1521 2124 1521 801 68 801 66 801 1521 801 66 801 1519 801 1519 1099 66 1099 64 1099 1519 2125 64 2125 1517 2125 1517 801 64 801 62 801 1517 801 62 801 1515 801 1515 801 62 801 60 801 1515 2126 60 2126 1513 2126 1513 2127 60 2127 58 2127 1513 1094 58 1094 1511 1094 1511 801 58 801 56 801 1511 801 56 801 1509 801 1509 2128 56 2128 54 2128 1509 801 54 801 1507 801 1507 2129 54 2129 52 2129 1507 801 52 801 1505 801 1505 2130 52 2130 50 2130 1505 2131 50 2131 1503 2131 1503 1605 50 1605 48 1605 1503 801 48 801 19 801 19 1607 48 1607 22 1607 187 826 818 826 185 826 185 2132 818 2132 1566 2132 185 826 1566 826 183 826 183 2133 1566 2133 1564 2133 183 1122 1564 1122 181 1122 181 1679 1564 1679 1562 1679 181 1124 1562 1124 179 1124 179 1302 1562 1302 1560 1302 179 2134 1560 2134 177 2134 177 826 1560 826 1558 826 177 826 1558 826 175 826 175 826 1558 826 1556 826 175 2135 1556 2135 173 2135 173 2136 1556 2136 1554 2136 173 2137 1554 2137 171 2137 171 826 1554 826 1552 826 171 2138 1552 2138 169 2138 169 826 1552 826 1550 826 169 2139 1550 2139 167 2139 167 826 1550 826 1548 826 167 2140 1548 2140 165 2140 165 1131 1548 1131 1546 1131 165 2141 1546 2141 163 2141 163 1133 1546 1133 1544 1133 163 2142 1544 2142 161 2142 161 2143 1544 2143 1542 2143 161 826 1542 826 159 826 159 826 1542 826 1540 826 159 826 1540 826 157 826 157 826 1540 826 1538 826 157 2144 1538 2144 155 2144 155 2145 1538 2145 1536 2145 155 826 1536 826 153 826 153 826 1536 826 1534 826 8 826 7 826 1502 826 1502 2146 7 2146 119 2146 1502 2147 119 2147 1504 2147 1504 826 119 826 121 826 1504 826 121 826 1506 826 1506 826 121 826 123 826 1506 2148 123 2148 1508 2148 1508 1419 123 1419 125 1419 1508 826 125 826 1510 826 1510 1421 125 1421 127 1421 1510 826 127 826 1512 826 1512 2149 127 2149 129 2149 1512 826 129 826 1514 826 1514 826 129 826 131 826 1514 826 131 826 1516 826 1516 826 131 826 133 826 1516 826 133 826 1518 826 1518 2150 133 2150 135 2150 1518 826 135 826 1520 826 1520 2151 135 2151 137 2151 1520 826 137 826 1522 826 1522 2152 137 2152 139 2152 1522 826 139 826 1524 826 1524 826 139 826 141 826 1524 826 141 826 1526 826 1526 1283 141 1283 143 1283 1526 826 143 826 1528 826 1528 826 143 826 145 826 1528 826 145 826 1530 826 1530 826 145 826 147 826 1530 826 147 826 1532 826 1532 2153 147 2153 149 2153 1532 826 149 826 1534 826 1534 1630 149 1630 151 1630 1534 826 151 826 153 826 1568 2154 1569 2154 1570 2154 1571 2155 1572 2155 1573 2155 1571 2156 1573 2156 1574 2156 1568 2157 1570 2157 1575 2157 1576 2158 1577 2158 1578 2158 1578 2159 1577 2159 1579 2159 1578 2160 1579 2160 1580 2160 1580 2161 1579 2161 1581 2161 1580 2162 1581 2162 1582 2162 1582 2163 1581 2163 1583 2163 1582 2164 1583 2164 1584 2164 1584 2165 1583 2165 1585 2165 1584 2166 1585 2166 1586 2166 1586 2167 1585 2167 1587 2167 1586 2168 1587 2168 1588 2168 1589 2169 1588 2169 1590 2169 1577 2170 1575 2170 1579 2170 1579 2171 1575 2171 1570 2171 1579 2172 1570 2172 1581 2172 1581 2173 1570 2173 1591 2173 1581 2174 1591 2174 1583 2174 1583 2175 1591 2175 1592 2175 1583 2176 1592 2176 1585 2176 1585 2177 1592 2178 1593 2179 1585 2180 1593 2180 1587 2181 1587 2182 1593 2182 1594 2182 1569 2183 1595 2184 1570 2185 1570 2186 1595 2186 1596 2186 1570 2187 1596 2187 1591 2187 1591 2188 1596 2188 1597 2188 1591 2189 1597 2189 1592 2189 1592 2190 1597 2190 1598 2190 1592 2191 1598 2191 1593 2191 1593 2192 1598 2193 1599 2194 1593 2195 1599 2195 1594 2195 1594 2196 1599 2196 1600 2196 1595 2197 1574 2197 1596 2197 1596 2198 1574 2198 1573 2198 1596 2199 1573 2199 1597 2199 1597 2200 1573 2200 1601 2200 1597 2201 1601 2201 1598 2201 1598 2202 1601 2202 1602 2202 1598 2203 1602 2203 1599 2203 1602 2204 1603 2204 1599 2204 1599 2205 1603 2205 1604 2205 1599 2206 1604 2206 1600 2206 1600 2207 1604 2207 1605 2207 1600 2208 1605 2208 1606 2208 1588 2209 1587 2209 1590 2209 1590 2210 1587 2211 1594 2212 1590 2213 1594 2213 1607 2213 1607 2214 1594 2214 1600 2214 1607 2215 1600 2215 1608 2215 1608 2216 1600 2216 1606 2216 1608 2217 1606 2217 1609 2217 1589 2218 1590 2218 1610 2218 1610 2219 1590 2220 1607 2221 1610 2222 1607 2222 1611 2222 1611 2223 1607 2223 1608 2223 1611 2224 1608 2224 1612 2224 1612 2225 1608 2225 1609 2225 1612 2226 1609 2227 1613 2228 1614 2229 1615 2230 1616 2231 1616 2232 1615 2233 1617 2234 1616 2235 1617 2236 1618 2237 1618 2238 1619 2238 1616 2238 1616 2239 1619 2240 1620 2241 1616 2242 1620 2243 1621 2244 1621 2245 1622 2246 1616 2247 1616 2248 1622 2249 1623 2250 1616 2251 1623 2252 1624 2253 1624 2254 1625 2255 1616 2256 1616 2257 1625 2258 1626 2259 1616 2260 1626 2260 1627 2260 1628 2261 1576 2262 1578 2263 1629 2264 1630 2265 1628 2266 1628 2267 1630 2268 1631 2269 1631 2270 1632 2271 1628 2272 1628 2273 1632 2274 1633 2275 1628 2276 1633 2277 1634 2278 1634 2279 1635 2280 1628 2281 1628 2282 1635 2283 1636 2284 1628 2285 1636 2285 1637 2285 1637 2286 1636 2286 1638 2286 1638 2287 1639 2288 1637 2289 1637 2290 1639 2291 1640 2292 1637 2293 1640 2293 1641 2293 1641 2294 1642 2295 1637 2296 1637 2297 1642 2298 1643 2299 1637 2300 1643 2301 1644 2302 1644 2303 1645 2304 1637 2305 1637 2306 1645 2307 1646 2308 1637 2309 1646 2309 1616 2309 1616 2310 1646 2311 1647 2312 1616 2313 1647 2314 1614 2315 1648 2316 1649 2316 1578 2316 1578 2317 1649 2318 1650 2319 1650 2320 1651 2321 1578 2322 1578 2323 1651 2323 1652 2323 1578 2324 1652 2325 1653 2326 1653 2327 1654 2328 1578 2329 1578 2330 1654 2331 1655 2332 1578 2333 1655 2334 1656 2335 1656 2336 1657 2337 1578 2338 1578 2339 1657 2340 1658 2341 1578 2342 1658 2343 1659 2344 1659 2345 1660 2346 1578 2347 1578 2348 1660 2349 1661 2350 1578 2351 1661 2351 1628 2351 1628 2352 1661 2353 1662 2354 1628 2355 1662 2356 1629 2357 1578 2358 1580 2358 1648 2358 1648 2359 1580 2359 1582 2359 1648 2360 1582 2360 1663 2360 1663 2361 1582 2361 1584 2361 1663 2362 1584 2362 1664 2362 1664 2363 1584 2363 1586 2363 1664 2364 1586 2364 1665 2364 1586 2365 1588 2365 1665 2365 1665 2366 1588 2366 1589 2366 1665 2367 1589 2367 1666 2367 1667 2368 1668 2368 1669 2368 1669 2369 1668 2370 1670 2371 1669 2372 1670 2373 1637 2374 1637 2375 1670 2376 1671 2377 1637 2378 1671 2378 1628 2378 1669 2379 1672 2379 1667 2379 1667 2380 1672 2381 1673 2382 1667 2383 1673 2384 1674 2385 1674 2386 1673 2386 186 2386 1674 2387 186 2387 1675 2387 1626 2388 1676 2389 1627 2390 1627 2391 1676 2391 1677 2391 1627 2392 1677 2392 1678 2392 1678 2393 1677 2393 1679 2393 1678 2394 1679 2395 1680 2396 1680 2397 1679 2398 1681 2399 1680 2400 1681 2401 1682 2402 1682 2403 1681 2404 1683 2405 1682 2406 1683 2406 1684 2406 1684 2407 1683 2407 1685 2407 1666 2408 1589 2408 1686 2408 1686 2409 1589 2410 1687 2411 1686 2412 1687 2413 1685 2414 1685 2415 1687 2416 1688 2417 1685 2418 1688 2419 1684 2420 1689 2421 1690 2422 1691 2423 1691 2424 1690 2425 1692 2426 1691 2427 1692 2428 1688 2429 1688 2430 1692 2431 1693 2432 1688 2433 1693 2434 1684 2435 1694 2407 1689 2407 1695 2407 1695 2436 1689 2437 1691 2438 1695 2439 1691 2440 1696 2441 1696 2442 1691 2443 1697 2444 1696 2445 1697 2446 1698 2447 1698 2448 1697 2449 1613 2450 1589 2451 1610 2452 1687 2453 1687 2454 1610 2455 1611 2456 1687 2457 1611 2458 1697 2459 1697 2460 1611 2461 1612 2462 1697 2463 1612 2464 1613 2465 1699 2466 1700 2467 1701 2468 9 2469 817 2469 1702 2469 9 2470 1702 2470 1703 2470 1703 2471 1702 2471 1704 2471 1703 2472 1704 2473 1705 2474 1705 2475 1704 2475 1706 2475 1706 2476 1704 2476 1707 2476 1706 2477 1707 2478 1708 2479 1708 2480 1707 2481 1709 2480 1709 2482 1707 2483 1710 2484 1709 2485 1710 2485 1711 2485 1701 2486 1700 2486 1710 2486 1700 2487 1712 2488 1710 2489 1710 2490 1712 2490 1713 2490 1710 2491 1713 2492 1714 2493 1714 2494 1715 2495 1710 2496 1710 2497 1715 2498 1716 2499 1710 2500 1716 2501 1717 2502 1717 2503 1718 2504 1710 2505 1710 2506 1718 2507 1719 2508 1710 2509 1719 2510 1720 2511 1721 2512 1722 2513 1711 2514 1720 2515 1723 2516 1710 2517 1710 2518 1723 2518 1724 2518 1710 2519 1724 2519 1711 2519 1711 2520 1724 2520 1725 2520 1711 2521 1725 2522 1721 2523 1722 2524 1726 2525 1711 2526 1711 2527 1726 2528 1727 2529 1711 2530 1727 2531 1728 2532 1728 2533 1729 2534 1711 2535 1711 2536 1729 2537 1730 2538 1711 2539 1730 2540 1731 2541 1732 2542 1698 2542 1613 2542 1613 2543 1609 2543 1732 2543 1732 2544 1609 2544 1606 2544 1732 2545 1606 2545 1733 2545 1606 2546 1605 2547 1733 2548 1733 2549 1605 2549 1604 2549 1733 2550 1604 2551 1734 2552 1734 2553 1604 2553 1603 2553 1734 2554 1603 2554 1735 2554 1735 2555 1603 2555 1736 2555 1603 2556 1602 2556 1736 2556 1736 2557 1602 2557 1601 2557 1736 2558 1601 2558 1737 2558 1738 2559 1573 2560 1731 2561 1731 2562 1573 2562 1572 2562 1731 2563 1572 2563 1711 2563 1738 2564 1739 2565 1573 2566 1573 2567 1739 2568 1740 2569 1573 2570 1740 2571 1741 2572 1741 2573 1742 2574 1573 2575 1573 2576 1742 2577 1743 2578 1573 2579 1743 2580 1744 2581 1744 2582 1745 2583 1573 2584 1573 2585 1745 2586 1746 2587 1573 2588 1746 2588 1747 2588 1747 2589 1748 2590 1573 2591 1573 2592 1748 2593 1749 2594 1573 2595 1749 2595 1601 2595 1601 2596 1749 2597 1750 2598 1601 2599 1750 2599 1737 2599 1751 2600 1752 2601 1701 2602 1701 2603 1752 2604 1753 2605 1753 2606 1754 2607 1701 2608 1701 2609 1754 2610 1755 2611 1701 2612 1755 2613 1756 2614 1756 2615 1757 2615 1701 2616 1701 2617 1757 2618 1758 2619 1701 2620 1758 2621 1759 2622 1759 2623 1760 2624 1701 2625 1701 2626 1760 2627 1761 2628 1701 2629 1761 2630 1699 2631 1701 2632 1762 2632 1751 2632 1751 2633 1762 2633 1763 2633 1751 2634 1763 2634 1764 2634 1764 2635 1763 2635 1765 2635 1764 2636 1765 2636 1766 2636 1766 2637 1765 2637 1767 2637 1766 2638 1767 2638 1768 2638 1768 2639 1767 2639 1689 2639 1768 2640 1689 2641 1694 2642 1669 2643 1637 2644 1769 2645 1769 2646 1637 2646 1770 2646 1673 2647 1672 2647 1771 2647 1771 2648 1672 2648 1669 2648 1771 2649 1669 2650 1772 2651 1772 2652 1669 2652 1769 2652 1772 2653 1769 2653 1773 2653 1773 2654 1769 2655 1770 2656 1770 2657 1774 2657 1773 2657 1773 2658 1774 2658 1775 2658 1773 2659 1775 2659 1776 2659 1777 2660 1704 2660 1778 2660 1778 2661 1704 2662 1702 2661 1692 2663 1690 2663 1779 2663 1779 2664 1690 2664 1780 2664 1779 2665 1780 2665 1781 2665 1781 2666 1780 2666 1782 2666 1781 2667 1782 2667 1774 2667 1774 2668 1782 2668 1783 2668 1774 2669 1783 2669 1775 2669 1684 2670 1693 2670 1682 2670 1682 2671 1693 2671 1784 2671 1682 2672 1784 2672 1680 2672 1680 2673 1784 2673 1785 2673 1680 2674 1785 2674 1678 2674 1678 2675 1785 2675 1786 2675 1678 2676 1786 2676 1627 2676 1627 2677 1786 2678 1787 2679 1627 2680 1787 2680 1616 2680 1788 2681 1777 2681 1789 2681 1789 2682 1777 2682 1778 2682 1789 2683 1778 2683 1790 2683 1790 2684 1778 2684 1702 2684 1790 2685 1702 2685 817 2685 186 2686 1673 2686 1791 2686 1791 2687 1673 2687 1771 2687 1791 2688 1771 2688 1792 2688 1792 2689 1771 2689 1772 2689 1792 2690 1772 2690 1789 2690 1789 2691 1772 2691 1773 2691 1789 2692 1773 2692 1788 2692 1788 2693 1773 2694 1776 2695 1690 2696 1689 2696 1780 2696 1780 2697 1689 2697 1767 2697 1780 2698 1767 2698 1782 2698 1782 2699 1767 2699 1765 2699 1782 2700 1765 2700 1783 2700 1783 2701 1765 2701 1763 2701 1783 2702 1763 2702 1775 2702 1775 2703 1763 2703 1762 2703 1775 2704 1762 2704 1776 2704 1776 2705 1762 2705 1701 2705 1776 2706 1701 2706 1788 2706 1788 2707 1701 2707 1710 2707 1788 2708 1710 2708 1777 2708 1777 2709 1710 2709 1707 2709 1777 2710 1707 2710 1704 2710 1693 2711 1692 2711 1784 2711 1784 2712 1692 2712 1779 2712 1784 2713 1779 2713 1785 2713 1785 2714 1779 2714 1781 2714 1785 2715 1781 2715 1786 2715 1786 2716 1781 2716 1774 2716 1786 2717 1774 2717 1787 2717 1787 2718 1774 2718 1770 2718 1787 2719 1770 2719 1616 2719 1616 2720 1770 2720 1637 2720 9 2721 844 2721 817 2721 817 2722 844 2722 822 2722 1793 2723 1675 2723 833 2723 833 2724 1675 2724 186 2724 833 2725 186 2725 1791 2725 1791 2726 1792 2726 833 2726 833 2727 1792 2727 1789 2727 833 2728 1789 2728 822 2728 822 2727 1789 2727 1790 2727 822 2729 1790 2729 817 2729 1674 2730 1675 2730 1793 2730 1576 2731 1628 2731 16 2731 16 2732 1628 2732 1671 2732 11 2733 1572 2734 1571 2735 1708 2736 1709 2737 11 2738 11 2739 1709 2739 1711 2739 11 2740 1711 2740 1572 2740 1571 2741 1574 2742 11 2743 11 2744 1574 2745 1595 2746 11 2747 1595 2747 16 2747 16 2748 1595 2749 1569 2750 16 2751 1569 2752 1568 2753 1568 2754 1575 2754 16 2754 16 2755 1575 2755 1577 2755 16 2756 1577 2756 1576 2756 1671 2757 1670 2757 16 2757 16 2758 1670 2758 1668 2758 16 2759 1668 2759 1793 2759 1793 2760 1668 2760 1667 2760 1793 2761 1667 2761 1674 2761 9 2730 1703 2730 844 2730 844 2762 1703 2762 1705 2762 844 2763 1705 2763 11 2763 11 2764 1705 2764 1706 2764 11 2765 1706 2765 1708 2765 1794 826 1795 826 844 826 1796 2766 1797 2766 844 2766 844 826 847 826 1798 826 1795 826 1799 826 844 826 844 2767 1799 2767 856 2767 844 2768 856 2768 1800 2768 1797 2769 1801 2769 844 2769 844 2770 1801 2770 1802 2770 844 826 1802 826 847 826 1798 826 1803 826 844 826 844 826 1803 826 1804 826 844 2771 1804 2771 1794 2771 844 2772 11 2772 1805 2772 1805 826 1806 826 844 826 844 2773 1806 2773 1807 2773 844 2774 1807 2774 1808 2774 1800 826 1809 826 844 826 844 2775 1809 2775 1810 2775 844 2776 1810 2776 1811 2776 1811 826 1812 826 844 826 844 2777 1812 2777 1813 2777 844 2778 1813 2778 822 2778 1808 2779 1814 2779 844 2779 844 2780 1814 2780 1815 2780 844 2781 1815 2781 868 2781 868 826 1816 826 844 826 844 2782 1816 2782 1817 2782 844 2783 1817 2783 1796 2783 1818 801 898 801 1793 801 1819 2784 1820 2784 1793 2784 890 801 1821 801 1793 801 1793 2785 1821 2785 1822 2785 1822 801 1823 801 1793 801 1793 2786 1823 2786 1824 2786 1793 2787 1824 2787 1825 2787 1820 801 1826 801 1793 801 1793 801 1826 801 1827 801 1793 801 1827 801 890 801 1828 801 1829 801 1793 801 1793 2788 1829 2788 1830 2788 1793 2789 1830 2789 16 2789 833 801 1831 801 1793 801 1793 2790 1831 2790 1832 2790 1793 2791 1832 2791 1833 2791 898 801 1834 801 1793 801 1793 2792 1834 2792 1835 2792 1793 2793 1835 2793 1819 2793 1825 801 1836 801 1793 801 1793 2794 1836 2794 882 2794 1793 2795 882 2795 1837 2795 1837 2796 1838 2796 1793 2796 1793 2797 1838 2797 1839 2797 1793 2798 1839 2798 1828 2798 1833 801 1840 801 1793 801 1793 2799 1840 2799 1841 2799 1793 2800 1841 2800 1818 2800 833 2801 822 2802 1813 2803 833 2804 1813 2805 1831 2806 1831 2807 1813 2807 1812 2807 1831 2808 1812 2808 1832 2808 1832 2809 1812 2809 1811 2809 1832 2809 1811 2809 1833 2809 1833 2810 1811 2810 1810 2810 1833 2811 1810 2811 1840 2811 1840 2812 1810 2812 1809 2812 1840 2812 1809 2812 1841 2812 1841 2813 1809 2814 1800 2815 1841 2816 1800 2817 1818 2818 1818 2819 1800 2819 856 2819 1818 2820 856 2820 898 2820 898 2821 856 2821 1799 2821 898 2821 1799 2821 1834 2821 1834 2822 1799 2822 1795 2822 1834 2823 1795 2823 1835 2823 1835 2824 1795 2824 1794 2824 1835 2824 1794 2824 1819 2824 1819 2825 1794 2825 1804 2825 1819 2826 1804 2826 1820 2826 1820 2827 1804 2827 1803 2827 1820 2828 1803 2828 1826 2828 1826 2829 1803 2829 1798 2829 1826 2830 1798 2830 1827 2830 1827 2831 1798 2831 847 2831 1827 2831 847 2831 890 2831 890 2832 847 2832 1802 2832 890 2833 1802 2833 1821 2833 1821 2834 1802 2834 1801 2834 1821 2834 1801 2834 1822 2834 1822 2835 1801 2835 1797 2835 1822 2836 1797 2837 1823 2838 1823 2839 1797 2840 1796 2841 1823 2842 1796 2843 1824 2844 1824 2845 1796 2845 1817 2845 1824 2845 1817 2845 1825 2845 1825 2846 1817 2846 1816 2846 1825 2847 1816 2847 1836 2847 1836 2848 1816 2848 868 2848 1836 2848 868 2848 882 2848 882 2849 868 2849 1815 2849 882 2849 1815 2849 1837 2849 1837 2850 1815 2850 1814 2850 1837 2851 1814 2851 1838 2851 1838 2852 1814 2852 1808 2852 1838 2853 1808 2853 1839 2853 1839 2854 1808 2855 1807 2856 1839 2857 1807 2858 1828 2859 1828 2860 1807 2860 1806 2860 1828 2861 1806 2861 1829 2861 1829 2862 1806 2862 1805 2862 1829 2863 1805 2863 1830 2863 1830 2864 1805 2864 11 2864 1830 2864 11 2864 16 2864 1842 2865 1843 2865 1844 2865 1844 2865 1843 2865 1845 2865 1846 2866 1847 2866 1848 2866 1848 2867 1849 2867 1850 2867 1847 2868 1851 2868 1848 2868 1848 2869 1851 2869 1852 2869 1848 2870 1852 2870 1849 2870 1853 801 1854 801 1848 801 1848 2871 1854 2871 1855 2871 1856 801 1857 801 1848 801 1848 2872 1857 2872 1858 2872 1848 2873 1858 2873 1846 2873 1859 2874 1860 2874 1861 2874 1861 2875 1860 2875 1862 2875 1861 2876 1862 2876 1863 2876 1855 801 1864 801 1848 801 1848 2877 1864 2877 1865 2877 1848 801 1865 801 1861 801 1861 2878 1865 2878 1866 2878 1861 2879 1866 2879 1859 2879 1863 2880 1867 2880 1861 2880 1861 2881 1867 2881 1868 2881 1861 2882 1868 2882 1869 2882 1870 801 1844 801 1871 801 1871 2883 1844 2883 1872 2883 1873 2884 1874 2884 1875 2884 1875 2885 1874 2885 1876 2885 1850 801 1877 801 1848 801 1848 2886 1877 2886 1878 2886 1848 2887 1878 2887 1853 2887 1853 2888 1878 2888 1879 2888 1853 2889 1879 2889 1880 2889 1869 2890 1881 2890 1861 2890 1861 2891 1881 2891 1882 2891 1861 801 1882 801 1845 801 1845 2892 1882 2892 1883 2892 1883 2893 1884 2893 1845 2893 1845 2894 1884 2894 1885 2894 1845 2895 1885 2895 1886 2895 1887 801 1888 801 1844 801 1844 2896 1888 2896 1889 2896 1844 2897 1889 2897 1872 2897 1856 801 1848 801 1890 801 1890 2898 1848 2898 1844 2898 1890 801 1844 801 1891 801 1892 2899 1893 2899 1844 2899 1894 801 1895 801 1844 801 1844 2900 1895 2900 1896 2900 1873 2901 1875 2901 1879 2901 1879 2902 1875 2902 1897 2902 1879 2903 1897 2903 1880 2903 1886 801 1898 801 1845 801 1845 2904 1898 2904 1899 2904 1845 2905 1899 2905 1900 2905 1901 2906 1902 2906 1870 2906 1893 801 1903 801 1844 801 1844 2907 1903 2907 1904 2907 1844 2908 1904 2908 1894 2908 1896 801 1905 801 1844 801 1844 2909 1905 2909 1906 2909 1844 2910 1906 2910 1891 2910 1900 801 1907 801 1845 801 1845 2911 1907 2911 1908 2911 1845 801 1908 801 1844 801 1844 2912 1908 2912 1909 2912 1844 2913 1909 2913 1887 2913 1876 801 1910 801 1875 801 1875 801 1910 801 1911 801 1875 801 1911 801 1912 801 1912 2914 1911 2914 1913 2914 1912 801 1913 801 1914 801 1914 2915 1913 2915 1915 2915 1914 801 1915 801 1870 801 1870 801 1915 801 1916 801 1870 2916 1916 2916 1901 2916 1902 801 1917 801 1870 801 1870 2917 1917 2917 1918 2917 1870 2918 1918 2918 1844 2918 1844 2919 1918 2919 1919 2919 1844 2920 1919 2920 1892 2920 1848 2921 1861 2921 1920 2921 1920 2921 1861 2921 1921 2921 1922 826 1923 826 1842 826 1842 826 1923 826 1924 826 1842 2922 1924 2922 1925 2922 1843 2923 1926 2923 1927 2923 1928 2924 1842 2924 1929 2924 1929 826 1842 826 1930 826 1843 2925 1931 2925 1932 2925 1933 2926 1921 2926 1934 2926 1934 826 1921 826 1843 826 1934 2927 1843 2927 1935 2927 1935 2928 1843 2928 1927 2928 1925 826 1936 826 1842 826 1842 2929 1936 2929 1937 2929 1842 2930 1937 2930 1930 2930 1932 826 1938 826 1843 826 1843 2931 1938 2931 1939 2931 1843 2932 1939 2932 1926 2932 1940 826 1941 826 1942 826 1942 826 1943 826 1940 826 1940 826 1943 826 1944 826 1940 826 1944 826 1945 826 1842 2933 1940 2933 1946 2933 1947 826 1948 826 1921 826 1921 2934 1948 2934 1949 2934 1921 2935 1949 2935 1950 2935 1951 2936 1952 2936 1920 2936 1920 2937 1952 2937 1953 2937 1954 2938 1920 2938 1955 2938 1955 2939 1920 2939 1956 2939 1954 826 1957 826 1920 826 1920 2940 1957 2940 1958 2940 1920 2941 1958 2941 1842 2941 1842 2942 1958 2942 1959 2942 1842 2943 1959 2943 1922 2943 1946 2944 1960 2944 1842 2944 1842 2945 1960 2945 1961 2945 1842 2946 1961 2946 1962 2946 1962 826 1963 826 1842 826 1842 2947 1963 2947 1964 2947 1842 826 1964 826 1843 826 1843 2948 1964 2948 1965 2948 1843 2949 1965 2949 1931 2949 1953 826 1966 826 1920 826 1920 2950 1966 2950 1967 2950 1920 2951 1967 2951 1956 2951 1947 826 1968 826 1969 826 1950 2952 1970 2952 1921 2952 1921 2953 1970 2953 1971 2953 1921 2954 1971 2954 1920 2954 1920 2955 1971 2955 1972 2955 1920 2956 1972 2956 1951 2956 1928 826 1973 826 1842 826 1842 2957 1973 2957 1974 2957 1842 2958 1974 2958 1940 2958 1940 2959 1974 2959 1975 2959 1940 826 1975 826 1941 826 1933 826 1976 826 1921 826 1921 2960 1976 2960 1977 2960 1921 2961 1977 2961 1978 2961 1969 826 1979 826 1947 826 1947 826 1979 826 1980 826 1947 826 1980 826 1981 826 1978 2962 1982 2962 1921 2962 1921 2963 1982 2963 1983 2963 1921 2964 1983 2964 1984 2964 1984 826 1985 826 1921 826 1921 2965 1985 2965 1986 2965 1921 2966 1986 2966 1987 2966 1945 2967 1944 2967 1988 2967 1988 2968 1944 2968 1989 2968 1988 2969 1989 2969 1981 2969 1981 826 1989 826 1990 826 1981 826 1990 826 1947 826 1987 2970 1991 2970 1921 2970 1921 2971 1991 2971 1992 2971 1921 2972 1992 2972 1947 2972 1947 2973 1992 2973 1993 2973 1947 2974 1993 2974 1968 2974 1861 2975 1845 2975 1921 2975 1921 2975 1845 2975 1843 2975 1994 2976 1995 2976 1695 2976 1695 2977 1995 2977 1996 2977 1695 2978 1996 2978 1997 2978 1998 2979 1999 2979 1695 2979 2000 826 2001 826 2002 826 2002 2980 2001 2980 2003 2980 2002 2981 2003 2981 2004 2981 2005 826 2006 826 2007 826 2008 2982 2002 2982 2009 2982 2009 2983 2002 2983 2010 2983 2011 2984 2012 2984 2013 2984 2013 2985 2012 2985 2014 2985 2013 826 2014 826 2015 826 2015 826 2014 826 2016 826 2017 2986 2018 2986 1696 2986 1696 2987 2018 2987 2019 2987 1696 2988 2019 2988 2020 2988 1999 826 2021 826 1695 826 1695 2989 2021 2989 2022 2989 1695 2990 2022 2990 1994 2990 1997 826 2023 826 1695 826 1695 2991 2023 2991 2024 2991 1695 2992 2024 2992 2002 2992 2002 2993 2024 2993 2025 2993 2025 826 2026 826 2002 826 2002 2994 2026 2994 2027 2994 2002 2995 2027 2995 2028 2995 2013 2996 2029 2996 2011 2996 2011 2997 2029 2997 2030 2997 2011 2998 2030 2998 2031 2998 2031 2999 2030 2999 2032 2999 2031 826 2032 826 2033 826 2034 826 2035 826 1696 826 1696 3000 2035 3000 2036 3000 2007 826 2006 826 2037 826 2038 826 2039 826 1696 826 2028 3001 2040 3001 2002 3001 2002 3002 2040 3002 2041 3002 2002 3003 2041 3003 2000 3003 2008 826 2042 826 2002 826 2002 3004 2042 3004 2043 3004 2002 826 2043 826 2044 826 2044 3005 2043 3005 2045 3005 2044 826 2045 826 2046 826 2046 3006 2045 3006 2047 3006 2046 826 2047 826 2048 826 2048 3007 2047 3007 2049 3007 2050 3008 2051 3008 2052 3008 2052 826 2051 826 2053 826 2036 3009 2054 3009 1696 3009 1696 3010 2054 3010 2055 3010 1696 3011 2055 3011 2017 3011 2010 826 2002 826 2056 826 2056 3012 2002 3012 2004 3012 2056 826 2004 826 2007 826 2007 3013 2004 3013 2057 3013 2007 3014 2057 3014 2005 3014 2032 826 2058 826 2033 826 2033 826 2058 826 2059 826 2033 826 2059 826 2049 826 2049 3015 2059 3015 2060 3015 2049 3016 2060 3016 2048 3016 2051 3017 2061 3017 2053 3017 2053 3018 2061 3018 2062 3018 2053 3019 2062 3019 2063 3019 2063 3020 2062 3020 2064 3020 2063 3021 2064 3021 2016 3021 2016 3022 2064 3022 2065 3022 2016 3023 2065 3023 2015 3023 2050 826 2052 826 2066 826 2066 3024 2052 3024 2067 3024 2066 826 2067 826 2068 826 2068 3025 2067 3025 2069 3025 2068 3026 2069 3026 2070 3026 2038 826 1696 826 2071 826 2071 826 1696 826 2020 826 2071 826 2020 826 2072 826 2039 826 2073 826 1696 826 1696 3027 2073 3027 2074 3027 1696 3028 2074 3028 2075 3028 2076 3029 2077 3029 1696 3029 1696 3030 2077 3030 2078 3030 1696 3031 2078 3031 1695 3031 1695 3032 2078 3032 2079 3032 1695 3033 2079 3033 1998 3033 2070 826 2080 826 2068 826 2068 3034 2080 3034 2081 3034 2068 3035 2081 3035 1696 3035 1696 3036 2081 3036 2082 3036 1696 3037 2082 3037 2034 3037 2072 3038 2020 3038 2006 3038 2006 3039 2020 3039 2083 3039 2006 3040 2083 3040 2037 3040 2075 3041 2084 3041 1696 3041 1696 3042 2084 3042 2085 3042 1696 826 2085 826 2076 826 1751 3043 1764 3043 2002 3043 2002 3044 1764 3045 1766 3046 2002 3047 1766 3047 1695 3047 1695 3048 1766 3049 1768 3050 1695 3051 1768 3052 1694 3053 1737 3054 1750 3055 2068 3056 1737 3057 2068 3057 1736 3057 1733 3058 1734 3059 2068 3060 2068 3061 1734 3062 1735 3063 2068 3064 1735 3065 1736 3066 1733 3067 2068 3068 1732 3069 1732 3070 2068 3070 1696 3070 1732 3071 1696 3071 1698 3071 2029 3072 2013 3073 1723 3074 1723 3075 2013 3076 1724 3077 1677 3078 1676 3078 2086 3078 1677 3079 2086 3080 1679 3081 1679 3082 2086 3083 1681 3084 1681 3085 2086 3086 1685 3087 1681 3088 1685 3089 1683 3090 2087 801 2088 801 2089 801 2090 801 1685 801 2091 801 2091 801 1685 801 2092 801 2093 801 2094 801 2089 801 2089 3091 2094 3091 2095 3091 2089 3092 2095 3092 2096 3092 2096 3093 2095 3093 2097 3093 2096 3094 2097 3094 2098 3094 2098 3095 2097 3095 2099 3095 2098 3096 2099 3096 2100 3096 2100 3097 2099 3097 2101 3097 2088 801 2102 801 2089 801 2089 3098 2102 3098 2103 3098 2089 3099 2103 3099 2104 3099 2105 801 2106 801 1685 801 2107 3100 2108 3100 2104 3100 2109 3101 2110 3101 1686 3101 1686 3102 2110 3102 2111 3102 1686 3103 2111 3103 2112 3103 2113 3104 2114 3104 2101 3104 2101 3105 2114 3105 2115 3105 2101 3106 2115 3106 2100 3106 2090 3107 2116 3107 1685 3107 1685 3108 2116 3108 2117 3108 1685 3109 2117 3109 1686 3109 1686 3110 2117 3110 2118 3110 1686 3111 2118 3111 2119 3111 2119 3112 2120 3112 1686 3112 1686 801 2120 801 2121 801 1686 3113 2121 3113 2109 3113 2112 801 2122 801 1686 801 1686 3114 2122 3114 2123 3114 1686 3115 2123 3115 2089 3115 2089 3116 2123 3116 2124 3116 2089 3117 2124 3117 2087 3117 2106 801 2125 801 1685 801 1685 3118 2125 3118 2126 3118 1685 3119 2126 3119 2127 3119 2127 801 2128 801 2129 801 2129 3120 2130 3120 2127 3120 2127 801 2130 801 2131 801 2127 801 2131 801 2132 801 2133 801 2134 801 1685 801 2107 3121 2104 3121 2135 3121 2134 801 2136 801 1685 801 1685 3122 2136 3122 2137 3122 1685 3123 2137 3123 2092 3123 2108 801 2138 801 2104 801 2104 3124 2138 3124 2139 3124 2104 801 2139 801 2089 801 2089 3125 2139 3125 2140 3125 2089 3126 2140 3126 2093 3126 2141 3127 2142 3127 2143 3127 2086 3128 2144 3128 2145 3128 2128 801 2127 801 2146 801 2146 801 2127 801 2147 801 2146 801 2147 801 2148 801 2148 3129 2147 3129 2149 3129 2148 801 2149 801 2150 801 2150 801 2149 801 2151 801 2150 801 2151 801 2104 801 2104 3130 2151 3130 2152 3130 2104 801 2152 801 2135 801 2153 3131 2154 3131 2155 3131 2155 3132 2154 3132 2156 3132 2155 801 2156 801 2157 801 2157 801 2156 801 2158 801 2157 3133 2158 3133 2159 3133 2159 801 2158 801 2160 801 2159 801 2160 801 2161 801 2161 3134 2160 3134 2162 3134 2161 801 2162 801 2113 801 2113 3135 2162 3135 2163 3135 2113 3136 2163 3136 2114 3136 2141 3137 2164 3137 2142 3137 2142 3138 2164 3138 2165 3138 2142 801 2165 801 2166 801 2166 801 2165 801 2167 801 2166 801 2167 801 2153 801 2153 3139 2167 3139 2168 3139 2153 3140 2168 3140 2154 3140 2144 801 2086 801 2169 801 2169 3141 2086 3141 2170 3141 2169 801 2170 801 2143 801 2143 3142 2170 3142 2171 3142 2143 3143 2171 3143 2141 3143 2145 801 2172 801 2086 801 2086 3144 2172 3144 2173 3144 2086 3145 2173 3145 1685 3145 1685 3146 2173 3146 2174 3146 1685 801 2174 801 2105 801 2132 801 2175 801 2127 801 2127 3147 2175 3147 2176 3147 2127 3148 2176 3148 1685 3148 1685 3149 2176 3149 2177 3149 1685 3150 2177 3150 2133 3150 1648 3151 1663 3151 2089 3151 2089 3152 1663 3152 1664 3152 2089 3153 1664 3153 1686 3153 1686 3154 1664 3155 1665 3156 1686 3157 1665 3157 1666 3157 2158 3158 2156 3159 1636 3160 1636 3161 2156 3161 1638 3161 2093 3162 1987 3163 2094 3164 2094 3165 1987 3166 1986 3167 2094 3168 1986 3169 2095 3170 2095 3171 1986 3172 1985 3173 2095 3174 1985 3174 2097 3174 2097 3175 1985 3175 1984 3175 2097 3176 1984 3177 2099 3178 2099 3179 1984 3180 1983 3181 2099 3182 1983 3183 2101 3184 2101 3185 1983 3186 1982 3187 2101 3188 1982 3189 2113 3190 2113 3191 1982 3192 1978 3193 2113 3194 1978 3195 2161 3196 2161 3197 1978 3198 1977 3199 2161 3200 1977 3201 2159 3202 2159 3203 1977 3204 1976 3205 2159 3206 1976 3207 2157 3208 2157 3209 1976 3210 1933 3211 2157 3212 1933 3213 2155 3214 2155 3215 1933 3216 1934 3217 2155 3218 1934 3219 2153 3220 2153 3221 1934 3222 1935 3223 2153 3224 1935 3225 2166 3226 2166 3227 1935 3228 1927 3229 2166 3230 1927 3231 2142 3232 2142 3233 1927 3234 1926 3235 2142 3236 1926 3237 2143 3238 2143 3239 1926 3240 1939 3241 2143 3242 1939 3243 2169 3244 2169 3245 1939 3246 1938 3247 2169 3248 1938 3248 2144 3248 2144 3248 1938 3248 1932 3248 2144 3249 1932 3250 2145 3251 2145 3252 1932 3253 1931 3254 2145 3255 1931 3256 2172 3257 2172 3258 1931 3259 1965 3260 2172 3261 1965 3262 2173 3263 2173 3264 1965 3265 1964 3266 2173 3267 1964 3267 2174 3267 2174 3268 1964 3268 1963 3268 2174 3269 1963 3269 2105 3269 2105 3270 1963 3270 1962 3270 2105 3271 1962 3272 2106 3273 2106 3274 1962 3275 1961 3276 2106 3277 1961 3278 2125 3279 2125 3280 1961 3281 1960 3282 2125 3283 1960 3284 2126 3285 2126 3286 1960 3287 1946 3288 2126 3289 1946 3290 2127 3291 2127 3292 1946 3293 1940 3294 2127 3295 1940 3296 2147 3297 2147 3298 1940 3299 1945 3300 2147 3301 1945 3302 2149 3303 2149 3304 1945 3305 1988 3306 2149 3307 1988 3308 2151 3309 2151 3310 1988 3311 1981 3312 2151 3313 1981 3313 2152 3313 2152 3314 1981 3314 1980 3314 2152 3315 1980 3316 2135 3317 2135 3318 1980 3319 1979 3320 2135 3321 1979 3322 2107 3323 2107 3324 1979 3325 1969 3326 2107 3327 1969 3328 2108 3329 2108 3330 1969 3331 1968 3332 2108 3333 1968 3334 2138 3335 2138 3336 1968 3337 1993 3338 2138 3339 1993 3340 2139 3341 2139 3342 1993 3343 1992 3344 2139 3345 1992 3346 2140 3347 2140 3348 1992 3349 1991 3350 2140 3351 1991 3352 2093 3353 2093 3354 1991 3355 1987 3356 2122 3357 1951 3358 2123 3359 2123 3360 1951 3361 1972 3362 2123 3363 1972 3363 2124 3363 2124 3364 1972 3364 1971 3364 2124 3365 1971 3365 2087 3365 2087 3366 1971 3366 1970 3366 2087 3367 1970 3368 2088 3369 2088 3370 1970 3371 1950 3372 2088 3373 1950 3374 2102 3375 2102 3376 1950 3377 1949 3378 2102 3379 1949 3380 2103 3381 2103 3382 1949 3383 1948 3384 2103 3385 1948 3385 2104 3385 2104 3386 1948 3386 1947 3386 2104 3387 1947 3388 2150 3389 2150 3390 1947 3391 1990 3392 2150 3393 1990 3394 2148 3395 2148 3396 1990 3397 1989 3398 2148 3399 1989 3400 2146 3401 2146 3402 1989 3403 1944 3404 2146 3405 1944 3405 2128 3405 2128 3406 1944 3406 1943 3406 2128 3407 1943 3407 2129 3407 2129 3408 1943 3408 1942 3408 2129 3409 1942 3410 2130 3411 2130 3412 1942 3413 1941 3414 2130 3415 1941 3416 2131 3417 2131 3418 1941 3419 1975 3420 2131 3421 1975 3422 2132 3423 2132 3424 1975 3425 1974 3426 2132 3427 1974 3428 2175 3429 2175 3430 1974 3431 1973 3432 2175 3433 1973 3434 2176 3435 2176 3436 1973 3253 1928 3437 2176 3438 1928 3439 2177 3440 2177 3441 1928 3442 1929 3443 2177 3261 1929 3262 2133 3263 2133 3264 1929 3265 1930 3266 2133 3444 1930 3445 2134 3446 2134 3447 1930 3448 1937 3449 2134 3450 1937 3451 2136 3452 2136 3453 1937 3453 1936 3453 2136 3454 1936 3455 2137 3456 2137 3457 1936 3458 1925 3459 2137 3460 1925 3461 2092 3462 2092 3463 1925 3464 1924 3465 2092 3466 1924 3467 2091 3468 2091 3469 1924 3470 1923 3471 2091 3472 1923 3473 2090 3474 2090 3475 1923 3476 1922 3477 2090 3478 1922 3479 2116 3480 2116 3481 1922 3482 1959 3483 2116 3484 1959 3485 2117 3486 2117 3487 1959 3488 1958 3489 2117 3490 1958 3491 2118 3492 2118 3493 1958 3494 1957 3495 2118 3496 1957 3497 2119 3498 2119 3499 1957 3500 1954 3501 2119 3502 1954 3503 2120 3504 2120 3505 1954 3506 1955 3507 2120 3508 1955 3509 2121 3510 2121 3511 1955 3512 1956 3513 2121 3514 1956 3515 2109 3516 2109 3517 1956 3518 1967 3519 2109 3520 1967 3521 2110 3522 2110 3523 1967 3524 1966 3525 2110 3526 1966 3526 2111 3526 2111 3526 1966 3526 1953 3526 2111 3527 1953 3528 2112 3529 2112 3530 1953 3531 1952 3532 2112 3533 1952 3534 2122 3535 2122 3536 1952 3537 1951 3538 1866 3539 2080 3540 1859 3541 1859 3542 2080 3543 2070 3544 1859 3545 2070 3546 1860 3547 1860 3548 2070 3549 2069 3550 1860 3174 2069 3174 1862 3174 1862 3175 2069 3175 2067 3175 1862 3176 2067 3177 1863 3178 1863 3179 2067 3180 2052 3181 1863 3551 2052 3552 1867 3553 1867 3554 2052 3555 2053 3556 1867 3557 2053 3558 1868 3559 1868 3560 2053 3561 2063 3562 1868 3194 2063 3195 1869 3196 1869 3197 2063 3198 2016 3199 1869 3563 2016 3564 1881 3565 1881 3566 2016 3567 2014 3568 1881 3206 2014 3207 1882 3208 1882 3209 2014 3210 2012 3211 1882 3212 2012 3213 1883 3214 1883 3215 2012 3216 2011 3217 1883 3218 2011 3219 1884 3220 1884 3221 2011 3222 2031 3223 1884 3569 2031 3570 1885 3571 1885 3572 2031 3573 2033 3574 1885 3230 2033 3231 1886 3232 1886 3233 2033 3234 2049 3235 1886 3236 2049 3237 1898 3238 1898 3239 2049 3240 2047 3241 1898 3242 2047 3243 1899 3244 1899 3245 2047 3246 2045 3247 1899 3248 2045 3248 1900 3248 1900 3248 2045 3248 2043 3248 1900 3249 2043 3250 1907 3251 1907 3252 2043 3253 2042 3254 1907 3255 2042 3256 1908 3257 1908 3258 2042 3259 2008 3260 1908 3575 2008 3576 1909 3577 1909 3578 2008 3579 2009 3580 1909 3268 2009 3268 1887 3268 1887 3267 2009 3267 2010 3267 1887 3581 2010 3581 1888 3581 1888 3582 2010 3582 2056 3582 1888 3583 2056 3584 1889 3585 1889 3586 2056 3587 2007 3588 1889 3589 2007 3590 1872 3591 1872 3592 2007 3593 2037 3594 1872 3283 2037 3284 1871 3285 1871 3286 2037 3287 2083 3288 1871 3289 2083 3290 1870 3291 1870 3292 2083 3293 2020 3294 1870 3295 2020 3296 1914 3297 1914 3298 2020 3299 2019 3300 1914 3595 2019 3596 1912 3597 1912 3598 2019 3599 2018 3600 1912 3601 2018 3602 1875 3603 1875 3604 2018 3605 2017 3606 1875 3607 2017 3608 1897 3609 1897 3610 2017 3610 2055 3610 1897 3315 2055 3316 1880 3317 1880 3318 2055 3319 2054 3320 1880 3611 2054 3612 1853 3613 1853 3614 2054 3615 2036 3616 1853 3327 2036 3328 1854 3329 1854 3330 2036 3331 2035 3332 1854 3617 2035 3618 1855 3619 1855 3620 2035 3621 2034 3622 1855 3339 2034 3340 1864 3341 1864 3342 2034 3343 2082 3344 1864 3345 2082 3346 1865 3347 1865 3348 2082 3349 2081 3350 1865 3623 2081 3624 1866 3625 1866 3626 2081 3627 2080 3628 1850 3629 2039 3630 1877 3631 1877 3632 2039 3633 2038 3634 1877 3635 2038 3635 1878 3635 1878 3636 2038 3636 2071 3636 1878 3637 2071 3638 1879 3639 1879 3640 2071 3640 2072 3640 1879 3641 2072 3642 1873 3643 1873 3644 2072 3645 2006 3646 1873 3647 2006 3648 1874 3649 1874 3650 2006 3651 2005 3652 1874 3379 2005 3380 1876 3381 1876 3382 2005 3383 2057 3384 1876 3653 2057 3653 1910 3653 1910 3654 2057 3654 2004 3654 1910 3387 2004 3388 1911 3389 1911 3390 2004 3391 2003 3392 1911 3655 2003 3656 1913 3657 1913 3658 2003 3659 2001 3660 1913 3661 2001 3662 1915 3663 1915 3664 2001 3665 2000 3666 1915 3667 2000 3668 1916 3669 1916 3670 2000 3670 2041 3670 1916 3671 2041 3671 1901 3671 1901 3672 2041 3672 2040 3672 1901 3673 2040 3674 1902 3675 1902 3676 2040 3677 2028 3678 1902 3679 2028 3680 1917 3681 1917 3682 2028 3683 2027 3684 1917 3685 2027 3686 1918 3687 1918 3688 2027 3689 2026 3690 1918 3691 2026 3692 1919 3693 1919 3694 2026 3695 2025 3696 1919 3433 2025 3434 1892 3435 1892 3436 2025 3253 2024 3437 1892 3438 2024 3439 1893 3440 1893 3441 2024 3442 2023 3443 1893 3575 2023 3576 1903 3577 1903 3578 2023 3579 1997 3580 1903 3697 1997 3698 1904 3699 1904 3700 1997 3701 1996 3702 1904 3703 1996 3703 1894 3703 1894 3704 1996 3704 1995 3704 1894 3705 1995 3706 1895 3707 1895 3708 1995 3709 1994 3710 1895 3711 1994 3712 1896 3713 1896 3714 1994 3715 2022 3716 1896 3717 2022 3718 1905 3719 1905 3720 2022 3721 2021 3722 1905 3472 2021 3473 1906 3474 1906 3475 2021 3476 1999 3477 1906 3478 1999 3479 1891 3480 1891 3481 1999 3482 1998 3483 1891 3723 1998 3724 1890 3725 1890 3726 1998 3727 2079 3728 1890 3490 2079 3491 1856 3492 1856 3493 2079 3494 2078 3495 1856 3729 2078 3730 1857 3731 1857 3732 2078 3733 2077 3734 1857 3502 2077 3503 1858 3504 1858 3505 2077 3506 2076 3507 1858 3508 2076 3509 1846 3510 1846 3511 2076 3512 2085 3513 1846 3514 2085 3515 1847 3516 1847 3517 2085 3518 2084 3519 1847 3735 2084 3736 1851 3737 1851 3738 2084 3739 2075 3740 1851 3526 2075 3526 1852 3526 1852 3526 2075 3526 2074 3526 1852 3527 2074 3528 1849 3529 1849 3530 2074 3531 2073 3532 1849 3533 2073 3534 1850 3535 1850 3536 2073 3537 2039 3538 2178 3741 2179 3742 2180 3743 1844 3744 1848 3745 2180 3746 2180 3747 1848 3748 2181 3749 2180 3750 2181 3750 2178 3750 2179 3751 2178 3752 2182 3753 2182 3754 2178 3755 2183 3756 2182 3757 2183 3758 2184 3759 2184 3760 2183 3761 2185 3762 2185 3763 2183 3764 2186 3765 2185 3766 2186 3767 2187 3768 2187 3769 2186 3770 2188 3771 2187 3772 2188 3773 2189 3774 2189 3775 2188 3776 2190 3777 2189 3778 2190 3779 2191 3780 2191 3781 2190 3782 2192 3783 2191 3784 2192 3785 2193 3786 2193 3787 2192 3787 2194 3787 2193 3788 2194 3789 2195 3790 2195 3791 2194 3792 2196 3793 2195 3794 2196 3795 2197 3796 2197 3797 2196 3798 2198 3799 2198 3800 2196 3801 2199 3802 2198 3803 2199 3804 2200 3803 2200 3805 2199 3806 2201 3807 2201 3808 2199 3809 2202 3810 2201 3811 2202 3812 2203 3813 2203 3814 2202 3815 2204 3816 2204 3817 2202 3818 2205 3819 2204 3820 2205 3821 2206 3822 2206 3823 2205 3824 2207 3825 2207 3826 2205 3827 1697 3828 2207 3829 1697 3829 1691 3829 1842 3830 1844 3831 2208 3832 2208 3833 1844 3834 2180 3835 2208 3836 2180 3837 2209 3838 2209 3839 2180 3840 2179 3841 2209 3842 2179 3843 2210 3844 2179 3845 2182 3846 2210 3847 2210 3848 2182 3849 2184 3850 2210 3851 2184 3852 2211 3853 2211 3854 2184 3855 2212 3856 2184 3857 2185 3858 2212 3859 2212 3860 2185 3861 2187 3862 2212 3863 2187 3864 2213 3865 2213 3866 2187 3866 2189 3866 2213 3867 2189 3868 2214 3869 2214 3870 2189 3871 2191 3872 2214 3873 2191 3874 2215 3875 2215 3876 2191 3877 2193 3878 2215 3879 2193 3880 2216 3881 2216 3882 2193 3883 2195 3884 2216 3885 2195 3886 2217 3887 2217 3888 2195 3889 2197 3890 2217 3891 2197 3892 2198 3893 2218 3894 2219 3895 2201 3896 2201 3897 2219 3898 2220 3899 2201 3900 2220 3901 2200 3902 2200 3903 2220 3904 2221 3905 2200 3906 2221 3907 2198 3908 2198 3909 2221 3910 2222 3911 2198 3912 2222 3913 2217 3914 2204 3915 2206 3916 2223 3917 2201 3918 2203 3919 2218 3920 2218 3921 2203 3922 2204 3923 2218 3924 2204 3925 2224 3926 2224 3927 2204 3928 2223 3929 2206 3930 2207 3931 2223 3932 2223 3933 2207 3934 1691 3935 2223 3936 1691 3937 1688 3938 2225 3939 2226 3940 2192 3941 2192 3942 2226 3943 2227 3944 2192 3945 2227 3946 2194 3947 2194 3948 2227 3949 2228 3950 2194 3951 2228 3952 2196 3953 2196 3954 2228 3954 2229 3954 2196 3955 2229 3956 2199 3957 2199 3958 2229 3959 2230 3960 2199 3961 2230 3962 2202 3963 2202 3964 2230 3965 2231 3966 2202 3967 2231 3967 2205 3967 2205 3968 2231 3969 1687 3970 2205 3971 1687 3972 1697 3973 2192 3974 2190 3975 2225 3976 2225 3977 2190 3978 2188 3979 2225 3980 2188 3981 2232 3982 2232 3983 2188 3984 2233 3985 2188 3986 2186 3987 2233 3988 2233 3989 2186 3989 2183 3989 2233 3990 2183 3990 2234 3990 2234 3991 2183 3992 2235 3993 2181 3994 1848 3995 1920 3996 2183 3997 2178 3998 2235 3999 2235 4000 2178 4001 2181 4002 2235 4003 2181 4004 2236 4005 2236 4006 2181 4007 1920 4008 1920 4009 1842 4010 2236 4011 2236 4012 1842 4013 2208 4014 2236 4015 2208 4015 2235 4015 2235 4016 2208 4017 2209 4018 2235 4019 2209 4020 2234 4021 2234 4022 2209 4023 2210 4024 2234 4025 2210 4026 2233 4027 2233 4028 2210 4029 2211 4030 2233 4031 2211 4032 2232 4033 2211 4034 2212 4034 2232 4034 2232 4035 2212 4036 2213 4037 2232 4038 2213 4039 2225 4040 2225 4041 2213 4042 2226 4043 2213 4044 2214 4045 2226 4046 2226 4047 2214 4048 2215 4049 2226 4050 2215 4050 2227 4050 2227 4051 2215 4052 2228 4053 2215 4054 2216 4055 2228 4056 2228 4057 2216 4058 2217 4057 2228 4059 2217 4060 2229 4061 2217 4062 2222 4063 2229 4064 2229 4065 2222 4066 2221 4067 2229 4068 2221 4069 2230 4070 2221 4071 2220 4072 2230 4073 2230 4074 2220 4075 2219 4076 2230 4077 2219 4078 2231 4079 2219 4080 2218 4081 2231 4082 2231 4083 2218 4084 2224 4085 2231 4086 2224 4087 1687 4088 1687 4089 2224 4090 2223 4091 1687 4092 2223 4092 1688 4092 1648 4093 2089 4093 1649 4093 1649 4094 2089 4095 2096 4096 1649 4097 2096 4098 1650 4099 1650 4100 2096 4101 1651 4102 1651 4103 2096 4104 2098 4105 1651 4106 2098 4107 1652 4108 2100 4109 1654 4110 2098 4111 2098 4112 1654 4113 1653 4114 2098 4115 1653 4116 1652 4117 1658 4118 1657 4119 2115 4120 2115 4121 1657 4122 1656 4123 2115 4124 1656 4124 2100 4124 2100 4125 1656 4126 1655 4127 2100 4128 1655 4129 1654 4130 1658 4131 2115 4132 1659 4133 1659 4134 2115 4135 2114 4136 1659 4137 2114 4138 1660 4139 1660 4140 2114 4141 1661 4142 1661 4143 2114 4143 2163 4143 1661 4144 2163 4145 1662 4146 1632 4147 1631 4148 2162 4149 2162 4150 1631 4150 1630 4150 2162 4151 1630 4152 2163 4153 2163 4154 1630 4155 1629 4156 2163 4157 1629 4158 1662 4159 1632 4160 2162 4161 1633 4162 1633 4163 2162 4163 2160 4163 1633 4164 2160 4165 1634 4166 1634 4167 2160 4168 1635 4169 1635 4170 2160 4170 2158 4170 1635 4171 2158 4171 1636 4171 1638 4172 2156 4173 1639 4174 1639 4175 2156 4176 2154 4177 1643 4178 1642 4179 2168 4180 2168 4181 1642 4182 1641 4183 2168 4184 1641 4185 2154 4186 2154 4187 1641 4188 1640 4189 2154 4190 1640 4191 1639 4192 1643 4193 2168 4194 1644 4195 1644 4196 2168 4197 2167 4198 1644 4199 2167 4200 1645 4201 1645 4202 2167 4203 1646 4204 1646 4205 2167 4206 2165 4207 1646 4208 2165 4209 1647 4210 1618 4211 1617 4212 2164 4213 2164 4214 1617 4215 1615 4216 2164 4217 1615 4218 2165 4219 2165 4220 1615 4221 1614 4222 2165 4223 1614 4224 1647 4225 1623 4226 1622 4227 2171 4228 2171 4229 1622 4230 1621 4231 2171 4232 1621 4233 2141 4234 2141 4235 1621 4236 1620 4237 2141 4238 1620 4239 2164 4240 2164 4241 1620 4242 1619 4243 2164 4244 1619 4245 1618 4246 1623 4247 2171 4248 1624 4249 1624 4250 2171 4250 2170 4250 1624 4251 2170 4252 1625 4253 1625 4254 2170 4254 1626 4254 1626 4255 2170 4255 2086 4255 1626 4256 2086 4257 1676 4258 1751 4259 2002 4259 1752 4259 1752 4260 2002 4261 2044 4262 1752 4263 2044 4264 1753 4265 1753 4266 2044 4267 1754 4268 1754 4269 2044 4269 2046 4269 1754 4270 2046 4271 1755 4272 2048 4273 1757 4273 2046 4273 2046 4274 1757 4275 1756 4276 2046 4277 1756 4278 1755 4279 1761 4280 1760 4281 2060 4282 2060 4283 1760 4284 1759 4285 2060 4286 1759 4286 2048 4286 2048 4287 1759 4288 1758 4289 2048 4290 1758 4291 1757 4292 1761 4293 2060 4294 1699 4295 1699 4296 2060 4297 2059 4298 1699 4299 2059 4300 1700 4301 1700 4302 2059 4303 1712 4304 1712 4305 2059 4306 2058 4307 1712 4308 2058 4309 1713 4310 1717 4311 1716 4311 2032 4311 2032 4312 1716 4313 1715 4314 2032 4315 1715 4316 2058 4317 2058 4318 1715 4319 1714 4320 2058 4321 1714 4322 1713 4323 1717 4324 2032 4325 1718 4326 1718 4327 2032 4328 2030 4329 1718 4330 2030 4331 1719 4332 1719 4333 2030 4334 1720 4335 1720 4336 2030 4337 2029 4338 1720 4339 2029 4340 1723 4341 1724 4342 2013 4343 1725 4344 1725 4345 2013 4345 2015 4345 1727 4346 1726 4346 2065 4346 2065 4347 1726 4348 1722 4349 2065 4350 1722 4350 2015 4350 2015 4351 1722 4352 1721 4353 2015 4354 1721 4355 1725 4356 1727 4357 2065 4358 1728 4359 1728 4360 2065 4361 2064 4362 1728 4363 2064 4364 1729 4365 1729 4366 2064 4367 1730 4368 1730 4369 2064 4369 2062 4369 1730 4370 2062 4371 1731 4372 1741 4373 1740 4374 2061 4375 2061 4376 1740 4377 1739 4378 2061 4379 1739 4380 2062 4381 2062 4382 1739 4383 1738 4384 2062 4385 1738 4386 1731 4387 1746 4388 1745 4389 2050 4390 2050 4391 1745 4392 1744 4393 2050 4394 1744 4395 2051 4396 2051 4397 1744 4398 1743 4399 2051 4400 1743 4400 2061 4400 2061 4401 1743 4402 1742 4403 2061 4404 1742 4405 1741 4406 1746 4407 2050 4407 1747 4407 1747 4408 2050 4409 2066 4410 1747 4411 2066 4411 1748 4411 1748 4412 2066 4413 1749 4414 1749 4415 2066 4416 2068 4417 1749 4418 2068 4419 1750 4420 2237 4421 1689 4421 2238 4421 2238 4422 1689 4422 1613 4422 2238 4423 1613 4423 2239 4423 2239 4424 1613 4424 1589 4424 2239 4425 1589 4425 2240 4425 2240 4426 1589 4426 1684 4426 2240 4427 1684 4427 2237 4427 2237 4428 1684 4428 1689 4428 2241 4429 2242 4429 2243 4429 2241 4430 2243 4430 2244 4430 2244 4431 2243 4431 2245 4431 2244 4432 2245 4432 2246 4432 2246 4433 2245 4434 2247 4435 2246 4436 2247 4437 2248 4438 2248 4439 2247 4440 2249 4441 2248 4442 2249 4443 2250 4444 2250 4445 2249 4445 2251 4445 2250 4446 2251 4446 2252 4446 2252 4447 2251 4447 2253 4447 2252 4448 2253 4448 2254 4448 2254 4449 2253 4449 2255 4449 2254 4450 2255 4450 2256 4450 2256 4451 2255 4451 2257 4451 2256 4452 2257 4452 2258 4452 2258 4453 2257 4453 2259 4453 2258 4454 2259 4454 2260 4454 2261 4455 2262 4455 2263 4455 2261 4456 2263 4456 2264 4456 2264 4457 2263 4457 2265 4457 2264 4458 2265 4458 2266 4458 2266 4459 2265 4460 2267 4461 2266 4462 2267 4463 2268 4464 2268 4465 2267 4466 2269 4467 2268 4468 2269 4468 2270 4468 2270 4446 2269 4446 2271 4446 2270 4445 2271 4445 2272 4445 2272 4469 2271 4470 2273 4471 2272 4472 2273 4472 2274 4472 2274 4473 2273 4473 2275 4473 2274 4474 2275 4474 2276 4474 2276 4475 2275 4475 2277 4475 2276 4476 2277 4476 2278 4476 2278 4454 2277 4454 2279 4454 2278 4453 2279 4453 2280 4453 2281 4477 2282 4477 2283 4477 2281 4478 2283 4478 2284 4478 2284 4479 2283 4479 2285 4479 2284 4480 2285 4480 2286 4480 2286 4481 2285 4481 2287 4481 2286 4482 2287 4482 2288 4482 2288 4483 2287 4484 2289 4485 2288 4486 2289 4486 2290 4486 2290 4487 2289 4487 2291 4487 2290 4488 2291 4488 2292 4488 2292 4489 2291 4489 2293 4489 2292 4490 2293 4490 2294 4490 2294 4491 2293 4491 2295 4491 2294 4492 2295 4492 2296 4492 2296 4493 2295 4493 2297 4493 2296 4494 2297 4494 2298 4494 2298 4495 2297 4496 2299 4497 2298 4498 2299 4499 2300 4500 2301 4501 2302 4501 2303 4501 2301 4502 2303 4503 2304 4504 2304 4505 2303 4505 2305 4505 2304 4506 2305 4506 2306 4506 2306 4507 2305 4507 2307 4507 2306 4508 2307 4509 2308 4510 2308 4511 2307 4511 2309 4511 2308 4512 2309 4513 2310 4514 2310 4515 2309 4515 2311 4515 2310 4516 2311 4516 2312 4516 2312 4517 2311 4517 2313 4517 2312 4518 2313 4518 2314 4518 2314 4491 2313 4491 2315 4491 2314 4492 2315 4492 2316 4492 2316 4519 2315 4519 2317 4519 2316 4520 2317 4521 2318 4522 2318 4523 2317 4524 2319 4525 2318 4526 2319 4527 2320 4528 2321 4529 2322 4529 2323 4529 2321 4530 2323 4530 2324 4530 2324 4531 2323 4531 2325 4531 2324 4531 2325 4531 2326 4531 2262 4532 2261 4532 2327 4532 2242 4532 2241 4532 2328 4532 2328 4533 2241 4533 2326 4533 2328 4534 2326 4534 2327 4534 2327 4535 2326 4535 2325 4535 2327 4536 2325 4536 2262 4536 2282 4537 2281 4537 2329 4537 2302 4537 2301 4537 2330 4537 2330 4538 2301 4538 2331 4538 2330 4539 2331 4539 2329 4539 2329 4540 2331 4540 2332 4540 2329 4541 2332 4541 2282 4541 2332 4542 2331 4542 2333 4542 2333 4543 2331 4543 2334 4543 2333 4544 2334 4545 2335 4546 2335 4547 2334 4548 2336 4549 2335 4550 2336 4550 2337 4550 2337 4551 2336 4551 2338 4551 1684 4552 2337 4552 1689 4552 1689 4552 2337 4552 2338 4552 2339 4553 2340 4553 2341 4553 2339 4554 2341 4554 2342 4554 2342 4555 2341 4555 2343 4555 2342 4556 2343 4556 2344 4556 2344 4557 2343 4557 2345 4557 2344 4558 2345 4558 2346 4558 2346 4559 2345 4559 2347 4559 2346 4560 2347 4560 2348 4560 2348 4561 2347 4561 2349 4561 2348 4561 2349 4561 2350 4561 2350 4562 2349 4562 2351 4562 2350 4563 2351 4563 2352 4563 2352 4564 2351 4564 2353 4564 2352 4565 2353 4565 2354 4565 2354 4566 2353 4566 2355 4566 2354 4566 2355 4566 2356 4566 2356 4567 2355 4567 2357 4567 2356 4568 2357 4568 2358 4568 2358 4569 2357 4569 2359 4569 2358 4570 2359 4570 2360 4570 2360 4571 2359 4571 2322 4571 2360 4572 2322 4572 2321 4572 2361 4573 2362 4573 2363 4573 2363 4573 2362 4573 2364 4573 2363 4574 2364 4575 2365 4576 2365 4577 2364 4578 2366 4579 2365 4580 2366 4580 2367 4580 2367 4581 2366 4581 2368 4581 2367 4582 2368 4582 2369 4582 2369 4582 2368 4582 2370 4582 2369 4583 2370 4584 2371 4585 2371 4586 2370 4587 2372 4588 2371 4589 2372 4590 2373 4591 2373 4592 2372 4592 2374 4592 2373 4593 2374 4594 2375 4595 2375 4596 2374 4597 2376 4598 2375 4599 2376 4599 2377 4599 2377 4600 2376 4601 2378 4602 2379 4603 2380 4603 2381 4603 2381 4604 2380 4604 2382 4604 2381 4605 2382 4606 2383 4607 2383 4608 2382 4609 2384 4610 2383 4611 2384 4611 2385 4611 2385 4612 2384 4612 2386 4612 2385 4613 2386 4614 2387 4615 2387 4616 2386 4617 2388 4618 2387 4619 2388 4620 2389 4621 2389 4622 2388 4623 2390 4624 2389 4625 2390 4625 2391 4625 2391 4626 2390 4626 2392 4626 2391 4627 2392 4627 2393 4627 2393 4628 2392 4629 2394 4630 2393 4631 2394 4631 2395 4631 2395 4631 2394 4631 2396 4631 2395 4632 2396 4633 2397 4634 2397 4635 2396 4636 2398 4637 2397 4638 2398 4638 2399 4638 2399 4639 2398 4640 2400 4641 2399 4642 2400 4642 2401 4642 2401 4643 2400 4643 2402 4643 2403 4644 2404 4645 2405 4646 2405 4647 2404 4648 2406 4649 2407 4650 2408 4650 2409 4650 2409 4651 2408 4651 2410 4651 2409 4652 2410 4652 2411 4652 2411 4652 2410 4652 2412 4652 2411 4653 2412 4654 2413 4655 2413 4656 2412 4657 2414 4658 2413 4659 2414 4660 2415 4661 2415 4662 2414 4663 2416 4664 2415 4665 2416 4666 2417 4667 2417 4668 2416 4669 2418 4670 2417 4671 2418 4672 2419 4673 2419 4674 2418 4675 2420 4676 2419 4677 2420 4678 2421 4679 2421 4680 2420 4681 2422 4682 2421 4683 2422 4683 2423 4683 2423 4684 2422 4685 2424 4686 2423 4687 2424 4687 2425 4687 2425 4688 2424 4688 2426 4688 2425 4689 2426 4689 2403 4689 2403 4690 2426 4690 2404 4690 2427 801 2428 801 2429 801 2379 801 2381 801 2401 801 2401 4691 2381 4691 2383 4691 2401 4692 2383 4692 2385 4692 2428 801 2430 801 2429 801 2429 4693 2430 4693 2431 4693 2429 4694 2431 4694 2432 4694 2432 4695 2433 4695 2429 4695 2429 4696 2433 4696 2434 4696 2429 4697 2434 4697 2435 4697 2435 4698 2434 4698 2436 4698 2435 4699 2436 4699 2437 4699 2385 801 2387 801 2389 801 2389 801 2391 801 2385 801 2385 4700 2391 4700 2393 4700 2385 4701 2393 4701 2395 4701 2395 4702 2397 4702 2385 4702 2385 4703 2397 4703 2399 4703 2385 4704 2399 4704 2401 4704 2379 4705 2371 4705 2373 4705 2373 801 2375 801 2379 801 2379 4706 2375 4706 2377 4706 2379 801 2377 801 2438 801 2438 801 2377 801 2435 801 2438 4707 2435 4707 2439 4707 2439 4708 2435 4708 2437 4708 2401 801 2361 801 2379 801 2379 4709 2361 4709 2363 4709 2379 4710 2363 4710 2365 4710 2407 4711 2423 4711 2425 4711 2440 4712 2441 4712 2429 4712 2429 4713 2441 4713 2442 4713 2429 4714 2442 4714 2427 4714 2415 4715 2409 4715 2413 4715 2413 801 2409 801 2411 801 2415 4716 2417 4716 2409 4716 2409 4717 2417 4717 2419 4717 2409 4718 2419 4718 2407 4718 2407 4719 2419 4719 2421 4719 2407 4720 2421 4720 2423 4720 2425 4721 2403 4721 2407 4721 2407 4722 2403 4722 2405 4722 2407 801 2405 801 2429 801 2429 4723 2405 4723 2443 4723 2429 4724 2443 4724 2440 4724 2365 4725 2367 4725 2379 4725 2379 801 2367 801 2369 801 2379 4726 2369 4726 2371 4726 2429 4727 2435 4727 2444 4727 2444 4728 2435 4728 2445 4728 2429 4729 2444 4729 2407 4729 2407 4730 2444 4730 2408 4730 2446 4731 2447 4731 2430 4731 2430 4732 2447 4732 2431 4732 2431 4733 2447 4733 2448 4733 2431 4734 2448 4734 2432 4734 2432 4735 2448 4735 2449 4735 2432 4736 2449 4736 2433 4736 2433 4737 2449 4737 2450 4737 2433 4738 2450 4738 2434 4738 2434 4739 2450 4739 2451 4739 2434 4740 2451 4740 2436 4740 2436 4741 2451 4741 2452 4741 2436 4742 2452 4742 2437 4742 2437 4743 2452 4743 2453 4743 2437 4744 2453 4744 2439 4744 2439 4745 2453 4745 2454 4745 2439 4746 2454 4746 2438 4746 2438 4747 2454 4747 2380 4747 2438 4748 2380 4748 2379 4748 2402 4749 2362 4749 2401 4749 2401 4750 2362 4750 2361 4750 2378 4751 2445 4751 2377 4751 2377 4752 2445 4752 2435 4752 2455 4753 2456 4754 2457 4755 2457 4756 2456 4756 2458 4756 2457 4757 2458 4758 2459 4759 2459 4760 2458 4761 2460 4762 2459 4763 2460 4764 2461 4765 2461 4766 2460 4767 2462 4768 2461 4769 2462 4770 2463 4771 2463 4772 2462 4773 2464 4774 2463 4582 2464 4582 2465 4582 2465 4582 2464 4582 2466 4582 2465 4775 2466 4775 2467 4775 2467 4776 2466 4776 2468 4776 2467 4579 2468 4577 2469 4578 2469 4575 2468 4576 2470 4574 2469 4573 2470 4573 2471 4573 2471 4573 2470 4573 2472 4573 2473 4777 2474 4777 2475 4777 2475 4778 2474 4778 2476 4778 2475 4638 2476 4638 2477 4638 2477 4779 2476 4780 2478 4781 2477 4782 2478 4783 2479 4784 2479 4785 2478 4786 2480 4787 2479 4631 2480 4631 2481 4631 2481 4631 2480 4631 2482 4631 2481 4788 2482 4789 2483 4790 2483 4791 2482 4792 2484 4793 2483 4625 2484 4625 2485 4625 2485 4626 2484 4626 2486 4626 2485 4794 2486 4795 2487 4796 2487 4797 2486 4798 2488 4799 2487 4800 2488 4801 2489 4802 2489 4803 2488 4804 2490 4805 2489 4806 2490 4806 2491 4806 2491 4807 2490 4807 2492 4807 2491 4808 2492 4809 2493 4810 2493 4811 2492 4812 2494 4813 2493 4814 2494 4814 2495 4814 2495 4815 2494 4815 2496 4815 2497 4816 2498 4816 2499 4816 2499 4817 2498 4817 2500 4817 2499 4818 2500 4818 2501 4818 2501 4819 2500 4819 2502 4819 2501 4820 2502 4820 2503 4820 2503 4821 2502 4821 2504 4821 2503 4822 2504 4823 2505 4824 2505 4825 2504 4826 2506 4827 2505 4828 2506 4828 2507 4828 2507 4829 2506 4830 2508 4831 2507 4832 2508 4833 2509 4834 2509 4835 2508 4836 2510 4837 2509 4838 2510 4838 2511 4838 2511 4839 2510 4840 2512 4841 2511 4842 2512 4843 2513 4844 2513 4690 2512 4690 2514 4690 2513 4687 2514 4687 2515 4687 2515 4688 2514 4688 2516 4688 2515 4683 2516 4683 2517 4683 2517 4845 2516 4846 2518 4847 2517 4682 2518 4680 2519 4681 2519 4678 2518 4679 2520 4677 2519 4848 2520 4849 2521 4850 2521 4851 2520 4852 2522 4853 2521 4854 2522 4855 2523 4856 2523 4857 2522 4858 2524 4859 2523 4860 2524 4861 2525 4862 2525 4863 2524 4864 2526 4865 2525 4866 2526 4867 2527 4868 2527 4869 2526 4870 2528 4871 2527 4652 2528 4652 2529 4652 2529 4652 2528 4652 2530 4652 2529 4872 2530 4872 2531 4872 2531 4873 2530 4873 2532 4873 2471 826 2473 826 2495 826 2471 4874 2495 4874 2469 4874 2499 826 2501 826 2531 826 2533 4875 2534 4875 2535 4875 2534 4876 2536 4876 2535 4876 2535 4877 2536 4877 2537 4877 2535 4878 2537 4878 2538 4878 2538 4879 2537 4879 2539 4879 2539 4880 2540 4880 2538 4880 2538 4881 2540 4881 2541 4881 2538 4882 2541 4882 2531 4882 2531 4883 2541 4883 2497 4883 2531 4884 2497 4884 2499 4884 2495 4885 2455 4885 2457 4885 2489 826 2491 826 2473 826 2473 4886 2491 4886 2493 4886 2473 4887 2493 4887 2495 4887 2455 826 2495 826 2535 826 2535 4888 2495 4888 2542 4888 2535 4889 2542 4889 2533 4889 2475 826 2477 826 2479 826 2507 826 2509 826 2531 826 2531 4890 2509 4890 2511 4890 2531 4891 2511 4891 2513 4891 2457 826 2459 826 2495 826 2495 4892 2459 4892 2461 4892 2495 4893 2461 4893 2463 4893 2463 826 2465 826 2495 826 2495 4894 2465 4894 2467 4894 2495 4895 2467 4895 2469 4895 2475 826 2479 826 2473 826 2473 826 2479 826 2481 826 2473 4896 2481 4896 2483 4896 2483 826 2485 826 2473 826 2473 4897 2485 4897 2487 4897 2473 4898 2487 4898 2489 4898 2501 826 2503 826 2531 826 2531 826 2503 826 2505 826 2531 4899 2505 4899 2507 4899 2525 4900 2513 4900 2515 4900 2525 4901 2527 4901 2513 4901 2513 4902 2527 4902 2529 4902 2513 4903 2529 4903 2531 4903 2521 4904 2523 4904 2519 4904 2519 4905 2523 4905 2525 4905 2519 826 2525 826 2517 826 2517 826 2525 826 2515 826 2473 4906 2471 4906 2474 4906 2474 4907 2471 4907 2472 4907 2495 4747 2496 4747 2543 4747 2495 4748 2543 4748 2542 4748 2542 4908 2543 4908 2544 4908 2542 4909 2544 4909 2533 4909 2533 4743 2544 4743 2545 4743 2533 4744 2545 4744 2534 4744 2534 4910 2545 4910 2546 4910 2534 4911 2546 4911 2536 4911 2536 4912 2546 4912 2547 4912 2536 4913 2547 4913 2537 4913 2537 4914 2547 4914 2548 4914 2537 4915 2548 4915 2539 4915 2539 4916 2548 4916 2549 4916 2539 4917 2549 4917 2540 4917 2540 4918 2549 4918 2550 4918 2540 4919 2550 4919 2541 4919 2550 4920 2498 4920 2541 4920 2541 4921 2498 4921 2497 4921 2531 4729 2532 4729 2538 4729 2538 4730 2532 4730 2551 4730 2535 4922 2538 4922 2552 4922 2552 4923 2538 4923 2551 4923 2552 4924 2456 4924 2535 4924 2535 4925 2456 4925 2455 4925 2553 4926 2554 4926 2555 4926 2555 4927 2554 4927 2556 4927 2555 4928 2556 4929 2557 4930 2557 4931 2556 4932 2558 4933 2557 4934 2558 4935 2559 4936 2559 4937 2558 4938 2560 4939 2559 4940 2560 4941 2561 4942 2561 4943 2560 4944 2562 4945 2561 4946 2562 4947 2563 4948 2563 4949 2562 4950 2564 4951 2563 4952 2564 4953 2565 4954 2565 4955 2564 4956 2566 4957 2565 4958 2566 4959 2567 4960 2567 4961 2566 4962 2568 4963 2567 4964 2568 4965 2569 4966 2569 4967 2568 4968 2570 4969 2569 4970 2570 4971 2571 4972 2571 4973 2570 4974 2572 4975 2571 4976 2572 4976 2573 4976 2573 4977 2572 4978 2574 4979 2573 4980 2574 4981 2575 4982 2575 4983 2574 4984 2576 4985 2575 4986 2576 4987 2577 4988 2577 4989 2576 4990 2578 4991 2577 4992 2578 4993 2579 4994 2579 4995 2578 4995 2580 4995 2579 4996 2580 4997 2581 4998 2581 4999 2580 5000 2582 5001 2581 5002 2582 5003 2583 5004 2583 5005 2582 5006 2584 5007 2583 5008 2584 5009 2585 5010 2585 5011 2584 5012 2586 5013 2585 5014 2586 5015 2587 5016 2587 5017 2586 5018 2588 5019 2587 5020 2588 5020 2589 5020 2589 5021 2588 5021 2590 5021 2299 5022 2260 5023 2300 5024 2300 5025 2260 5026 2259 5027 2591 5028 2592 5028 2593 5028 2593 5028 2592 5028 2594 5028 2593 5029 2594 5030 2595 5031 2595 5032 2594 5032 2596 5032 2595 5033 2596 5034 2597 5035 2597 5036 2596 5037 2598 5038 2597 5039 2598 5040 2599 5041 2599 5042 2598 5043 2600 5044 2599 5045 2600 5045 2601 5045 2601 5045 2600 5045 2602 5045 2601 5046 2602 5046 2603 5046 2603 5047 2602 5048 2604 5049 2603 5050 2604 5050 2605 5050 2605 5050 2604 5050 2606 5050 2605 5051 2606 5052 2607 5053 2607 5054 2606 5055 2608 5056 2607 5057 2608 5057 2609 5057 2609 5057 2608 5057 2610 5057 2609 5058 2610 5059 2611 5060 2611 5061 2610 5062 2612 5063 2611 5064 2612 5065 2613 5066 2613 5067 2612 5068 2614 5069 2613 5070 2614 5071 2615 5072 2615 5073 2614 5074 2616 5075 2615 5076 2616 5077 2617 5078 2617 5079 2616 5080 2618 5081 2617 5082 2618 5082 2619 5082 2619 5082 2618 5082 2620 5082 2619 5083 2620 5083 2621 5083 2621 5084 2620 5085 2622 5086 2621 5087 2622 5088 2623 5089 2623 5090 2622 5091 2624 5092 2623 5093 2624 5094 2625 5095 2625 5096 2624 5097 2626 5098 2625 5099 2626 5099 2627 5099 2627 5099 2626 5099 2628 5099 2629 4927 2630 4927 2631 4927 2631 4926 2630 4926 2632 4926 2631 5100 2632 5101 2633 5102 2633 5103 2632 5104 2634 5105 2633 5106 2634 5107 2635 5108 2635 5109 2634 5110 2636 5111 2635 5112 2636 5113 2637 5114 2637 5115 2636 5116 2638 5117 2637 5118 2638 5119 2639 5120 2639 5121 2638 5122 2640 5123 2639 5124 2640 5124 2641 5124 2641 5125 2640 5126 2642 5127 2641 5128 2642 5129 2643 5130 2643 5131 2642 5132 2644 5133 2643 5134 2644 5135 2645 5136 2645 5137 2644 5138 2646 5139 2645 5140 2646 5141 2647 5142 2647 5143 2646 5144 2648 5145 2647 5146 2648 5146 2649 5146 2649 5147 2648 5148 2650 5149 2649 4980 2650 4981 2651 4982 2651 4983 2650 4984 2652 4985 2651 5150 2652 5151 2653 5152 2653 5153 2652 5154 2654 5155 2653 5156 2654 5157 2655 5158 2655 5159 2654 5159 2656 5159 2655 5160 2656 5161 2657 5162 2657 5163 2656 5164 2658 5165 2657 5166 2658 5167 2659 5168 2659 5169 2658 5170 2660 5171 2659 5172 2660 5173 2661 5174 2661 5175 2660 5176 2662 5177 2661 5178 2662 5179 2663 5180 2663 5181 2662 5182 2664 5183 2663 5021 2664 5021 2665 5021 2665 5020 2664 5020 2666 5020 2319 5184 2280 5185 2320 5186 2320 5187 2280 5188 2279 5189 2667 826 2668 826 2669 826 2508 826 1613 826 2510 826 2510 5190 1613 5190 2512 5190 2508 826 2506 826 1613 826 1613 826 2506 826 2504 826 1613 5191 2504 5191 2670 5191 2670 5192 2504 5192 2502 5192 2520 5193 2518 5193 1689 5193 1689 5194 2518 5194 2516 5194 1689 5195 2516 5195 1613 5195 1613 5196 2516 5196 2514 5196 1613 5197 2514 5197 2512 5197 2671 826 2301 826 2672 826 2672 826 2301 826 2304 826 2672 826 2304 826 2673 826 2673 5198 2304 5198 2306 5198 2673 826 2306 826 2674 826 2674 5199 2306 5199 2308 5199 2674 826 2308 826 2675 826 2675 5200 2308 5200 2310 5200 2675 5201 2310 5201 2676 5201 2323 5202 2322 5202 2662 5202 2526 826 1689 826 2528 826 2528 826 1689 826 2530 826 2677 826 2678 826 2668 826 2668 826 2678 826 2679 826 2668 5203 2679 5203 2669 5203 2614 826 2612 826 2322 826 2526 826 2524 826 1689 826 1689 5204 2524 5204 2522 5204 1689 5205 2522 5205 2520 5205 2671 826 2680 826 2301 826 2301 5206 2680 5206 2681 5206 2301 5207 2681 5207 2677 5207 2323 826 2662 826 2325 826 2325 5208 2662 5208 2660 5208 2325 5209 2660 5209 2658 5209 2604 826 2602 826 2682 826 2683 826 2666 826 2608 826 2608 5210 2666 5210 2664 5210 2630 826 2279 826 2632 826 2632 826 2279 826 2277 826 2632 826 2277 826 2634 826 2310 826 2312 826 2676 826 2676 5211 2312 5211 2314 5211 2676 826 2314 826 2684 826 2684 5212 2314 5212 2316 5212 2684 826 2316 826 2685 826 2685 826 2316 826 2318 826 2685 5213 2318 5213 2630 5213 2630 5214 2318 5214 2320 5214 2630 5215 2320 5215 2279 5215 2683 826 2608 826 2682 826 2682 826 2608 826 2606 826 2682 5216 2606 5216 2604 5216 2658 826 2656 826 2325 826 2325 5217 2656 5217 2654 5217 2325 5218 2654 5218 2262 5218 2262 5219 2654 5219 2652 5219 2262 5220 2652 5220 2650 5220 2650 826 2648 826 2262 826 2262 5221 2648 5221 2646 5221 2262 826 2646 826 2263 826 2263 5222 2646 5222 2644 5222 2263 826 2644 826 2265 826 2265 5223 2644 5223 2642 5223 2265 5224 2642 5224 2267 5224 2267 826 2642 826 2640 826 2267 5225 2640 5225 2269 5225 2269 5226 2640 5226 2638 5226 2269 826 2638 826 2271 826 2271 5227 2638 5227 2636 5227 2271 826 2636 826 2273 826 2273 826 2636 826 2634 826 2273 5228 2634 5228 2275 5228 2275 5229 2634 5229 2277 5229 2602 5230 2600 5230 2682 5230 2682 5231 2600 5231 2598 5231 2682 826 2598 826 2596 826 2686 5232 2687 5232 2669 5232 2669 5233 2687 5233 2688 5233 2669 5234 2688 5234 2667 5234 2622 826 2620 826 2359 826 2359 5235 2620 5235 2618 5235 2359 5236 2618 5236 2322 5236 2322 5237 2618 5237 2616 5237 2322 826 2616 826 2614 826 2664 5238 2662 5238 2608 5238 2608 5239 2662 5239 2322 5239 2608 826 2322 826 2610 826 2610 826 2322 826 2612 826 2596 5240 2594 5240 2682 5240 2682 5241 2594 5241 2592 5241 2682 5242 2592 5242 2689 5242 2689 5243 2592 5243 2690 5243 2689 826 2690 826 2669 826 2669 5244 2690 5244 2691 5244 2669 5245 2691 5245 2686 5245 2552 826 2551 826 1689 826 1689 5246 2551 5246 2532 5246 1689 5247 2532 5247 2530 5247 2677 826 2668 826 2301 826 2301 5248 2668 5248 2692 5248 2301 5249 2692 5249 2331 5249 2331 5250 2692 5250 2693 5250 2331 5251 2693 5251 2694 5251 2695 5252 1689 5252 2338 5252 2470 5253 2468 5253 2695 5253 2694 826 2696 826 2331 826 2331 5254 2696 5254 2697 5254 2331 5255 2697 5255 2698 5255 2698 826 2699 826 2331 826 2331 5256 2699 5256 2700 5256 2331 5257 2700 5257 2334 5257 2334 826 2700 826 2695 826 2334 5258 2695 5258 2336 5258 2336 826 2695 826 2338 826 2470 826 2695 826 2472 826 2355 5259 2494 5259 2492 5259 2468 5260 2466 5260 2695 5260 2695 826 2466 826 2464 826 2695 5261 2464 5261 2462 5261 2488 826 2486 826 2701 826 2486 826 2484 826 2701 826 2701 5262 2484 5262 2482 5262 2701 5263 2482 5263 2480 5263 2462 826 2460 826 2695 826 2695 5264 2460 5264 2458 5264 2695 826 2458 826 1689 826 1689 5265 2458 5265 2456 5265 1689 5266 2456 5266 2552 5266 2622 5267 2359 5267 2624 5267 2624 5268 2359 5268 2357 5268 2624 826 2357 826 2626 826 2626 5269 2357 5269 2355 5269 2626 826 2355 826 2628 826 2628 826 2355 826 2492 826 2628 826 2492 826 2701 826 2701 5270 2492 5270 2490 5270 2701 5271 2490 5271 2488 5271 2480 826 2478 826 2701 826 2701 5272 2478 5272 2476 5272 2701 826 2476 826 2695 826 2695 5273 2476 5273 2474 5273 2695 826 2474 826 2472 826 2502 5274 2500 5274 2670 5274 2670 5275 2500 5275 2498 5275 2670 826 2498 826 2340 826 2340 5276 2498 5276 2550 5276 2340 826 2550 826 2341 826 2341 5277 2550 5277 2549 5277 2341 5278 2549 5278 2343 5278 2343 5279 2549 5279 2548 5279 2343 5280 2548 5280 2345 5280 2345 5281 2548 5281 2547 5281 2345 826 2547 826 2347 826 2347 826 2547 826 2546 826 2347 826 2546 826 2349 826 2349 826 2546 826 2545 826 2349 5282 2545 5282 2351 5282 2351 5283 2545 5283 2544 5283 2351 826 2544 826 2353 826 2353 5284 2544 5284 2543 5284 2353 826 2543 826 2355 826 2355 5285 2543 5285 2496 5285 2355 5286 2496 5286 2494 5286 1589 5287 2702 5287 2703 5287 2703 801 2704 801 1589 801 1589 5288 2704 5288 2705 5288 1589 5289 2705 5289 2406 5289 2702 801 1589 801 2706 801 2706 5290 1589 5290 2707 5290 2706 5291 2707 5291 2708 5291 2587 5292 2589 5292 2709 5292 2555 801 2258 801 2260 801 2710 801 2711 801 2585 801 2579 801 2581 801 2326 801 2555 801 2260 801 2553 801 2553 5293 2260 5293 2299 5293 2553 801 2299 801 2712 801 2712 801 2299 801 2297 801 2712 801 2297 801 2713 801 2258 801 2555 801 2256 801 2256 801 2555 801 2557 801 2256 801 2557 801 2254 801 2254 801 2557 801 2559 801 2254 801 2559 801 2252 801 2252 5294 2559 5294 2250 5294 2250 5295 2559 5295 2561 5295 2250 801 2561 801 2248 801 2248 5296 2561 5296 2563 5296 2248 5297 2563 5297 2246 5297 2246 801 2563 801 2565 801 2246 5298 2565 5298 2244 5298 2244 5299 2565 5299 2567 5299 2244 5300 2567 5300 2241 5300 2241 5301 2567 5301 2569 5301 2241 5302 2569 5302 2571 5302 2587 801 2709 801 2585 801 2585 5303 2709 5303 2714 5303 2585 801 2714 801 2710 801 2398 801 2396 801 2627 801 2571 801 2573 801 2241 801 2241 5304 2573 5304 2575 5304 2241 801 2575 801 2326 801 2326 5305 2575 5305 2577 5305 2326 5306 2577 5306 2579 5306 2617 5307 2360 5307 2615 5307 2615 5308 2360 5308 2321 5308 2615 801 2321 801 2613 801 2297 801 2295 801 2713 801 2713 5309 2295 5309 2293 5309 2713 801 2293 801 2715 801 2715 5310 2293 5310 2291 5310 2715 801 2291 801 2716 801 2716 5311 2291 5311 2289 5311 2716 801 2289 801 2717 801 2717 5312 2289 5312 2287 5312 2717 801 2287 801 2718 801 2718 5313 2287 5313 2285 5313 2718 5314 2285 5314 2719 5314 2719 5315 2285 5315 2283 5315 2719 801 2283 801 2720 801 2720 801 2283 801 2282 801 2720 801 2282 801 2721 801 2721 801 2282 801 2722 801 2711 801 2723 801 2585 801 2585 5316 2723 5316 2724 5316 2585 5317 2724 5317 2725 5317 2326 5318 2601 5318 2603 5318 2627 5319 2396 5319 2625 5319 2386 801 2384 801 2356 801 2726 801 2727 801 2332 801 2332 801 2727 801 2728 801 2332 801 2728 801 2282 801 2282 5320 2728 5320 2729 5320 2282 5321 2729 5321 2722 5321 2603 5322 2605 5322 2326 5322 2326 801 2605 801 2607 801 2326 5323 2607 5323 2324 5323 2324 5324 2607 5324 2609 5324 2324 801 2609 801 2321 801 2321 5325 2609 5325 2611 5325 2321 5326 2611 5326 2613 5326 2730 5327 2731 5327 2332 5327 2332 5328 2731 5328 2732 5328 2332 5329 2732 5329 2733 5329 2332 5330 2734 5330 2709 5330 2396 801 2394 801 2625 801 2625 5331 2394 5331 2392 5331 2625 5332 2392 5332 2390 5332 2386 801 2356 801 2388 801 2735 801 2402 801 2627 801 2627 5333 2402 5333 2400 5333 2627 5334 2400 5334 2398 5334 2372 5335 2370 5335 2736 5335 2736 801 2370 801 2368 801 1684 5336 2736 5336 2337 5336 2337 801 2736 801 2335 801 2733 5337 2737 5337 2332 5337 2332 801 2737 801 2738 801 2332 5338 2738 5338 2734 5338 2589 801 2739 801 2709 801 2709 5339 2739 5339 2740 5339 2709 5340 2740 5340 2332 5340 2332 801 2740 801 2741 801 2332 5341 2741 5341 2726 5341 2601 5342 2326 5342 2599 5342 2599 801 2326 801 2581 801 2599 5343 2581 5343 2597 5343 2390 801 2388 801 2625 801 2625 5344 2388 5344 2356 5344 2625 5345 2356 5345 2623 5345 2623 5346 2356 5346 2358 5346 2623 801 2358 801 2621 801 2621 801 2358 801 2360 801 2621 801 2360 801 2619 801 2619 801 2360 801 2617 801 2384 801 2382 801 2356 801 2356 5347 2382 5347 2380 5347 2356 5348 2380 5348 2354 5348 2354 5349 2380 5349 2454 5349 2354 801 2454 801 2352 801 2352 5350 2454 5350 2453 5350 2352 801 2453 801 2350 801 2350 5351 2453 5351 2452 5351 2350 5352 2452 5352 2348 5352 2348 5353 2452 5353 2451 5353 2348 5354 2451 5354 2346 5354 2346 5355 2451 5355 2450 5355 2346 801 2450 801 2344 801 2344 801 2450 801 2449 801 2344 5356 2449 5356 2342 5356 2342 5357 2449 5357 2448 5357 2342 5358 2448 5358 2339 5358 2339 5359 2448 5359 2447 5359 2339 801 2447 801 2707 801 2707 5360 2447 5360 2446 5360 2707 5361 2446 5361 2708 5361 2368 5362 2366 5362 2736 5362 2736 5363 2366 5363 2364 5363 2736 801 2364 801 2735 801 2735 5364 2364 5364 2362 5364 2735 801 2362 801 2402 801 2730 801 2332 801 2736 801 2736 5365 2332 5365 2333 5365 2736 5366 2333 5366 2335 5366 2725 801 2742 801 2585 801 2585 5367 2742 5367 2591 5367 2585 801 2591 801 2583 801 2583 801 2591 801 2593 801 2583 801 2593 801 2581 801 2581 5368 2593 5368 2595 5368 2581 5369 2595 5369 2597 5369 2406 801 2404 801 1589 801 1589 5370 2404 5370 2426 5370 1589 5371 2426 5371 1684 5371 1684 5372 2426 5372 2424 5372 1684 5373 2424 5373 2422 5373 2422 5374 2420 5374 1684 5374 1684 5375 2420 5375 2418 5375 1684 5376 2418 5376 2416 5376 2416 5377 2414 5377 1684 5377 1684 5378 2414 5378 2412 5378 1684 801 2412 801 2410 801 2410 5379 2408 5379 1684 5379 1684 5380 2408 5380 2444 5380 1684 801 2444 801 2445 801 2445 5381 2378 5381 1684 5381 1684 5382 2378 5382 2376 5382 1684 5383 2376 5383 2736 5383 2736 5384 2376 5384 2374 5384 2736 801 2374 801 2372 801 2329 5385 2743 5385 2330 5385 2330 5386 2743 5386 2744 5386 2302 5387 2330 5387 2744 5387 2631 801 2280 801 2629 801 2629 5293 2280 5293 2319 5293 2629 5388 2319 5388 2745 5388 2745 5389 2319 5389 2317 5389 2745 5390 2317 5390 2746 5390 2747 801 2748 801 2302 801 2635 801 2274 801 2633 801 2633 801 2274 801 2276 801 2633 801 2276 801 2631 801 2631 801 2276 801 2278 801 2631 5391 2278 5391 2280 5391 2665 801 2749 801 2744 801 2744 5392 2749 5392 2750 5392 2744 5393 2750 5393 2751 5393 2748 5394 2752 5394 2302 5394 2302 5395 2752 5395 2753 5395 2302 801 2753 801 2303 801 2303 5396 2753 5396 2754 5396 2303 801 2754 801 2305 801 2305 5397 2754 5397 2755 5397 2305 801 2755 801 2307 801 2307 5398 2755 5398 2756 5398 2307 801 2756 801 2309 801 2309 5399 2756 5399 2757 5399 2309 801 2757 801 2311 801 2311 5400 2757 5400 2758 5400 2311 801 2758 801 2313 801 2313 5401 2758 5401 2746 5401 2313 801 2746 801 2315 801 2315 5402 2746 5402 2317 5402 2645 5403 2261 5403 2643 5403 2643 5404 2261 5404 2264 5404 2643 5405 2264 5405 2641 5405 2641 5406 2264 5406 2266 5406 2641 801 2266 801 2639 801 2639 5407 2266 5407 2268 5407 2639 801 2268 801 2637 801 2637 5408 2268 5408 2270 5408 2637 801 2270 801 2635 801 2635 5409 2270 5409 2272 5409 2635 5410 2272 5410 2274 5410 2651 5411 2327 5411 2649 5411 2649 5412 2327 5412 2261 5412 2649 5413 2261 5413 2647 5413 2647 801 2261 801 2645 801 2651 5414 2653 5414 2327 5414 2327 5415 2653 5415 2655 5415 2327 5416 2655 5416 2657 5416 2751 5417 2759 5417 2744 5417 2744 5418 2759 5418 2760 5418 2744 801 2760 801 2302 801 2302 5419 2760 5419 2761 5419 2302 5420 2761 5420 2747 5420 2657 5421 2659 5421 2327 5421 2327 5422 2659 5422 2661 5422 2327 5423 2661 5423 2744 5423 2744 5424 2661 5424 2663 5424 2744 801 2663 801 2665 801 2743 5425 2329 5425 2281 5425 2281 826 2284 826 2762 826 2554 826 2259 826 2556 826 2556 5426 2259 5426 2257 5426 2556 5427 2257 5427 2558 5427 2762 826 2284 826 2763 826 2763 5428 2284 5428 2286 5428 2763 826 2286 826 2764 826 2764 5429 2286 5429 2288 5429 2764 826 2288 826 2765 826 2765 826 2288 826 2290 826 2765 826 2290 826 2766 826 2762 826 2767 826 2281 826 2281 5430 2767 5430 2768 5430 2281 5431 2768 5431 2769 5431 2290 5432 2292 5432 2766 5432 2766 826 2292 826 2294 826 2766 826 2294 826 2770 826 2770 5433 2294 5433 2296 5433 2770 826 2296 826 2771 826 2771 5434 2296 5434 2298 5434 2771 5435 2298 5435 2554 5435 2554 5436 2298 5436 2300 5436 2554 5215 2300 5215 2259 5215 2769 826 2772 826 2281 826 2281 5437 2772 5437 2773 5437 2281 826 2773 826 2743 826 2743 5438 2773 5438 2774 5438 2743 5439 2774 5439 2775 5439 2775 5440 2776 5440 2743 5440 2743 5441 2776 5441 2777 5441 2743 5442 2777 5442 2778 5442 2586 826 2328 826 2588 826 2588 826 2328 826 2743 826 2588 826 2743 826 2590 826 2590 826 2743 826 2778 826 2586 5443 2584 5443 2328 5443 2328 5444 2584 5444 2582 5444 2328 5445 2582 5445 2580 5445 2580 5446 2578 5446 2328 5446 2328 5447 2578 5447 2576 5447 2328 5448 2576 5448 2242 5448 2242 5449 2576 5449 2574 5449 2257 5450 2255 5450 2558 5450 2558 826 2255 826 2253 826 2558 826 2253 826 2560 826 2560 5451 2253 5451 2251 5451 2560 826 2251 826 2562 826 2562 5452 2251 5452 2249 5452 2562 5453 2249 5453 2564 5453 2564 826 2249 826 2247 826 2564 826 2247 826 2566 826 2566 5454 2247 5454 2245 5454 2566 5455 2245 5455 2568 5455 2568 5456 2245 5456 2243 5456 2568 5457 2243 5457 2570 5457 2570 5458 2243 5458 2242 5458 2570 826 2242 826 2572 826 2572 5459 2242 5459 2574 5459 2327 5460 2744 5460 2328 5460 2328 5461 2744 5461 2743 5461 2665 5462 2666 5462 2749 5462 2749 5463 2666 5463 2683 5463 2749 5464 2683 5465 2750 5466 2750 5467 2683 5468 2682 5469 2750 5470 2682 5471 2751 5472 2751 5473 2682 5474 2689 5475 2751 5476 2689 5476 2759 5476 2759 5477 2689 5478 2669 5479 2759 5480 2669 5481 2760 5482 2760 5483 2669 5484 2679 5485 2760 5486 2679 5487 2761 5488 2761 5489 2679 5490 2678 5491 2761 5492 2678 5493 2747 5494 2747 5495 2678 5496 2677 5497 2747 5498 2677 5499 2748 5500 2748 5501 2677 5502 2681 5503 2748 5504 2681 5504 2752 5504 2752 5505 2681 5505 2680 5505 2752 5506 2680 5506 2753 5506 2753 5507 2680 5507 2671 5507 2753 5508 2671 5509 2754 5510 2754 5511 2671 5512 2672 5513 2754 5514 2672 5515 2755 5516 2755 5517 2672 5518 2673 5519 2755 5520 2673 5521 2756 5522 2756 5523 2673 5523 2674 5523 2756 5524 2674 5524 2757 5524 2757 5525 2674 5525 2675 5525 2757 5526 2675 5527 2758 5528 2758 5529 2675 5530 2676 5531 2758 5532 2676 5533 2746 5534 2746 5535 2676 5536 2684 5537 2746 5538 2684 5539 2745 5540 2745 5541 2684 5542 2685 5543 2745 5544 2685 5545 2629 5546 2629 5547 2685 5548 2630 5549 2627 5550 2628 5550 2735 5550 2735 5550 2628 5550 2701 5550 2735 5551 2701 5552 2736 5553 2736 5554 2701 5554 2695 5554 2736 5555 2695 5556 2730 5557 2730 5558 2695 5559 2700 5560 2730 5561 2700 5562 2731 5563 2731 5564 2700 5565 2699 5566 2731 5567 2699 5567 2732 5567 2732 5567 2699 5567 2698 5567 2732 5568 2698 5568 2733 5568 2733 5569 2698 5570 2697 5571 2733 5572 2697 5572 2737 5572 2737 5572 2697 5572 2696 5572 2737 5573 2696 5574 2738 5575 2738 5576 2696 5577 2694 5578 2738 5579 2694 5579 2734 5579 2734 5579 2694 5579 2693 5579 2734 5580 2693 5581 2709 5582 2709 5583 2693 5584 2692 5585 2709 5586 2692 5587 2714 5588 2714 5589 2692 5590 2668 5591 2714 5592 2668 5593 2710 5594 2710 5595 2668 5596 2667 5597 2710 5598 2667 5599 2711 5600 2711 5601 2667 5602 2688 5603 2711 5604 2688 5604 2723 5604 2723 5604 2688 5604 2687 5604 2723 5605 2687 5605 2724 5605 2724 5606 2687 5607 2686 5608 2724 5609 2686 5610 2725 5611 2725 5612 2686 5613 2691 5614 2725 5615 2691 5616 2742 5617 2742 5618 2691 5619 2690 5620 2742 5621 2690 5621 2591 5621 2591 5621 2690 5621 2592 5621 2589 5622 2590 5623 2739 5624 2739 5625 2590 5625 2778 5625 2739 5626 2778 5627 2740 5628 2740 5629 2778 5630 2777 5631 2740 5632 2777 5633 2741 5634 2741 5635 2777 5636 2776 5637 2741 5638 2776 5638 2726 5638 2726 5639 2776 5640 2775 5641 2726 5642 2775 5643 2727 5644 2727 5645 2775 5646 2774 5647 2727 5648 2774 5649 2728 5650 2728 5651 2774 5652 2773 5653 2728 5654 2773 5655 2729 5656 2729 5657 2773 5658 2772 5659 2729 5660 2772 5661 2722 5662 2722 5663 2772 5664 2769 5665 2722 5666 2769 5666 2721 5666 2721 5667 2769 5667 2768 5667 2721 5506 2768 5506 2720 5506 2720 5507 2768 5507 2767 5507 2720 5668 2767 5669 2719 5670 2719 5671 2767 5672 2762 5673 2719 5674 2762 5675 2718 5676 2718 5677 2762 5678 2763 5679 2718 5680 2763 5681 2717 5682 2717 5683 2763 5684 2764 5685 2717 5686 2764 5686 2716 5686 2716 5687 2764 5687 2765 5687 2716 5688 2765 5689 2715 5690 2715 5691 2765 5692 2766 5693 2715 5694 2766 5695 2713 5696 2713 5697 2766 5698 2770 5699 2713 5700 2770 5701 2712 5702 2712 5703 2770 5704 2771 5705 2712 5706 2771 5707 2553 5708 2553 5709 2771 5710 2554 5711 2405 5712 2406 5712 2443 5712 2443 5713 2406 5714 2705 5715 2443 5716 2705 5717 2440 5718 2440 5719 2705 5720 2704 5721 2440 5722 2704 5723 2441 5724 2441 5725 2704 5726 2703 5727 2441 5728 2703 5729 2442 5730 2442 5731 2703 5732 2702 5733 2442 5734 2702 5734 2427 5734 2427 5735 2702 5736 2706 5737 2427 5738 2706 5739 2428 5740 2428 5741 2706 5742 2708 5743 2428 5744 2708 5744 2430 5744 2430 5745 2708 5745 2446 5745 1589 5746 1613 5746 2707 5746 2707 5747 1613 5747 2670 5747 2707 5748 2670 5748 2339 5748 2339 5749 2670 5749 2340 5749 2779 5750 2780 5750 2781 5750 2781 5751 2780 5751 2782 5751 2783 826 2784 826 2780 826 2785 5752 2786 5752 2787 5752 2780 5753 2788 5753 2789 5753 2780 5754 2784 5754 2790 5754 2790 5755 2784 5755 2791 5755 2790 5756 2791 5756 2792 5756 2789 826 2793 826 2780 826 2780 5757 2793 5757 2794 5757 2780 5758 2794 5758 2795 5758 2795 826 2796 826 2780 826 2780 5759 2796 5759 2797 5759 2780 5760 2797 5760 2783 5760 2786 5761 2798 5761 2787 5761 2787 5762 2798 5762 2799 5762 2787 5763 2799 5763 2800 5763 2801 826 2802 826 2779 826 2779 5764 2802 5764 2803 5764 2779 5765 2803 5765 2780 5765 2780 5766 2803 5766 2804 5766 2780 5767 2804 5767 2805 5767 2800 5768 2806 5768 2807 5768 2808 5769 2809 5769 2779 5769 2779 5770 2809 5770 2810 5770 2779 5771 2810 5771 2811 5771 2792 826 2812 826 2790 826 2790 5772 2812 5772 2813 5772 2790 5773 2813 5773 2814 5773 2814 826 2815 826 2790 826 2790 5774 2815 5774 2816 5774 2790 5775 2816 5775 2817 5775 2818 5776 2819 5776 2805 5776 2805 5777 2819 5777 2820 5777 2805 5778 2820 5778 2821 5778 2822 826 2823 826 2787 826 2787 5779 2823 5779 2824 5779 2824 826 2825 826 2787 826 2787 5780 2825 5780 2826 5780 2787 826 2826 826 2779 826 2779 5781 2826 5781 2827 5781 2779 5782 2827 5782 2808 5782 2818 5783 2828 5783 2819 5783 2819 5784 2828 5784 2829 5784 2819 826 2829 826 2830 826 2830 5785 2829 5785 2831 5785 2830 5786 2831 5786 2832 5786 2821 826 2833 826 2805 826 2805 5787 2833 5787 2834 5787 2805 5788 2834 5788 2780 5788 2780 5789 2834 5789 2835 5789 2780 5790 2835 5790 2788 5790 2807 5791 2836 5791 2800 5791 2800 5792 2836 5792 2837 5792 2800 5793 2837 5793 2838 5793 2811 826 2839 826 2779 826 2779 5794 2839 5794 2840 5794 2779 5795 2840 5795 2801 5795 2817 826 2841 826 2790 826 2790 5796 2841 5796 2842 5796 2790 826 2842 826 2787 826 2787 5797 2842 5797 2843 5797 2787 5798 2843 5798 2844 5798 2844 5799 2845 5799 2787 5799 2787 5800 2845 5800 2846 5800 2787 5801 2846 5801 2785 5801 2806 826 2800 826 2832 826 2832 826 2800 826 2847 826 2832 5802 2847 5802 2830 5802 2838 5803 2848 5803 2800 5803 2800 5804 2848 5804 2849 5804 2800 5805 2849 5805 2787 5805 2787 5806 2849 5806 2850 5806 2787 5807 2850 5807 2851 5807 2851 826 2852 826 2787 826 2787 5808 2852 5808 2853 5808 2787 5809 2853 5809 2854 5809 2854 826 2855 826 2787 826 2787 5810 2855 5810 2856 5810 2787 5811 2856 5811 2822 5811 2857 5812 2858 5812 2787 5812 2787 5813 2858 5813 2790 5813 2859 5814 2860 5814 2858 5814 2858 5815 2860 5815 2861 5815 2862 801 2863 801 2781 801 2781 5816 2863 5816 2864 5816 2865 801 2866 801 2867 801 2868 5817 2869 5817 2858 5817 2865 5818 2858 5818 2870 5818 2870 5819 2858 5819 2871 5819 2869 801 2872 801 2858 801 2858 5820 2872 5820 2873 5820 2858 5821 2873 5821 2871 5821 2861 801 2874 801 2858 801 2858 5822 2874 5822 2875 5822 2858 801 2875 801 2782 801 2782 5823 2875 5823 2876 5823 2877 801 2878 801 2879 801 2879 5824 2878 5824 2880 5824 2881 801 2882 801 2857 801 2857 5825 2882 5825 2883 5825 2857 5826 2883 5826 2884 5826 2884 5827 2885 5827 2857 5827 2857 5828 2885 5828 2886 5828 2857 5829 2886 5829 2887 5829 2888 801 2889 801 2858 801 2858 5830 2889 5830 2890 5830 2858 5831 2890 5831 2891 5831 2891 5832 2892 5832 2858 5832 2858 5833 2892 5833 2893 5833 2858 5834 2893 5834 2859 5834 2876 801 2894 801 2782 801 2782 5835 2894 5835 2895 5835 2782 5836 2895 5836 2896 5836 2897 5837 2898 5837 2781 5837 2781 5838 2898 5838 2899 5838 2781 5839 2899 5839 2879 5839 2864 801 2900 801 2781 801 2781 5840 2900 5840 2901 5840 2781 5841 2901 5841 2857 5841 2857 5842 2901 5842 2902 5842 2857 5843 2902 5843 2881 5843 2867 801 2903 801 2865 801 2865 801 2903 801 2904 801 2865 5844 2904 5844 2905 5844 2782 5845 2906 5845 2781 5845 2781 5846 2906 5846 2907 5846 2781 5847 2907 5847 2897 5847 2866 801 2865 801 2908 801 2908 801 2865 801 2909 801 2908 801 2909 801 2877 801 2877 5848 2909 5848 2910 5848 2877 5849 2910 5849 2878 5849 2880 5850 2911 5850 2879 5850 2879 5851 2911 5851 2912 5851 2879 801 2912 801 2781 801 2781 5852 2912 5852 2913 5852 2781 5853 2913 5853 2914 5853 2887 5854 2915 5854 2857 5854 2857 5855 2915 5855 2916 5855 2857 801 2916 801 2858 801 2858 5856 2916 5856 2917 5856 2858 5857 2917 5857 2868 5857 2905 5858 2918 5858 2865 5858 2865 5859 2918 5859 2919 5859 2865 5860 2919 5860 2858 5860 2858 5861 2919 5861 2920 5861 2858 5862 2920 5862 2888 5862 2896 801 2921 801 2782 801 2782 5863 2921 5863 2922 5863 2782 5864 2922 5864 2923 5864 2923 801 2924 801 2782 801 2782 5865 2924 5865 2925 5865 2782 5866 2925 5866 2906 5866 2914 5867 2926 5867 2781 5867 2781 5868 2926 5868 2927 5868 2781 5869 2927 5869 2928 5869 2928 801 2929 801 2781 801 2781 5870 2929 5870 2930 5870 2781 5871 2930 5871 2862 5871 2790 5872 2858 5872 2780 5872 2780 5873 2858 5873 2782 5873 2886 5874 2854 5875 2887 5876 2887 5877 2854 5878 2853 5879 2887 5880 2853 5880 2915 5880 2915 5881 2853 5881 2852 5881 2915 5882 2852 5883 2916 5884 2916 5885 2852 5886 2851 5887 2916 5888 2851 5889 2917 5890 2917 5891 2851 5892 2850 5893 2917 5894 2850 5895 2868 5896 2868 5897 2850 5898 2849 5899 2868 5900 2849 5900 2869 5900 2869 5900 2849 5900 2848 5900 2869 5901 2848 5902 2872 5903 2872 5904 2848 5904 2838 5904 2872 5905 2838 5906 2873 5907 2873 5908 2838 5909 2837 5910 2873 5911 2837 5911 2871 5911 2871 5911 2837 5911 2836 5911 2871 5912 2836 5913 2870 5914 2870 5915 2836 5916 2807 5917 2870 5918 2807 5919 2865 5920 2865 5921 2807 5922 2806 5923 2865 5924 2806 5925 2909 5926 2909 5927 2806 5928 2832 5929 2909 5930 2832 5931 2910 5932 2910 5933 2832 5934 2831 5935 2910 5936 2831 5937 2878 5938 2878 5939 2831 5940 2829 5941 2878 5942 2829 5943 2880 5944 2880 5945 2829 5946 2828 5947 2880 5948 2828 5949 2911 5950 2911 5951 2828 5952 2818 5953 2911 5954 2818 5954 2912 5954 2912 5955 2818 5956 2805 5957 2912 5958 2805 5958 2913 5958 2913 5958 2805 5958 2804 5958 2913 5959 2804 5960 2914 5961 2914 5962 2804 5963 2803 5964 2914 5965 2803 5966 2926 5967 2926 5968 2803 5968 2802 5968 2926 5969 2802 5970 2927 5971 2927 5972 2802 5973 2801 5974 2927 5975 2801 5976 2928 5977 2928 5978 2801 5979 2840 5980 2928 5981 2840 5982 2929 5983 2929 5984 2840 5985 2839 5986 2929 5987 2839 5988 2930 5989 2930 5990 2839 5990 2811 5990 2930 5991 2811 5991 2862 5991 2862 5992 2811 5993 2810 5994 2862 5995 2810 5996 2863 5997 2863 5998 2810 5999 2809 6000 2863 6001 2809 6002 2864 6003 2864 6004 2809 6005 2808 6006 2864 6007 2808 6008 2900 6009 2900 6010 2808 6011 2827 6012 2900 6013 2827 6014 2901 6015 2901 6016 2827 6017 2826 6018 2901 6019 2826 6020 2902 6021 2902 6022 2826 6023 2825 6024 2902 6025 2825 6026 2881 6027 2881 6028 2825 6029 2824 6030 2881 6031 2824 6032 2882 6033 2882 6034 2824 6035 2823 6036 2882 6037 2823 6038 2883 6039 2883 6040 2823 6040 2822 6040 2883 6041 2822 6041 2884 6041 2884 6042 2822 6043 2856 6044 2884 6045 2856 6046 2885 6047 2885 6048 2856 6049 2855 6050 2885 6051 2855 6051 2886 6051 2886 6051 2855 6051 2854 6051 2920 6052 2844 6053 2888 6054 2888 6055 2844 6056 2843 6057 2888 6058 2843 6058 2889 6058 2889 6059 2843 6059 2842 6059 2889 6060 2842 6061 2890 6062 2890 6063 2842 6064 2841 6065 2890 6066 2841 6067 2891 6068 2891 6069 2841 6070 2817 6071 2891 6072 2817 6073 2892 6074 2892 6075 2817 6076 2816 6077 2892 5900 2816 5900 2893 5900 2893 5900 2816 5900 2815 5900 2893 6078 2815 6079 2859 6080 2859 6081 2815 6082 2814 6083 2859 6084 2814 6085 2860 6086 2860 6087 2814 6088 2813 6089 2860 5911 2813 5911 2861 5911 2861 5911 2813 5911 2812 5911 2861 6090 2812 6091 2874 6092 2874 6093 2812 6094 2792 6095 2874 6096 2792 6096 2875 6096 2875 6097 2792 6097 2791 6097 2875 6098 2791 6099 2876 6100 2876 6101 2791 6102 2784 6103 2876 6104 2784 6105 2894 6106 2894 6107 2784 6108 2783 6109 2894 6110 2783 6111 2895 6112 2895 6113 2783 6114 2797 6115 2895 6116 2797 6116 2896 6116 2896 6117 2797 6118 2796 6119 2896 6120 2796 6121 2921 6122 2921 6123 2796 6124 2795 6125 2921 6126 2795 6127 2922 6128 2922 6129 2795 6130 2794 6131 2922 6132 2794 6133 2923 6134 2923 6135 2794 6136 2793 6137 2923 6138 2793 6139 2924 6140 2924 6141 2793 6142 2789 6143 2924 6144 2789 6144 2925 6144 2925 6144 2789 6144 2788 6144 2925 6145 2788 6146 2906 6147 2906 6148 2788 6149 2835 6150 2906 6151 2835 6152 2907 6153 2907 6154 2835 6155 2834 6156 2907 6157 2834 6158 2897 6159 2897 6160 2834 6161 2833 6162 2897 6163 2833 6163 2898 6163 2898 6164 2833 6164 2821 6164 2898 6165 2821 6166 2899 6167 2899 6168 2821 5993 2820 6169 2899 6170 2820 6171 2879 6172 2879 6173 2820 6174 2819 6175 2879 6176 2819 6176 2877 6176 2877 6176 2819 6176 2830 6176 2877 6177 2830 6178 2908 6179 2908 6180 2830 6181 2847 6182 2908 6183 2847 6183 2866 6183 2866 6184 2847 6185 2800 6186 2866 6187 2800 6188 2867 6189 2867 6190 2800 6191 2799 6192 2867 6193 2799 6194 2903 6195 2903 6196 2799 6197 2798 6198 2903 6199 2798 6199 2904 6199 2904 6200 2798 6201 2786 6202 2904 6203 2786 6203 2905 6203 2905 6203 2786 6203 2785 6203 2905 6204 2785 6205 2918 6206 2918 6207 2785 6208 2846 6209 2918 6210 2846 6211 2919 6047 2919 6212 2846 6213 2845 6214 2919 6051 2845 6051 2920 6051 2920 6215 2845 6215 2844 6215 2931 6216 2781 6217 2857 6218 2857 6219 2932 6220 2931 6221 2931 6222 2932 6223 2933 6224 2931 6225 2933 6226 2934 6227 2935 6228 2936 6229 2934 6228 2934 6230 2936 6231 2937 6232 2934 6233 2937 6234 2931 6235 2935 6236 2938 6237 2936 6238 2936 6239 2938 6240 2939 6241 2936 6242 2939 6243 2940 6244 2940 6245 2939 6246 2941 6247 2939 6248 2942 6249 2941 6250 2941 6251 2942 6252 2943 6253 2941 6254 2943 6255 2944 6256 2944 6257 2943 6258 2945 6259 2943 6260 2946 6261 2945 6261 2945 6262 2946 6263 2947 6264 2945 6265 2947 6265 2948 6265 2948 6266 2947 6267 2949 6268 2947 6269 2950 6270 2949 6271 2949 6272 2950 6273 2951 6274 2949 6275 2951 6276 2952 6277 2951 6278 2953 6279 2952 6280 2952 6281 2953 6282 2954 6283 2952 6284 2954 6285 2955 6286 2954 6287 2956 6287 2955 6287 2955 6288 2956 6289 2957 6290 2955 6291 2957 6292 2958 6293 2958 6294 2957 6295 2959 6296 2959 6297 2960 6298 2958 6299 2958 6300 2960 6301 2239 6302 2958 6303 2239 6303 2240 6303 2779 6304 2781 6305 2961 6306 2961 6307 2781 6308 2931 6309 2961 6310 2931 6311 2962 6312 2962 6313 2931 6314 2937 6315 2962 6316 2937 6317 2963 6318 2963 6319 2937 6320 2936 6321 2963 6322 2936 6323 2964 6324 2964 6325 2936 6326 2965 6327 2965 6328 2936 6329 2940 6330 2965 6331 2940 6332 2966 6333 2966 6334 2940 6335 2941 6336 2966 6337 2941 6338 2967 6339 2967 6340 2941 6341 2944 6342 2967 6343 2944 6344 2968 6345 2968 6346 2944 6347 2945 6348 2968 6349 2945 6350 2969 6351 2969 6352 2945 6353 2948 6354 2969 6355 2948 6356 2970 6357 2970 6358 2948 6359 2949 6360 2970 6361 2949 6362 2971 6363 2971 6364 2949 6365 2972 6366 2972 6367 2949 6368 2952 6369 2972 6370 2952 6371 2973 6372 2973 6373 2952 6374 2974 6375 2974 6376 2952 6377 2955 6378 2974 6379 2955 6380 2975 6381 2975 6382 2955 6383 2976 6384 2976 6385 2955 6386 2958 6387 2976 6388 2958 6389 2977 6390 2977 6391 2958 6392 2978 6393 2978 6394 2958 6394 2240 6394 2978 6395 2240 6396 2237 6397 2979 6398 2980 6399 2938 6400 2981 6401 2982 6402 2943 6403 2983 6404 2984 6405 2959 6406 2959 6407 2984 6408 2985 6409 2959 6410 2985 6411 2960 6412 2960 6413 2985 6414 2238 6415 2960 6416 2238 6417 2239 6418 2959 6419 2957 6420 2983 6421 2983 6422 2957 6423 2956 6424 2983 6425 2956 6426 2986 6427 2986 6428 2956 6429 2954 6430 2954 6431 2953 6432 2986 6433 2986 6434 2953 6435 2951 6436 2986 6437 2951 6438 2987 6439 2951 6440 2950 6441 2987 6442 2987 6443 2950 6444 2947 6445 2987 6446 2947 6446 2982 6446 2982 6447 2947 6448 2946 6449 2982 6450 2946 6451 2943 6452 2981 6453 2943 6454 2988 6455 2988 6456 2943 6457 2942 6458 2988 6459 2942 6460 2939 6461 2938 6462 2980 6463 2939 6464 2939 6465 2980 6466 2989 6467 2939 6468 2989 6469 2988 6470 2857 6471 2787 6472 2932 6473 2932 6474 2787 6475 2990 6476 2932 6477 2990 6478 2933 6479 2933 6480 2990 6481 2991 6482 2933 6483 2991 6484 2934 6485 2934 6486 2991 6487 2979 6488 2934 6489 2979 6490 2935 6491 2935 6492 2979 6493 2938 6494 2964 6495 2980 6496 2979 6497 2787 6498 2779 6499 2990 6500 2990 6501 2779 6502 2961 6503 2990 6504 2961 6505 2991 6506 2991 6507 2961 6508 2962 6509 2991 6510 2962 6511 2979 6512 2979 6513 2962 6514 2963 6515 2979 6516 2963 6516 2964 6517 2980 6518 2964 6519 2989 6520 2989 6521 2964 6522 2965 6523 2989 6524 2965 6525 2988 6526 2988 6527 2965 6528 2966 6529 2988 6530 2966 6531 2981 6532 2981 6533 2966 6534 2967 6535 2981 6536 2967 6537 2982 6538 2982 6539 2967 6540 2968 6541 2982 6542 2968 6542 2987 6542 2968 6543 2969 6544 2987 6545 2987 6546 2969 6547 2970 6548 2987 6549 2970 6549 2986 6550 2970 6551 2971 6552 2986 6553 2986 6554 2971 6555 2972 6556 2986 6557 2972 6558 2983 6559 2972 6560 2973 6560 2983 6560 2983 6561 2973 6562 2974 6563 2983 6564 2974 6565 2984 6566 2974 6567 2975 6568 2984 6569 2984 6570 2975 6571 2976 6572 2984 6573 2976 6574 2985 6575 2985 6576 2976 6577 2977 6578 2977 6579 2978 6580 2985 6581 2985 6582 2978 6583 2237 6584 2985 6585 2237 6586 2238 6587</p>
        </triangles>
      </mesh>
    </geometry>
  </library_geometries>
  <library_visual_scenes>
    <visual_scene id="Scene" name="Scene">
      <node id="Camera" name="Camera" type="NODE">
        <matrix sid="transform">0.6859207 -0.3240135 0.6515582 7.358891 0.7276763 0.3054209 -0.6141704 -6.925791 -4.01133e-9 0.8953956 0.4452714 4.958309 0 0 0 1</matrix>
        <instance_camera url="#Camera-camera"/>
      </node>
      <node id="Camera_001" name="Camera.001" type="NODE">
        <matrix sid="transform">0.6859207 -0.3240135 0.6515582 7.358891 0.7276763 0.3054209 -0.6141704 -6.925791 -4.01133e-9 0.8953956 0.4452714 4.958309 0 0 0 1</matrix>
        <instance_camera url="#Camera_001-camera"/>
      </node>
      <node id="Light" name="Light" type="NODE">
        <matrix sid="transform">-0.2908646 -0.7711007 0.5663934 4.076245 0.9551712 -0.1998832 0.2183914 1.005454 -0.05518918 0.6045248 0.7946723 5.903862 0 0 0 1</matrix>
        <instance_light url="#Light-light"/>
      </node>
      <node id="Light_002" name="Light.002" type="NODE">
        <matrix sid="transform">-0.2908646 -0.7711006 0.5663934 4.076245 0.9551712 -0.1998832 0.2183914 1.005454 -0.0551892 0.6045249 0.7946722 5.903862 0 0 0 1</matrix>
        <instance_light url="#Light_002-light"/>
      </node>
      <node id="Camera_002" name="Camera.002" type="NODE">
        <matrix sid="transform">0.6859207 -0.3240135 0.6515582 7.358891 0.7276763 0.3054209 -0.6141704 -6.925791 -4.01133e-9 0.8953956 0.4452714 4.958309 0 0 0 1</matrix>
        <instance_camera url="#Camera_002-camera"/>
      </node>
      <node id="Light_001" name="Light.001" type="NODE">
        <matrix sid="transform">-0.2908646 -0.7711006 0.5663934 4.076245 0.9551712 -0.1998832 0.2183914 1.005454 -0.0551892 0.6045249 0.7946722 5.903862 0 0 0 1</matrix>
        <instance_light url="#Light_001-light"/>
      </node>
      <node id="Camera_003" name="Camera.003" type="NODE">
        <matrix sid="transform">0.6859207 -0.3240135 0.6515582 7.358891 0.7276763 0.3054209 -0.6141704 -6.925791 -4.01133e-9 0.8953956 0.4452714 4.958309 0 0 0 1</matrix>
        <instance_camera url="#Camera_003-camera"/>
      </node>
      <node id="Camera_004" name="Camera.004" type="NODE">
        <matrix sid="transform">0.6859207 -0.3240135 0.6515582 7.358891 0.7276763 0.3054209 -0.6141704 -6.925791 -4.01133e-9 0.8953956 0.4452714 4.958309 0 0 0 1</matrix>
        <instance_camera url="#Camera_004-camera"/>
      </node>
      <node id="Light_003" name="Light.003" type="NODE">
        <matrix sid="transform">-0.2908646 -0.7711007 0.5663934 4.076245 0.9551712 -0.1998832 0.2183914 1.005454 -0.05518918 0.6045248 0.7946723 5.903862 0 0 0 1</matrix>
        <instance_light url="#Light_003-light"/>
      </node>
      <node id="calf_dyn" name="calf_dyn" type="NODE">
        <matrix sid="transform">-1 8.74228e-8 0 0 -8.74228e-8 -1 0 0 0 0 1 0 0 0 0 1</matrix>
        <instance_geometry url="#calf_dyn-mesh" name="calf_dyn"/>
      </node>
    </visual_scene>
  </library_visual_scenes>
  <scene>
    <instance_visual_scene url="#Scene"/>
  </scene>
</COLLADA>